INSERT INTO public.material_educativos (id, nombre, asset_url, created_at, updated_at) VALUES (1, 'Matemáticas Básicas', 'https://encrypted-tbn0.gstatic.com/images?q=tbn:ANd9GcSeYd11X1e8qkUMW1rjd2vlUaJWQme07bBAQg&s', '2024-10-12 21:10:06.904', '2024-10-12 21:57:19.131') ON CONFLICT DO NOTHING;
INSERT INTO public.material_educativos (id, nombre, asset_url, created_at, updated_at) VALUES (2, 'Historia Universal', 'https://portalacademico.cch.unam.mx/sites/default/files/portadas/2019-07/HistoriaUniversal1-Portada.jpg', '2024-10-12 21:10:06.904', '2024-10-12 21:57:19.131') ON CONFLICT DO NOTHING;
INSERT INTO public.material_educativos (id, nombre, asset_url, created_at, updated_at) VALUES (3, 'Ciencias Naturales', 'https://i.pinimg.com/736x/e0/00/54/e00054f82b19f9a0975795cbe9e28a43.jpg', '2024-10-12 21:10:06.904', '2024-10-12 21:57:19.131') ON CONFLICT DO NOTHING;
INSERT INTO public.material_educativos (id, nombre, asset_url, created_at, updated_at) VALUES (4, 'Literatura Clásica', 'https://literatinn.com/wp-content/uploads/2024/03/literatura-clasica-.jpg', '2024-10-12 21:10:06.904', '2024-10-12 21:57:19.131') ON CONFLICT DO NOTHING;
INSERT INTO public.material_educativos (id, nombre, asset_url, created_at, updated_at) VALUES (5, 'Química para Principiantes', 'https://media.tutellus.com/libraries/77/53/lib/1466688196879_43.jpg?size=854x493s&ext=jpg', '2024-10-12 21:10:06.904', '2024-10-12 21:57:19.131') ON CONFLICT DO NOTHING;
INSERT INTO public.material_educativos (id, nombre, asset_url, created_at, updated_at) VALUES (6, 'Física Moderna', 'https://assets.isu.pub/document-structure/230119192306-a42e5d742c5b08f8d59c21226a2abf81/v1/2e6fddaf051ba65273859ee3d2630dd8.jpeg', '2024-10-12 21:10:06.904', '2024-10-12 21:57:19.131') ON CONFLICT DO NOTHING;
INSERT INTO public.material_educativos (id, nombre, asset_url, created_at, updated_at) VALUES (7, 'Geografía del Mundo', 'https://encrypted-tbn0.gstatic.com/images?q=tbn:ANd9GcRZtpzjRf-dvkf5z9yOShQvhcpGeHLtVjFBfA&s', '2024-10-12 21:10:06.904', '2024-10-12 21:57:19.131') ON CONFLICT DO NOTHING;
INSERT INTO public.material_educativos (id, nombre, asset_url, created_at, updated_at) VALUES (8, 'Arte y Cultura', 'https://www.diariodepalenque.com.mx/wp-content/uploads/2017/01/mexico-debe-apostar-arte-cultura.jpg', '2024-10-12 21:10:06.904', '2024-10-12 21:57:19.131') ON CONFLICT DO NOTHING;
INSERT INTO public.material_educativos (id, nombre, asset_url, created_at, updated_at) VALUES (9, 'Educación Cívica', 'https://i.ytimg.com/vi/ZZ7RQYXT_Ow/maxresdefault.jpg', '2024-10-12 21:10:06.904', '2024-10-12 21:57:19.131') ON CONFLICT DO NOTHING;
INSERT INTO public.material_educativos (id, nombre, asset_url, created_at, updated_at) VALUES (10, 'Tecnología en el Aula', 'https://encrypted-tbn0.gstatic.com/images?q=tbn:ANd9GcSkhrO36F-kSmAzn54ineOYMzzQSUGNDqOpJg&s', '2024-10-12 21:10:06.904', '2024-10-12 21:57:19.131') ON CONFLICT DO NOTHING;
INSERT INTO public.material_educativos (id, nombre, asset_url, created_at, updated_at) VALUES (11, 'Desarrollo Personal', 'https://encrypted-tbn0.gstatic.com/images?q=tbn:ANd9GcR08v1ZV_zAMa1XRs6tMsz8AwEI7B3KNKRAPQ&s', '2024-10-12 21:10:06.904', '2024-10-12 21:57:19.131') ON CONFLICT DO NOTHING;
INSERT INTO public.material_educativos (id, nombre, asset_url, created_at, updated_at) VALUES (12, 'Programación para Niños', 'https://i.ytimg.com/vi/VZe9tjqa9xw/maxresdefault.jpg', '2024-10-12 21:10:06.904', '2024-10-12 21:57:19.131') ON CONFLICT DO NOTHING;
INSERT INTO public.material_educativos (id, nombre, asset_url, created_at, updated_at) VALUES (13, 'Música y Matemáticas', 'https://encrypted-tbn0.gstatic.com/images?q=tbn:ANd9GcTPyUAmXzT8cqlCUHYaDpOqorxakl89Zxcxcw&s', '2024-10-12 21:10:06.904', '2024-10-12 21:57:19.131') ON CONFLICT DO NOTHING;
INSERT INTO public.material_educativos (id, nombre, asset_url, created_at, updated_at) VALUES (14, 'Educación Financiera', 'https://encrypted-tbn0.gstatic.com/images?q=tbn:ANd9GcRdhLSwO_pSAnqJlR9Ho-7NFDQ25-E7kgGyig&s', '2024-10-12 21:10:06.904', '2024-10-12 21:57:19.131') ON CONFLICT DO NOTHING;
INSERT INTO public.material_educativos (id, nombre, asset_url, created_at, updated_at) VALUES (15, 'Ética y Valores', 'https://encrypted-tbn0.gstatic.com/images?q=tbn:ANd9GcSQdcv35mwrDY4fgFaowzSvIPDOSD6Vjk6OOQ&s', '2024-10-12 21:10:06.904', '2024-10-12 21:57:19.131') ON CONFLICT DO NOTHING;
INSERT INTO public.material_educativos (id, nombre, asset_url, created_at, updated_at) VALUES (16, 'Biología Evolutiva', 'https://i0.wp.com/ensedeciencia.com/wp-content/uploads/2024/06/Copia-de-Copia-de-Ciencia-goog-P-2024-06-29T153738.433.jpg', '2024-10-12 21:10:06.904', '2024-10-12 21:57:19.131') ON CONFLICT DO NOTHING;
INSERT INTO public.material_educativos (id, nombre, asset_url, created_at, updated_at) VALUES (17, 'Introducción a la Filosofía', 'https://i.ytimg.com/vi/zAcTFBDgJNM/maxresdefault.jpg', '2024-10-12 21:10:06.904', '2024-10-12 21:57:19.131') ON CONFLICT DO NOTHING;
INSERT INTO public.material_educativos (id, nombre, asset_url, created_at, updated_at) VALUES (18, 'Matemáticas Avanzadas', 'https://teachlr.com/content/images/covers/SfPo5JoLqeNmfJTUttOtVl7Pl84qfJ0knldnVsYxzlD06mrm1K9EMlADCFazQoKTBta-506x285.jpg', '2024-10-12 21:10:06.904', '2024-10-12 21:57:19.131') ON CONFLICT DO NOTHING;
INSERT INTO public.material_educativos (id, nombre, asset_url, created_at, updated_at) VALUES (19, 'Inglés Básico', 'https://aglobalestudios.com/wp-content/uploads/2022/09/curso_ingles_basico.jpg', '2024-10-12 21:10:06.904', '2024-10-12 21:57:19.131') ON CONFLICT DO NOTHING;
INSERT INTO public.material_educativos (id, nombre, asset_url, created_at, updated_at) VALUES (20, 'Ciencias Sociales', 'https://encrypted-tbn0.gstatic.com/images?q=tbn:ANd9GcQYd8ZlY1G9QvdcEkXkQ3aMQCLU7uu33KIk8A&s', '2024-10-12 21:10:06.904', '2024-10-12 21:57:19.131') ON CONFLICT DO NOTHING;
INSERT INTO public.material_educativos (id, nombre, asset_url, created_at, updated_at) VALUES (21, 'Habilidades de Estudio', 'https://encrypted-tbn0.gstatic.com/images?q=tbn:ANd9GcSCpB-1jXkcKZ73rD-PvibfT_XO-W7Rk1vxZA&s', '2024-10-12 21:10:06.904', '2024-10-12 21:57:19.131') ON CONFLICT DO NOTHING;
INSERT INTO public.material_educativos (id, nombre, asset_url, created_at, updated_at) VALUES (22, 'Ética Profesional', 'https://encrypted-tbn0.gstatic.com/images?q=tbn:ANd9GcSUjQpCjpsYCuplQEfDcO1DrBf12PIs--Q0gg&s', '2024-10-12 21:10:06.904', '2024-10-12 21:57:19.131') ON CONFLICT DO NOTHING;
INSERT INTO public.material_educativos (id, nombre, asset_url, created_at, updated_at) VALUES (23, 'Literatura Contemporánea', 'https://humanidades.com/wp-content/uploads/2017/05/literatura-contemporanea-2-e1569630727560.jpg', '2024-10-12 21:10:06.904', '2024-10-12 21:57:19.131') ON CONFLICT DO NOTHING;
INSERT INTO public.material_educativos (id, nombre, asset_url, created_at, updated_at) VALUES (24, 'Cálculo Diferencial', 'https://i.ytimg.com/vi/mES3Fzul3Ss/maxresdefault.jpg', '2024-10-12 21:10:06.904', '2024-10-12 21:57:19.131') ON CONFLICT DO NOTHING;
INSERT INTO public.material_educativos (id, nombre, asset_url, created_at, updated_at) VALUES (25, 'Robótica Educativa', 'https://www.aulaplaneta.com/sites/default/files/styles/article_detail/public/articles/images/shutterstock_648053119.jpeg?itok=AOezwjq7', '2024-10-12 21:10:06.904', '2024-10-12 21:57:19.131') ON CONFLICT DO NOTHING;
INSERT INTO public.material_educativos (id, nombre, asset_url, created_at, updated_at) VALUES (26, 'Astronomía para Todos', 'https://encrypted-tbn0.gstatic.com/images?q=tbn:ANd9GcQsFjg-jC8YIYJpCQh8uoCeaguVYfl29yQj8Q&s', '2024-10-12 21:10:06.904', '2024-10-12 21:57:19.131') ON CONFLICT DO NOTHING;
INSERT INTO public.material_educativos (id, nombre, asset_url, created_at, updated_at) VALUES (27, 'Cuidado del Medio Ambiente', 'https://encrypted-tbn0.gstatic.com/images?q=tbn:ANd9GcRjdkebZ29Pgb0ZUpO-uyy_rMqm24Ezz88FEA&s', '2024-10-12 21:10:06.904', '2024-10-12 21:57:19.131') ON CONFLICT DO NOTHING;
INSERT INTO public.material_educativos (id, nombre, asset_url, created_at, updated_at) VALUES (28, 'Desarrollo de Aplicaciones', 'https://encrypted-tbn0.gstatic.com/images?q=tbn:ANd9GcQgM8OlieanZ5Oc5ez4h7myWgR5P2M8xhN3Gw&s', '2024-10-12 21:10:06.904', '2024-10-12 21:57:19.131') ON CONFLICT DO NOTHING;
INSERT INTO public.material_educativos (id, nombre, asset_url, created_at, updated_at) VALUES (29, 'Comunicaciones Efectivas', 'https://cdn.prod.website-files.com/608aa9c186d01effa385942e/61ae859b9679e33903c7fd25_Que%20es%20la%20comunicacion%20efectiva%20simla.png', '2024-10-12 21:10:06.904', '2024-10-12 21:57:19.131') ON CONFLICT DO NOTHING;
INSERT INTO public.material_educativos (id, nombre, asset_url, created_at, updated_at) VALUES (30, 'Proyectos de Investigación', 'https://encrypted-tbn0.gstatic.com/images?q=tbn:ANd9GcSyia0ul_KYnbCkuBtEI_48xy0YwkYCN-z5Bw&s', '2024-10-12 21:10:06.904', '2024-10-12 21:57:19.131') ON CONFLICT DO NOTHING;

INSERT INTO public.suscripciones (id, tipo) VALUES (1, 'Basic') ON CONFLICT DO NOTHING;
INSERT INTO public.suscripciones (id, tipo) VALUES (2, 'Por asesoría') ON CONFLICT DO NOTHING;
INSERT INTO public.suscripciones (id, tipo) VALUES (3, 'Full') ON CONFLICT DO NOTHING;
INSERT INTO public.suscripciones (id, tipo) VALUES (4, 'Full+') ON CONFLICT DO NOTHING;

INSERT INTO public.sectores (id, name) VALUES (1, 'Primaria') ON CONFLICT DO NOTHING;
INSERT INTO public.sectores (id, name) VALUES (2, 'Secundaria') ON CONFLICT DO NOTHING;

INSERT INTO public.especialidades (id, especialidad, created_at, updated_at) VALUES (1, 'Medicina', '2024-10-12 21:10:05.395', '2024-10-12 21:10:05.395') ON CONFLICT DO NOTHING;
INSERT INTO public.especialidades (id, especialidad, created_at, updated_at) VALUES (2, 'Ingeniería Civil', '2024-10-12 21:10:05.395', '2024-10-12 21:10:05.395') ON CONFLICT DO NOTHING;
INSERT INTO public.especialidades (id, especialidad, created_at, updated_at) VALUES (3, 'Arquitectura', '2024-10-12 21:10:05.395', '2024-10-12 21:10:05.395') ON CONFLICT DO NOTHING;
INSERT INTO public.especialidades (id, especialidad, created_at, updated_at) VALUES (4, 'Derecho', '2024-10-12 21:10:05.395', '2024-10-12 21:10:05.395') ON CONFLICT DO NOTHING;
INSERT INTO public.especialidades (id, especialidad, created_at, updated_at) VALUES (5, 'Psicología', '2024-10-12 21:10:05.395', '2024-10-12 21:10:05.395') ON CONFLICT DO NOTHING;
INSERT INTO public.especialidades (id, especialidad, created_at, updated_at) VALUES (6, 'Ciencias de la Computación', '2024-10-12 21:10:05.395', '2024-10-12 21:10:05.395') ON CONFLICT DO NOTHING;
INSERT INTO public.especialidades (id, especialidad, created_at, updated_at) VALUES (7, 'Biología', '2024-10-12 21:10:05.395', '2024-10-12 21:10:05.395') ON CONFLICT DO NOTHING;
INSERT INTO public.especialidades (id, especialidad, created_at, updated_at) VALUES (8, 'Química', '2024-10-12 21:10:05.395', '2024-10-12 21:10:05.395') ON CONFLICT DO NOTHING;
INSERT INTO public.especialidades (id, especialidad, created_at, updated_at) VALUES (9, 'Física', '2024-10-12 21:10:05.395', '2024-10-12 21:10:05.395') ON CONFLICT DO NOTHING;
INSERT INTO public.especialidades (id, especialidad, created_at, updated_at) VALUES (10, 'Matemáticas', '2024-10-12 21:10:05.395', '2024-10-12 21:10:05.395') ON CONFLICT DO NOTHING;
INSERT INTO public.especialidades (id, especialidad, created_at, updated_at) VALUES (11, 'Ciencias Sociales', '2024-10-12 21:10:05.395', '2024-10-12 21:10:05.395') ON CONFLICT DO NOTHING;
INSERT INTO public.especialidades (id, especialidad, created_at, updated_at) VALUES (12, 'Educación', '2024-10-12 21:10:05.395', '2024-10-12 21:10:05.395') ON CONFLICT DO NOTHING;
INSERT INTO public.especialidades (id, especialidad, created_at, updated_at) VALUES (13, 'Arte', '2024-10-12 21:10:05.395', '2024-10-12 21:10:05.395') ON CONFLICT DO NOTHING;
INSERT INTO public.especialidades (id, especialidad, created_at, updated_at) VALUES (14, 'Diseño Gráfico', '2024-10-12 21:10:05.395', '2024-10-12 21:10:05.395') ON CONFLICT DO NOTHING;
INSERT INTO public.especialidades (id, especialidad, created_at, updated_at) VALUES (15, 'Negocios Internacionales', '2024-10-12 21:10:05.395', '2024-10-12 21:10:05.395') ON CONFLICT DO NOTHING;
INSERT INTO public.especialidades (id, especialidad, created_at, updated_at) VALUES (16, 'Administración de Empresas', '2024-10-12 21:10:05.395', '2024-10-12 21:10:05.395') ON CONFLICT DO NOTHING;
INSERT INTO public.especialidades (id, especialidad, created_at, updated_at) VALUES (17, 'Contabilidad', '2024-10-12 21:10:05.395', '2024-10-12 21:10:05.395') ON CONFLICT DO NOTHING;
INSERT INTO public.especialidades (id, especialidad, created_at, updated_at) VALUES (18, 'Marketing', '2024-10-12 21:10:05.395', '2024-10-12 21:10:05.395') ON CONFLICT DO NOTHING;
INSERT INTO public.especialidades (id, especialidad, created_at, updated_at) VALUES (19, 'Comunicación', '2024-10-12 21:10:05.395', '2024-10-12 21:10:05.395') ON CONFLICT DO NOTHING;
INSERT INTO public.especialidades (id, especialidad, created_at, updated_at) VALUES (20, 'Veterinaria', '2024-10-12 21:10:05.395', '2024-10-12 21:10:05.395') ON CONFLICT DO NOTHING;

INSERT INTO public.subespecialidades (id, "subespecialidad", created_at, updated_at, especialidad_id) VALUES (1, 'Pediatría', '2024-10-12 21:10:05.873', '2024-10-12 21:10:05.873', 1) ON CONFLICT DO NOTHING;
INSERT INTO public.subespecialidades (id, "subespecialidad", created_at, updated_at, especialidad_id) VALUES (2, 'Estructuras', '2024-10-12 21:10:05.873', '2024-10-12 21:10:05.873', 2) ON CONFLICT DO NOTHING;
INSERT INTO public.subespecialidades (id, "subespecialidad", created_at, updated_at, especialidad_id) VALUES (3, 'Diseño Arquitectónico', '2024-10-12 21:10:05.873', '2024-10-12 21:10:05.873', 3) ON CONFLICT DO NOTHING;
INSERT INTO public.subespecialidades (id, "subespecialidad", created_at, updated_at, especialidad_id) VALUES (4, 'Derecho Penal', '2024-10-12 21:10:05.873', '2024-10-12 21:10:05.873', 4) ON CONFLICT DO NOTHING;
INSERT INTO public.subespecialidades (id, "subespecialidad", created_at, updated_at, especialidad_id) VALUES (5, 'Psicología Clínica', '2024-10-12 21:10:05.873', '2024-10-12 21:10:05.873', 5) ON CONFLICT DO NOTHING;
INSERT INTO public.subespecialidades (id, "subespecialidad", created_at, updated_at, especialidad_id) VALUES (6, 'Inteligencia Artificial', '2024-10-12 21:10:05.873', '2024-10-12 21:10:05.873', 6) ON CONFLICT DO NOTHING;
INSERT INTO public.subespecialidades (id, "subespecialidad", created_at, updated_at, especialidad_id) VALUES (7, 'Biología Molecular', '2024-10-12 21:10:05.873', '2024-10-12 21:10:05.873', 7) ON CONFLICT DO NOTHING;
INSERT INTO public.subespecialidades (id, "subespecialidad", created_at, updated_at, especialidad_id) VALUES (8, 'Química Orgánica', '2024-10-12 21:10:05.873', '2024-10-12 21:10:05.873', 8) ON CONFLICT DO NOTHING;
INSERT INTO public.subespecialidades (id, "subespecialidad", created_at, updated_at, especialidad_id) VALUES (9, 'Física Teórica', '2024-10-12 21:10:05.873', '2024-10-12 21:10:05.873', 9) ON CONFLICT DO NOTHING;
INSERT INTO public.subespecialidades (id, "subespecialidad", created_at, updated_at, especialidad_id) VALUES (10, 'Álgebra', '2024-10-12 21:10:05.873', '2024-10-12 21:10:05.873', 10) ON CONFLICT DO NOTHING;
INSERT INTO public.subespecialidades (id, "subespecialidad", created_at, updated_at, especialidad_id) VALUES (11, 'Antropología', '2024-10-12 21:10:05.873', '2024-10-12 21:10:05.873', 11) ON CONFLICT DO NOTHING;
INSERT INTO public.subespecialidades (id, "subespecialidad", created_at, updated_at, especialidad_id) VALUES (12, 'Educación Infantil', '2024-10-12 21:10:05.873', '2024-10-12 21:10:05.873', 12) ON CONFLICT DO NOTHING;
INSERT INTO public.subespecialidades (id, "subespecialidad", created_at, updated_at, especialidad_id) VALUES (13, 'Arte Digital', '2024-10-12 21:10:05.873', '2024-10-12 21:10:05.873', 13) ON CONFLICT DO NOTHING;
INSERT INTO public.subespecialidades (id, "subespecialidad", created_at, updated_at, especialidad_id) VALUES (14, 'Diseño Web', '2024-10-12 21:10:05.873', '2024-10-12 21:10:05.873', 14) ON CONFLICT DO NOTHING;
INSERT INTO public.subespecialidades (id, "subespecialidad", created_at, updated_at, especialidad_id) VALUES (15, 'Comercio Internacional', '2024-10-12 21:10:05.873', '2024-10-12 21:10:05.873', 15) ON CONFLICT DO NOTHING;
INSERT INTO public.subespecialidades (id, "subespecialidad", created_at, updated_at, especialidad_id) VALUES (16, 'Recursos Humanos', '2024-10-12 21:10:05.873', '2024-10-12 21:10:05.873', 16) ON CONFLICT DO NOTHING;
INSERT INTO public.subespecialidades (id, "subespecialidad", created_at, updated_at, especialidad_id) VALUES (17, 'Auditoría', '2024-10-12 21:10:05.873', '2024-10-12 21:10:05.873', 17) ON CONFLICT DO NOTHING;
INSERT INTO public.subespecialidades (id, "subespecialidad", created_at, updated_at, especialidad_id) VALUES (18, 'Publicidad', '2024-10-12 21:10:05.873', '2024-10-12 21:10:05.873', 18) ON CONFLICT DO NOTHING;
INSERT INTO public.subespecialidades (id, "subespecialidad", created_at, updated_at, especialidad_id) VALUES (19, 'Comunicación Audiovisual', '2024-10-12 21:10:05.873', '2024-10-12 21:10:05.873', 19) ON CONFLICT DO NOTHING;
INSERT INTO public.subespecialidades (id, "subespecialidad", created_at, updated_at, especialidad_id) VALUES (20, 'Medicina Veterinaria', '2024-10-12 21:10:05.873', '2024-10-12 21:10:05.873', 20) ON CONFLICT DO NOTHING;

-- alumnos
INSERT INTO public.accounts (id, email, phone, created_at, updated_at, distrito_id, provincia_id, departamento_id) VALUES ('b9201fb3-df6a-4914-a44c-8aa8b2631ae0', 'carlos.martinez@example.com', '987654321', '2024-10-12 21:22:48.432', '2024-10-12 21:22:48.432', '150117', '1501', '15') ON CONFLICT DO NOTHING;
INSERT INTO public.accounts (id, email, phone, created_at, updated_at, distrito_id, provincia_id, departamento_id) VALUES ('b70c2fb5-3bb4-4433-8d5e-f18f759083a4', 'ana.lopez@example.com', '976543210', '2024-10-12 21:22:48.432', '2024-10-12 21:22:48.432', '150117', '1501', '15') ON CONFLICT DO NOTHING;
INSERT INTO public.accounts (id, email, phone, created_at, updated_at, distrito_id, provincia_id, departamento_id) VALUES ('2d4a07b0-3493-4678-ba69-256b13ac5e96', 'luis.garcia@example.com', '965432109', '2024-10-12 21:22:48.432', '2024-10-12 21:22:48.432', '150117', '1501', '15') ON CONFLICT DO NOTHING;
INSERT INTO public.accounts (id, email, phone, created_at, updated_at, distrito_id, provincia_id, departamento_id) VALUES ('3107c128-05c4-4660-ad5c-462dba61669a', 'maria.rodriguez@example.com', '954321098', '2024-10-12 21:22:48.432', '2024-10-12 21:22:48.432', '150117', '1501', '15') ON CONFLICT DO NOTHING;
INSERT INTO public.accounts (id, email, phone, created_at, updated_at, distrito_id, provincia_id, departamento_id) VALUES ('d8358488-8004-4793-93bc-f34efe6979be', 'javier.perez@example.com', '943210987', '2024-10-12 21:22:48.432', '2024-10-12 21:22:48.432', '150117', '1501', '15') ON CONFLICT DO NOTHING;
INSERT INTO public.accounts (id, email, phone, created_at, updated_at, distrito_id, provincia_id, departamento_id) VALUES ('c3421896-8768-4aeb-a3d5-7b455b6ca88c', 'patricia.torres@example.com', '932109876', '2024-10-12 21:22:48.432', '2024-10-12 21:22:48.432', '150117', '1501', '15') ON CONFLICT DO NOTHING;
INSERT INTO public.accounts (id, email, phone, created_at, updated_at, distrito_id, provincia_id, departamento_id) VALUES ('6c6dea05-7d84-48d8-bb93-bf1c9d44b493', 'sergio.sanchez@example.com', '921098765', '2024-10-12 21:22:48.432', '2024-10-12 21:22:48.432', '150117', '1501', '15') ON CONFLICT DO NOTHING;
INSERT INTO public.accounts (id, email, phone, created_at, updated_at, distrito_id, provincia_id, departamento_id) VALUES ('fee8528b-fc52-49cf-954a-f7189dcb69dc', 'laura.ramirez@example.com', '910987654', '2024-10-12 21:22:48.432', '2024-10-12 21:22:48.432', '150117', '1501', '15') ON CONFLICT DO NOTHING;
INSERT INTO public.accounts (id, email, phone, created_at, updated_at, distrito_id, provincia_id, departamento_id) VALUES ('e4d82a39-809c-43ba-8600-9aeed0307157', 'diego.morales@example.com', '909876543', '2024-10-12 21:22:48.432', '2024-10-12 21:22:48.432', '150117', '1501', '15') ON CONFLICT DO NOTHING;
INSERT INTO public.accounts (id, email, phone, created_at, updated_at, distrito_id, provincia_id, departamento_id) VALUES ('1bc27af0-59f8-420b-b2ea-f568953fcb9b', 'veronica.perez@example.com', '898765432', '2024-10-12 21:22:48.432', '2024-10-12 21:22:48.432', '150117', '1501', '15') ON CONFLICT DO NOTHING;
INSERT INTO public.accounts (id, email, phone, created_at, updated_at, distrito_id, provincia_id, departamento_id) VALUES ('2181916b-7ff8-4c12-9222-d8ad167e79ee', 'jose.diaz@example.com', '887654321', '2024-10-12 21:22:48.432', '2024-10-12 21:22:48.432', '150117', '1501', '15') ON CONFLICT DO NOTHING;
INSERT INTO public.accounts (id, email, phone, created_at, updated_at, distrito_id, provincia_id, departamento_id) VALUES ('f81d263b-3f20-4ece-94d3-57cae2bd9fbf', 'gabriela.herrera@example.com', '876543210', '2024-10-12 21:22:48.432', '2024-10-12 21:22:48.432', '150117', '1501', '15') ON CONFLICT DO NOTHING;
INSERT INTO public.accounts (id, email, phone, created_at, updated_at, distrito_id, provincia_id, departamento_id) VALUES ('726e52cc-1ea9-478e-8e68-e5a72c735627', 'martin.castro@example.com', '865432109', '2024-10-12 21:22:48.432', '2024-10-12 21:22:48.432', '150117', '1501', '15') ON CONFLICT DO NOTHING;
INSERT INTO public.accounts (id, email, phone, created_at, updated_at, distrito_id, provincia_id, departamento_id) VALUES ('44dea03f-c53b-441a-ac92-fc82f7a08275', 'silvia.aguirre@example.com', '854321098', '2024-10-12 21:22:48.432', '2024-10-12 21:22:48.432', '150117', '1501', '15') ON CONFLICT DO NOTHING;
INSERT INTO public.accounts (id, email, phone, created_at, updated_at, distrito_id, provincia_id, departamento_id) VALUES ('b377ae3d-9348-4fcd-b724-0c6155b46983', 'felipe.mendoza@example.com', '843210987', '2024-10-12 21:22:48.432', '2024-10-12 21:22:48.432', '150117', '1501', '15') ON CONFLICT DO NOTHING;
INSERT INTO public.accounts (id, email, phone, created_at, updated_at, distrito_id, provincia_id, departamento_id) VALUES ('2ff4c882-3894-44b0-8975-0aaae255950b', 'claudia.vargas@example.com', '832109876', '2024-10-12 21:22:48.432', '2024-10-12 21:22:48.432', '150117', '1501', '15') ON CONFLICT DO NOTHING;
INSERT INTO public.accounts (id, email, phone, created_at, updated_at, distrito_id, provincia_id, departamento_id) VALUES ('b360728f-9da3-4987-ad34-20ee14546909', 'andres.rios@example.com', '821098765', '2024-10-12 21:22:48.432', '2024-10-12 21:22:48.432', '150117', '1501', '15') ON CONFLICT DO NOTHING;
INSERT INTO public.accounts (id, email, phone, created_at, updated_at, distrito_id, provincia_id, departamento_id) VALUES ('f9dbf3ac-5e8d-47ab-aac8-2a4a2bd20dcb', 'sandra.salazar@example.com', '810987654', '2024-10-12 21:22:48.432', '2024-10-12 21:22:48.432', '150117', '1501', '15') ON CONFLICT DO NOTHING;
INSERT INTO public.accounts (id, email, phone, created_at, updated_at, distrito_id, provincia_id, departamento_id) VALUES ('7b589159-475d-4587-a6bd-76b07b6f6f75', 'hugo.navarro@example.com', '809876543', '2024-10-12 21:22:48.432', '2024-10-12 21:22:48.432', '150117', '1501', '15') ON CONFLICT DO NOTHING;
INSERT INTO public.accounts (id, email, phone, created_at, updated_at, distrito_id, provincia_id, departamento_id) VALUES ('992f6f30-9fdf-4f64-9d8f-0ae99b9bb9cd', 'renata.espinoza@example.com', '798765432', '2024-10-12 21:22:48.432', '2024-10-12 21:22:48.432', '150117', '1501', '15') ON CONFLICT DO NOTHING;
INSERT INTO public.accounts (id, email, phone, created_at, updated_at, distrito_id, provincia_id, departamento_id) VALUES ('01b90371-a2ab-42a0-8b91-56a17d7f9dd1', 'cristina.ortega@example.com', '787654321', '2024-10-12 21:22:48.432', '2024-10-12 21:22:48.432', '150117', '1501', '15') ON CONFLICT DO NOTHING;
INSERT INTO public.accounts (id, email, phone, created_at, updated_at, distrito_id, provincia_id, departamento_id) VALUES ('c0d38648-0fa8-4dd8-a353-90eb5b68fb49', 'rodrigo.cortes@example.com', '776543210', '2024-10-12 21:22:48.432', '2024-10-12 21:22:48.432', '150117', '1501', '15') ON CONFLICT DO NOTHING;
INSERT INTO public.accounts (id, email, phone, created_at, updated_at, distrito_id, provincia_id, departamento_id) VALUES ('581c4d94-9b0c-41ac-9fc6-78e959f722a2', 'luz.castro@example.com', '765432109', '2024-10-12 21:22:48.432', '2024-10-12 21:22:48.432', '150117', '1501', '15') ON CONFLICT DO NOTHING;
INSERT INTO public.accounts (id, email, phone, created_at, updated_at, distrito_id, provincia_id, departamento_id) VALUES ('1e6321fc-56ab-4747-98a6-4ecc3f971d25', 'hecto.soto@example.com', '754321098', '2024-10-12 21:22:48.432', '2024-10-12 21:22:48.432', '150117', '1501', '15') ON CONFLICT DO NOTHING;
INSERT INTO public.accounts (id, email, phone, created_at, updated_at, distrito_id, provincia_id, departamento_id) VALUES ('5e7c29cc-1178-4ac6-9743-853e59052bfc', 'monica.jimenez@example.com', '743210987', '2024-10-12 21:22:48.432', '2024-10-12 21:22:48.432', '150117', '1501', '15') ON CONFLICT DO NOTHING;
INSERT INTO public.accounts (id, email, phone, created_at, updated_at, distrito_id, provincia_id, departamento_id) VALUES ('e22a2641-7e40-4bb9-8fb7-6b395250aa55', 'pedro.aguirre@example.com', '732109876', '2024-10-12 21:22:48.432', '2024-10-12 21:22:48.432', '150117', '1501', '15') ON CONFLICT DO NOTHING;
INSERT INTO public.accounts (id, email, phone, created_at, updated_at, distrito_id, provincia_id, departamento_id) VALUES ('bfecc3e8-9721-47fb-bcf9-e1c52934321a', 'tamara.guzman@example.com', '721098765', '2024-10-12 21:22:48.432', '2024-10-12 21:22:48.432', '150117', '1501', '15') ON CONFLICT DO NOTHING;
INSERT INTO public.accounts (id, email, phone, created_at, updated_at, distrito_id, provincia_id, departamento_id) VALUES ('35e4fe3d-2516-4974-a9f0-c2ff586ac3ed', 'mario.villanueva@example.com', '710987654', '2024-10-12 21:22:48.432', '2024-10-12 21:22:48.432', '150117', '1501', '15') ON CONFLICT DO NOTHING;
INSERT INTO public.accounts (id, email, phone, created_at, updated_at, distrito_id, provincia_id, departamento_id) VALUES ('a843b4c6-0975-4b0b-a4cc-e9ded39cca82', 'jazmin.delgado@example.com', '709876543', '2024-10-12 21:22:48.432', '2024-10-12 21:22:48.432', '150117', '1501', '15') ON CONFLICT DO NOTHING;
INSERT INTO public.accounts (id, email, phone, created_at, updated_at, distrito_id, provincia_id, departamento_id) VALUES ('f9fd276e-ea56-4a80-a00f-5897cd97980b', 'fernando.morales@example.com', '698765432', '2024-10-12 21:22:48.432', '2024-10-12 21:22:48.432', '150117', '1501', '15') ON CONFLICT DO NOTHING;

-- profesores
INSERT INTO public.accounts (id, email, phone, created_at, updated_at, distrito_id, provincia_id, departamento_id) VALUES ('1daf8267-63cf-4c83-97cf-a2a383abdf82', 'juan.perez@example.com', '999111222', '2024-10-12 21:22:48.432', '2024-10-12 21:22:48.432', '150117', '1501', '15') ON CONFLICT DO NOTHING;
INSERT INTO public.accounts (id, email, phone, created_at, updated_at, distrito_id, provincia_id, departamento_id) VALUES ('3426e7d4-0825-4efd-b11a-42ab0763137e', 'maria.ruiz@example.com', '999333444', '2024-10-12 21:22:48.432', '2024-10-12 21:22:48.432', '150117', '1501', '15') ON CONFLICT DO NOTHING;
INSERT INTO public.accounts (id, email, phone, created_at, updated_at, distrito_id, provincia_id, departamento_id) VALUES ('d1e21639-a9ce-423d-a46e-86993c7fa6b5', 'carlos.soto@example.com', '999555666', '2024-10-12 21:22:48.432', '2024-10-12 21:22:48.432', '150117', '1501', '15') ON CONFLICT DO NOTHING;
INSERT INTO public.accounts (id, email, phone, created_at, updated_at, distrito_id, provincia_id, departamento_id) VALUES ('48b6c98d-b07d-4265-9283-c4ce4e8f35c9', 'ana.luque@example.com', '999777888', '2024-10-12 21:22:48.432', '2024-10-12 21:22:48.432', '150117', '1501', '15') ON CONFLICT DO NOTHING;
INSERT INTO public.accounts (id, email, phone, created_at, updated_at, distrito_id, provincia_id, departamento_id) VALUES ('6f9f20fa-f8af-450d-a99e-a11f893e6e63', 'pedro.garcia@example.com', '999999000', '2024-10-12 21:22:48.432', '2024-10-12 21:22:48.432', '150117', '1501', '15') ON CONFLICT DO NOTHING;
INSERT INTO public.accounts (id, email, phone, created_at, updated_at, distrito_id, provincia_id, departamento_id) VALUES ('11ed72ea-abd2-45f6-8fde-f196d9b53c30', 'rosa.ramos@example.com', '998111222', '2024-10-12 21:22:48.432', '2024-10-12 21:22:48.432', '150117', '1501', '15') ON CONFLICT DO NOTHING;
INSERT INTO public.accounts (id, email, phone, created_at, updated_at, distrito_id, provincia_id, departamento_id) VALUES ('4e235a5d-8ece-43e9-a847-7190e99e7fb0', 'luis.mendoza@example.com', '998333444', '2024-10-12 21:22:48.432', '2024-10-12 21:22:48.432', '150117', '1501', '15') ON CONFLICT DO NOTHING;
INSERT INTO public.accounts (id, email, phone, created_at, updated_at, distrito_id, provincia_id, departamento_id) VALUES ('4604853a-89d8-4da8-a4b8-19c3d1aba8f1', 'jose.fernandez@example.com', '998555666', '2024-10-12 21:22:48.432', '2024-10-12 21:22:48.432', '150117', '1501', '15') ON CONFLICT DO NOTHING;
INSERT INTO public.accounts (id, email, phone, created_at, updated_at, distrito_id, provincia_id, departamento_id) VALUES ('a2d3820b-0cf9-46b4-8bda-abb09a584134', 'claudia.gomez@example.com', '998777888', '2024-10-12 21:22:48.432', '2024-10-12 21:22:48.432', '150117', '1501', '15') ON CONFLICT DO NOTHING;
INSERT INTO public.accounts (id, email, phone, created_at, updated_at, distrito_id, provincia_id, departamento_id) VALUES ('3c7b4a90-87df-4fba-93ae-a2f7f13ce7fa', 'diego.alarcon@example.com', '998999000', '2024-10-12 21:22:48.432', '2024-10-12 21:22:48.432', '150117', '1501', '15') ON CONFLICT DO NOTHING;
INSERT INTO public.accounts (id, email, phone, created_at, updated_at, distrito_id, provincia_id, departamento_id) VALUES ('16f3f500-a130-4dea-bdaa-7077e5b738d9', 'isabel.reyes@example.com', '997111222', '2024-10-12 21:22:48.432', '2024-10-12 21:22:48.432', '150117', '1501', '15') ON CONFLICT DO NOTHING;
INSERT INTO public.accounts (id, email, phone, created_at, updated_at, distrito_id, provincia_id, departamento_id) VALUES ('f047d806-3eb1-4c46-909d-7d0881b11d92', 'carlos.vega@example.com', '997333444', '2024-10-12 21:22:48.432', '2024-10-12 21:22:48.432', '150117', '1501', '15') ON CONFLICT DO NOTHING;
INSERT INTO public.accounts (id, email, phone, created_at, updated_at, distrito_id, provincia_id, departamento_id) VALUES ('2a64b5dd-e6d1-4d0d-892f-65b5520e0705', 'maria.lopez@example.com', '997555666', '2024-10-12 21:22:48.432', '2024-10-12 21:22:48.432', '150117', '1501', '15') ON CONFLICT DO NOTHING;
INSERT INTO public.accounts (id, email, phone, created_at, updated_at, distrito_id, provincia_id, departamento_id) VALUES ('85f62434-50be-4e75-9dfd-38324278b458', 'victor.ramos@example.com', '997777888', '2024-10-12 21:22:48.432', '2024-10-12 21:22:48.432', '150117', '1501', '15') ON CONFLICT DO NOTHING;
INSERT INTO public.accounts (id, email, phone, created_at, updated_at, distrito_id, provincia_id, departamento_id) VALUES ('f1ea79ed-a924-49d0-97a2-fa479c0a136c', 'lucia.soto@example.com', '997999000', '2024-10-12 21:22:48.432', '2024-10-12 21:22:48.432', '150117', '1501', '15') ON CONFLICT DO NOTHING;
INSERT INTO public.accounts (id, email, phone, created_at, updated_at, distrito_id, provincia_id, departamento_id) VALUES ('de4e9a92-d820-43b7-b400-ad642249d409', 'manuel.silva@example.com', '996111222', '2024-10-12 21:22:48.432', '2024-10-12 21:22:48.432', '150117', '1501', '15') ON CONFLICT DO NOTHING;
INSERT INTO public.accounts (id, email, phone, created_at, updated_at, distrito_id, provincia_id, departamento_id) VALUES ('e8e78fe9-c2fd-4e8b-bc62-928e062e4b0a', 'angela.lopez@example.com', '996333444', '2024-10-12 21:22:48.432', '2024-10-12 21:22:48.432', '150117', '1501', '15') ON CONFLICT DO NOTHING;
INSERT INTO public.accounts (id, email, phone, created_at, updated_at, distrito_id, provincia_id, departamento_id) VALUES ('47f7e738-1f24-4b44-a8bc-ab7f81b638e3', 'sergio.gomez@example.com', '996555666', '2024-10-12 21:22:48.432', '2024-10-12 21:22:48.432', '150117', '1501', '15') ON CONFLICT DO NOTHING;
INSERT INTO public.accounts (id, email, phone, created_at, updated_at, distrito_id, provincia_id, departamento_id) VALUES ('570e7238-7329-459e-aa63-637266c90a52', 'pablo.fernandez@example.com', '996777888', '2024-10-12 21:22:48.432', '2024-10-12 21:22:48.432', '150117', '1501', '15') ON CONFLICT DO NOTHING;
INSERT INTO public.accounts (id, email, phone, created_at, updated_at, distrito_id, provincia_id, departamento_id) VALUES ('7fcb526a-9bc8-472b-83e4-1961b28de6a6', 'paula.perez@example.com', '996999000', '2024-10-12 21:22:48.432', '2024-10-12 21:22:48.432', '150117', '1501', '15') ON CONFLICT DO NOTHING;
INSERT INTO public.accounts (id, email, phone, created_at, updated_at, distrito_id, provincia_id, departamento_id) VALUES ('966a6af1-8b88-4698-a25c-ab918380a7bc', 'andres.ramirez@example.com', '995111222', '2024-10-12 21:22:48.432', '2024-10-12 21:22:48.432', '150117', '1501', '15') ON CONFLICT DO NOTHING;
INSERT INTO public.accounts (id, email, phone, created_at, updated_at, distrito_id, provincia_id, departamento_id) VALUES ('7bd2581e-9877-4602-8321-b3e77435bb43', 'martina.rojas@example.com', '995333444', '2024-10-12 21:22:48.432', '2024-10-12 21:22:48.432', '150117', '1501', '15') ON CONFLICT DO NOTHING;
INSERT INTO public.accounts (id, email, phone, created_at, updated_at, distrito_id, provincia_id, departamento_id) VALUES ('97994f67-73f3-4783-8d94-cd6cfd124e74', 'sofia.gomez@example.com', '995555666', '2024-10-12 21:22:48.432', '2024-10-12 21:22:48.432', '150117', '1501', '15') ON CONFLICT DO NOTHING;
INSERT INTO public.accounts (id, email, phone, created_at, updated_at, distrito_id, provincia_id, departamento_id) VALUES ('7d82ad3b-4211-4c7e-91e1-873ded4d0077', 'antonio.vera@example.com', '995777888', '2024-10-12 21:22:48.432', '2024-10-12 21:22:48.432', '150117', '1501', '15') ON CONFLICT DO NOTHING;
INSERT INTO public.accounts (id, email, phone, created_at, updated_at, distrito_id, provincia_id, departamento_id) VALUES ('bfb5cfff-870b-447e-89ec-5dcd7009330d', 'luisa.rodriguez@example.com', '995999000', '2024-10-12 21:22:48.432', '2024-10-12 21:22:48.432', '150117', '1501', '15') ON CONFLICT DO NOTHING;
INSERT INTO public.accounts (id, email, phone, created_at, updated_at, distrito_id, provincia_id, departamento_id) VALUES ('d7bee1fe-e569-458d-a97f-9a50a743fb49', 'daniela.torres@example.com', '994111222', '2024-10-12 21:22:48.432', '2024-10-12 21:22:48.432', '150117', '1501', '15') ON CONFLICT DO NOTHING;
INSERT INTO public.accounts (id, email, phone, created_at, updated_at, distrito_id, provincia_id, departamento_id) VALUES ('11ce737f-0b2e-4f22-98f1-648c6d0fa644', 'marco.antonio@example.com', '994333444', '2024-10-12 21:22:48.432', '2024-10-12 21:22:48.432', '150117', '1501', '15') ON CONFLICT DO NOTHING;
INSERT INTO public.accounts (id, email, phone, created_at, updated_at, distrito_id, provincia_id, departamento_id) VALUES ('a9434dd3-d288-4326-ac18-43644324d650', 'hector.correa@example.com', '994555666', '2024-10-12 21:22:48.432', '2024-10-12 21:22:48.432', '150117', '1501', '15') ON CONFLICT DO NOTHING;
INSERT INTO public.accounts (id, email, phone, created_at, updated_at, distrito_id, provincia_id, departamento_id) VALUES ('061be8fc-1112-4179-8285-cbd5775563dc', 'juliana.lopez@example.com', '994777888', '2024-10-12 21:22:48.432', '2024-10-12 21:22:48.432', '150117', '1501', '15') ON CONFLICT DO NOTHING;
INSERT INTO public.accounts (id, email, phone, created_at, updated_at, distrito_id, provincia_id, departamento_id) VALUES ('2de2bfc7-c72c-4347-994e-94009eb618c5', 'francisco.luna@example.com', '994999000', '2024-10-12 21:22:48.432', '2024-10-12 21:22:48.432', '150117', '1501', '15') ON CONFLICT DO NOTHING;

INSERT INTO public.profesores (id, nombre, edad, account_id, created_at, updated_at) VALUES (1, 'Carlos Martínez', 35, 'b9201fb3-df6a-4914-a44c-8aa8b2631ae0', '2024-10-12 21:22:49.384', '2024-10-12 21:22:49.384') ON CONFLICT DO NOTHING;
INSERT INTO public.profesores (id, nombre, edad, account_id, created_at, updated_at) VALUES (2, 'Ana López', 30, 'b70c2fb5-3bb4-4433-8d5e-f18f759083a4', '2024-10-12 21:22:49.384', '2024-10-12 21:22:49.384') ON CONFLICT DO NOTHING;
INSERT INTO public.profesores (id, nombre, edad, account_id, created_at, updated_at) VALUES (3, 'Luis García', 40, '2d4a07b0-3493-4678-ba69-256b13ac5e96', '2024-10-12 21:22:49.384', '2024-10-12 21:22:49.384') ON CONFLICT DO NOTHING;
INSERT INTO public.profesores (id, nombre, edad, account_id, created_at, updated_at) VALUES (4, 'María Rodríguez', 32, '3107c128-05c4-4660-ad5c-462dba61669a', '2024-10-12 21:22:49.384', '2024-10-12 21:22:49.384') ON CONFLICT DO NOTHING;
INSERT INTO public.profesores (id, nombre, edad, account_id, created_at, updated_at) VALUES (5, 'Javier Pérez', 38, 'd8358488-8004-4793-93bc-f34efe6979be', '2024-10-12 21:22:49.384', '2024-10-12 21:22:49.384') ON CONFLICT DO NOTHING;
INSERT INTO public.profesores (id, nombre, edad, account_id, created_at, updated_at) VALUES (6, 'Patricia Torres', 28, 'c3421896-8768-4aeb-a3d5-7b455b6ca88c', '2024-10-12 21:22:49.384', '2024-10-12 21:22:49.384') ON CONFLICT DO NOTHING;
INSERT INTO public.profesores (id, nombre, edad, account_id, created_at, updated_at) VALUES (7, 'Sergio Sánchez', 45, '6c6dea05-7d84-48d8-bb93-bf1c9d44b493', '2024-10-12 21:22:49.384', '2024-10-12 21:22:49.384') ON CONFLICT DO NOTHING;
INSERT INTO public.profesores (id, nombre, edad, account_id, created_at, updated_at) VALUES (8, 'Laura Ramírez', 29, 'fee8528b-fc52-49cf-954a-f7189dcb69dc', '2024-10-12 21:22:49.384', '2024-10-12 21:22:49.384') ON CONFLICT DO NOTHING;
INSERT INTO public.profesores (id, nombre, edad, account_id, created_at, updated_at) VALUES (9, 'Diego Morales', 37, 'e4d82a39-809c-43ba-8600-9aeed0307157', '2024-10-12 21:22:49.384', '2024-10-12 21:22:49.384') ON CONFLICT DO NOTHING;
INSERT INTO public.profesores (id, nombre, edad, account_id, created_at, updated_at) VALUES (10, 'Verónica Fernández', 36, '1bc27af0-59f8-420b-b2ea-f568953fcb9b', '2024-10-12 21:22:49.384', '2024-10-12 21:22:49.384') ON CONFLICT DO NOTHING;
INSERT INTO public.profesores (id, nombre, edad, account_id, created_at, updated_at) VALUES (11, 'José Díaz', 33, '2181916b-7ff8-4c12-9222-d8ad167e79ee', '2024-10-12 21:22:49.384', '2024-10-12 21:22:49.384') ON CONFLICT DO NOTHING;
INSERT INTO public.profesores (id, nombre, edad, account_id, created_at, updated_at) VALUES (12, 'Gabriela Herrera', 27, 'f81d263b-3f20-4ece-94d3-57cae2bd9fbf', '2024-10-12 21:22:49.384', '2024-10-12 21:22:49.384') ON CONFLICT DO NOTHING;
INSERT INTO public.profesores (id, nombre, edad, account_id, created_at, updated_at) VALUES (13, 'Martín Castro', 39, '726e52cc-1ea9-478e-8e68-e5a72c735627', '2024-10-12 21:22:49.384', '2024-10-12 21:22:49.384') ON CONFLICT DO NOTHING;
INSERT INTO public.profesores (id, nombre, edad, account_id, created_at, updated_at) VALUES (14, 'Silvia Aguirre', 31, '44dea03f-c53b-441a-ac92-fc82f7a08275', '2024-10-12 21:22:49.384', '2024-10-12 21:22:49.384') ON CONFLICT DO NOTHING;
INSERT INTO public.profesores (id, nombre, edad, account_id, created_at, updated_at) VALUES (15, 'Felipe Mendoza', 41, 'b377ae3d-9348-4fcd-b724-0c6155b46983', '2024-10-12 21:22:49.384', '2024-10-12 21:22:49.384') ON CONFLICT DO NOTHING;
INSERT INTO public.profesores (id, nombre, edad, account_id, created_at, updated_at) VALUES (16, 'Claudia Vargas', 29, '2ff4c882-3894-44b0-8975-0aaae255950b', '2024-10-12 21:22:49.384', '2024-10-12 21:22:49.384') ON CONFLICT DO NOTHING;
INSERT INTO public.profesores (id, nombre, edad, account_id, created_at, updated_at) VALUES (17, 'Andrés Ríos', 34, 'b360728f-9da3-4987-ad34-20ee14546909', '2024-10-12 21:22:49.384', '2024-10-12 21:22:49.384') ON CONFLICT DO NOTHING;
INSERT INTO public.profesores (id, nombre, edad, account_id, created_at, updated_at) VALUES (18, 'Sandra Salazar', 38, 'f9dbf3ac-5e8d-47ab-aac8-2a4a2bd20dcb', '2024-10-12 21:22:49.384', '2024-10-12 21:22:49.384') ON CONFLICT DO NOTHING;
INSERT INTO public.profesores (id, nombre, edad, account_id, created_at, updated_at) VALUES (19, 'Hugo Navarro', 36, '7b589159-475d-4587-a6bd-76b07b6f6f75', '2024-10-12 21:22:49.384', '2024-10-12 21:22:49.384') ON CONFLICT DO NOTHING;
INSERT INTO public.profesores (id, nombre, edad, account_id, created_at, updated_at) VALUES (20, 'Renata Espinoza', 27, '992f6f30-9fdf-4f64-9d8f-0ae99b9bb9cd', '2024-10-12 21:22:49.384', '2024-10-12 21:22:49.384') ON CONFLICT DO NOTHING;
INSERT INTO public.profesores (id, nombre, edad, account_id, created_at, updated_at) VALUES (21, 'Cristina Ortega', 32, '01b90371-a2ab-42a0-8b91-56a17d7f9dd1', '2024-10-12 21:22:49.384', '2024-10-12 21:22:49.384') ON CONFLICT DO NOTHING;
INSERT INTO public.profesores (id, nombre, edad, account_id, created_at, updated_at) VALUES (22, 'Rodrigo Cortés', 43, 'c0d38648-0fa8-4dd8-a353-90eb5b68fb49', '2024-10-12 21:22:49.384', '2024-10-12 21:22:49.384') ON CONFLICT DO NOTHING;
INSERT INTO public.profesores (id, nombre, edad, account_id, created_at, updated_at) VALUES (23, 'Luz Castro', 30, '581c4d94-9b0c-41ac-9fc6-78e959f722a2', '2024-10-12 21:22:49.384', '2024-10-12 21:22:49.384') ON CONFLICT DO NOTHING;
INSERT INTO public.profesores (id, nombre, edad, account_id, created_at, updated_at) VALUES (24, 'Héctor Soto', 35, '1e6321fc-56ab-4747-98a6-4ecc3f971d25', '2024-10-12 21:22:49.384', '2024-10-12 21:22:49.384') ON CONFLICT DO NOTHING;
INSERT INTO public.profesores (id, nombre, edad, account_id, created_at, updated_at) VALUES (25, 'Mónica Jiménez', 33, '5e7c29cc-1178-4ac6-9743-853e59052bfc', '2024-10-12 21:22:49.384', '2024-10-12 21:22:49.384') ON CONFLICT DO NOTHING;
INSERT INTO public.profesores (id, nombre, edad, account_id, created_at, updated_at) VALUES (26, 'Pedro Aguirre', 42, 'e22a2641-7e40-4bb9-8fb7-6b395250aa55', '2024-10-12 21:22:49.384', '2024-10-12 21:22:49.384') ON CONFLICT DO NOTHING;
INSERT INTO public.profesores (id, nombre, edad, account_id, created_at, updated_at) VALUES (27, 'Tamara Guzmán', 31, 'bfecc3e8-9721-47fb-bcf9-e1c52934321a', '2024-10-12 21:22:49.384', '2024-10-12 21:22:49.384') ON CONFLICT DO NOTHING;
INSERT INTO public.profesores (id, nombre, edad, account_id, created_at, updated_at) VALUES (28, 'Mario Villanueva', 39, '35e4fe3d-2516-4974-a9f0-c2ff586ac3ed', '2024-10-12 21:22:49.384', '2024-10-12 21:22:49.384') ON CONFLICT DO NOTHING;
INSERT INTO public.profesores (id, nombre, edad, account_id, created_at, updated_at) VALUES (29, 'Jazmín Delgado', 28, 'a843b4c6-0975-4b0b-a4cc-e9ded39cca82', '2024-10-12 21:22:49.384', '2024-10-12 21:22:49.384') ON CONFLICT DO NOTHING;
INSERT INTO public.profesores (id, nombre, edad, account_id, created_at, updated_at) VALUES (30, 'Fernando Morales', 34, 'f9fd276e-ea56-4a80-a00f-5897cd97980b', '2024-10-12 21:22:49.384', '2024-10-12 21:22:49.384') ON CONFLICT DO NOTHING;

INSERT INTO public.alumnos (id, nombre, edad, account_id, created_at, updated_at) VALUES (31, 'Juan Pérez', 20, '1daf8267-63cf-4c83-97cf-a2a383abdf82', '2024-10-12 21:22:48.911', '2024-10-12 21:22:48.911') ON CONFLICT DO NOTHING;
INSERT INTO public.alumnos (id, nombre, edad, account_id, created_at, updated_at) VALUES (32, 'María Ruiz', 22, '3426e7d4-0825-4efd-b11a-42ab0763137e', '2024-10-12 21:22:48.911', '2024-10-12 21:22:48.911') ON CONFLICT DO NOTHING;
INSERT INTO public.alumnos (id, nombre, edad, account_id, created_at, updated_at) VALUES (33, 'Carlos Soto', 21, 'd1e21639-a9ce-423d-a46e-86993c7fa6b5', '2024-10-12 21:22:48.911', '2024-10-12 21:22:48.911') ON CONFLICT DO NOTHING;
INSERT INTO public.alumnos (id, nombre, edad, account_id, created_at, updated_at) VALUES (34, 'Ana Luque', 23, '48b6c98d-b07d-4265-9283-c4ce4e8f35c9', '2024-10-12 21:22:48.911', '2024-10-12 21:22:48.911') ON CONFLICT DO NOTHING;
INSERT INTO public.alumnos (id, nombre, edad, account_id, created_at, updated_at) VALUES (35, 'Pedro García', 19, '6f9f20fa-f8af-450d-a99e-a11f893e6e63', '2024-10-12 21:22:48.911', '2024-10-12 21:22:48.911') ON CONFLICT DO NOTHING;
INSERT INTO public.alumnos (id, nombre, edad, account_id, created_at, updated_at) VALUES (36, 'Rosa Ramos', 24, '11ed72ea-abd2-45f6-8fde-f196d9b53c30', '2024-10-12 21:22:48.911', '2024-10-12 21:22:48.911') ON CONFLICT DO NOTHING;
INSERT INTO public.alumnos (id, nombre, edad, account_id, created_at, updated_at) VALUES (37, 'Luis Mendoza', 18, '4e235a5d-8ece-43e9-a847-7190e99e7fb0', '2024-10-12 21:22:48.911', '2024-10-12 21:22:48.911') ON CONFLICT DO NOTHING;
INSERT INTO public.alumnos (id, nombre, edad, account_id, created_at, updated_at) VALUES (38, 'José Fernández', 20, '4604853a-89d8-4da8-a4b8-19c3d1aba8f1', '2024-10-12 21:22:48.911', '2024-10-12 21:22:48.911') ON CONFLICT DO NOTHING;
INSERT INTO public.alumnos (id, nombre, edad, account_id, created_at, updated_at) VALUES (39, 'Claudia Gómez', 22, 'a2d3820b-0cf9-46b4-8bda-abb09a584134', '2024-10-12 21:22:48.911', '2024-10-12 21:22:48.911') ON CONFLICT DO NOTHING;
INSERT INTO public.alumnos (id, nombre, edad, account_id, created_at, updated_at) VALUES (40, 'Diego Alarcón', 21, '3c7b4a90-87df-4fba-93ae-a2f7f13ce7fa', '2024-10-12 21:22:48.911', '2024-10-12 21:22:48.911') ON CONFLICT DO NOTHING;
INSERT INTO public.alumnos (id, nombre, edad, account_id, created_at, updated_at) VALUES (41, 'Isabel Reyes', 20, '16f3f500-a130-4dea-bdaa-7077e5b738d9', '2024-10-12 21:22:48.911', '2024-10-12 21:22:48.911') ON CONFLICT DO NOTHING;
INSERT INTO public.alumnos (id, nombre, edad, account_id, created_at, updated_at) VALUES (42, 'Carlos Vega', 24, 'f047d806-3eb1-4c46-909d-7d0881b11d92', '2024-10-12 21:22:48.911', '2024-10-12 21:22:48.911') ON CONFLICT DO NOTHING;
INSERT INTO public.alumnos (id, nombre, edad, account_id, created_at, updated_at) VALUES (43, 'María López', 23, '2a64b5dd-e6d1-4d0d-892f-65b5520e0705', '2024-10-12 21:22:48.911', '2024-10-12 21:22:48.911') ON CONFLICT DO NOTHING;
INSERT INTO public.alumnos (id, nombre, edad, account_id, created_at, updated_at) VALUES (44, 'Víctor Ramos', 19, '85f62434-50be-4e75-9dfd-38324278b458', '2024-10-12 21:22:48.911', '2024-10-12 21:22:48.911') ON CONFLICT DO NOTHING;
INSERT INTO public.alumnos (id, nombre, edad, account_id, created_at, updated_at) VALUES (45, 'Lucía Soto', 21, 'f1ea79ed-a924-49d0-97a2-fa479c0a136c', '2024-10-12 21:22:48.911', '2024-10-12 21:22:48.911') ON CONFLICT DO NOTHING;
INSERT INTO public.alumnos (id, nombre, edad, account_id, created_at, updated_at) VALUES (46, 'Manuel Silva', 22, 'de4e9a92-d820-43b7-b400-ad642249d409', '2024-10-12 21:22:48.911', '2024-10-12 21:22:48.911') ON CONFLICT DO NOTHING;
INSERT INTO public.alumnos (id, nombre, edad, account_id, created_at, updated_at) VALUES (47, 'Ángela López', 20, 'e8e78fe9-c2fd-4e8b-bc62-928e062e4b0a', '2024-10-12 21:22:48.911', '2024-10-12 21:22:48.911') ON CONFLICT DO NOTHING;
INSERT INTO public.alumnos (id, nombre, edad, account_id, created_at, updated_at) VALUES (48, 'Sergio Gómez', 19, '47f7e738-1f24-4b44-a8bc-ab7f81b638e3', '2024-10-12 21:22:48.911', '2024-10-12 21:22:48.911') ON CONFLICT DO NOTHING;
INSERT INTO public.alumnos (id, nombre, edad, account_id, created_at, updated_at) VALUES (49, 'Pablo Fernández', 23, '570e7238-7329-459e-aa63-637266c90a52', '2024-10-12 21:22:48.911', '2024-10-12 21:22:48.911') ON CONFLICT DO NOTHING;
INSERT INTO public.alumnos (id, nombre, edad, account_id, created_at, updated_at) VALUES (50, 'Paula Pérez', 24, '7fcb526a-9bc8-472b-83e4-1961b28de6a6', '2024-10-12 21:22:48.911', '2024-10-12 21:22:48.911') ON CONFLICT DO NOTHING;
INSERT INTO public.alumnos (id, nombre, edad, account_id, created_at, updated_at) VALUES (51, 'Andrés Ramírez', 21, '966a6af1-8b88-4698-a25c-ab918380a7bc', '2024-10-12 21:22:48.911', '2024-10-12 21:22:48.911') ON CONFLICT DO NOTHING;
INSERT INTO public.alumnos (id, nombre, edad, account_id, created_at, updated_at) VALUES (52, 'Martina Rojas', 22, '7bd2581e-9877-4602-8321-b3e77435bb43', '2024-10-12 21:22:48.911', '2024-10-12 21:22:48.911') ON CONFLICT DO NOTHING;
INSERT INTO public.alumnos (id, nombre, edad, account_id, created_at, updated_at) VALUES (53, 'Sofía Gómez', 20, '97994f67-73f3-4783-8d94-cd6cfd124e74', '2024-10-12 21:22:48.911', '2024-10-12 21:22:48.911') ON CONFLICT DO NOTHING;
INSERT INTO public.alumnos (id, nombre, edad, account_id, created_at, updated_at) VALUES (54, 'Antonio Vera', 19, '7d82ad3b-4211-4c7e-91e1-873ded4d0077', '2024-10-12 21:22:48.911', '2024-10-12 21:22:48.911') ON CONFLICT DO NOTHING;
INSERT INTO public.alumnos (id, nombre, edad, account_id, created_at, updated_at) VALUES (55, 'Luisa Rodríguez', 21, 'bfb5cfff-870b-447e-89ec-5dcd7009330d', '2024-10-12 21:22:48.911', '2024-10-12 21:22:48.911') ON CONFLICT DO NOTHING;
INSERT INTO public.alumnos (id, nombre, edad, account_id, created_at, updated_at) VALUES (56, 'Daniela Torres', 22, 'd7bee1fe-e569-458d-a97f-9a50a743fb49', '2024-10-12 21:22:48.911', '2024-10-12 21:22:48.911') ON CONFLICT DO NOTHING;
INSERT INTO public.alumnos (id, nombre, edad, account_id, created_at, updated_at) VALUES (57, 'Marco Antonio', 20, '11ce737f-0b2e-4f22-98f1-648c6d0fa644', '2024-10-12 21:22:48.911', '2024-10-12 21:22:48.911') ON CONFLICT DO NOTHING;
INSERT INTO public.alumnos (id, nombre, edad, account_id, created_at, updated_at) VALUES (58, 'Héctor Correa', 23, 'a9434dd3-d288-4326-ac18-43644324d650', '2024-10-12 21:22:48.911', '2024-10-12 21:22:48.911') ON CONFLICT DO NOTHING;
INSERT INTO public.alumnos (id, nombre, edad, account_id, created_at, updated_at) VALUES (59, 'Juliana López', 19, '061be8fc-1112-4179-8285-cbd5775563dc', '2024-10-12 21:22:48.911', '2024-10-12 21:22:48.911') ON CONFLICT DO NOTHING;
INSERT INTO public.alumnos (id, nombre, edad, account_id, created_at, updated_at) VALUES (60, 'Francisco Luna', 24, '2de2bfc7-c72c-4347-994e-94009eb618c5', '2024-10-12 21:22:48.911', '2024-10-12 21:22:48.911') ON CONFLICT DO NOTHING;

INSERT INTO public.profesor_especialidades (profesor_id, especialidad_id, created_at, updated_at) VALUES (1, 1, '2024-10-12 21:22:50.803', '2024-10-12 21:22:50.803') ON CONFLICT DO NOTHING;
INSERT INTO public.profesor_especialidades (profesor_id, especialidad_id, created_at, updated_at) VALUES (2, 1, '2024-10-12 21:22:50.803', '2024-10-12 21:22:50.803') ON CONFLICT DO NOTHING;
INSERT INTO public.profesor_especialidades (profesor_id, especialidad_id, created_at, updated_at) VALUES (3, 1, '2024-10-12 21:22:50.803', '2024-10-12 21:22:50.803') ON CONFLICT DO NOTHING;
INSERT INTO public.profesor_especialidades (profesor_id, especialidad_id, created_at, updated_at) VALUES (4, 2, '2024-10-12 21:22:50.803', '2024-10-12 21:22:50.803') ON CONFLICT DO NOTHING;
INSERT INTO public.profesor_especialidades (profesor_id, especialidad_id, created_at, updated_at) VALUES (5, 2, '2024-10-12 21:22:50.803', '2024-10-12 21:22:50.803') ON CONFLICT DO NOTHING;
INSERT INTO public.profesor_especialidades (profesor_id, especialidad_id, created_at, updated_at) VALUES (6, 3, '2024-10-12 21:22:50.803', '2024-10-12 21:22:50.803') ON CONFLICT DO NOTHING;
INSERT INTO public.profesor_especialidades (profesor_id, especialidad_id, created_at, updated_at) VALUES (7, 4, '2024-10-12 21:22:50.803', '2024-10-12 21:22:50.803') ON CONFLICT DO NOTHING;
INSERT INTO public.profesor_especialidades (profesor_id, especialidad_id, created_at, updated_at) VALUES (8, 5, '2024-10-12 21:22:50.803', '2024-10-12 21:22:50.803') ON CONFLICT DO NOTHING;
INSERT INTO public.profesor_especialidades (profesor_id, especialidad_id, created_at, updated_at) VALUES (9, 6, '2024-10-12 21:22:50.803', '2024-10-12 21:22:50.803') ON CONFLICT DO NOTHING;
INSERT INTO public.profesor_especialidades (profesor_id, especialidad_id, created_at, updated_at) VALUES (10, 7, '2024-10-12 21:22:50.803', '2024-10-12 21:22:50.803') ON CONFLICT DO NOTHING;
INSERT INTO public.profesor_especialidades (profesor_id, especialidad_id, created_at, updated_at) VALUES (11, 8, '2024-10-12 21:22:50.803', '2024-10-12 21:22:50.803') ON CONFLICT DO NOTHING;
INSERT INTO public.profesor_especialidades (profesor_id, especialidad_id, created_at, updated_at) VALUES (12, 9, '2024-10-12 21:22:50.803', '2024-10-12 21:22:50.803') ON CONFLICT DO NOTHING;
INSERT INTO public.profesor_especialidades (profesor_id, especialidad_id, created_at, updated_at) VALUES (13, 10, '2024-10-12 21:22:50.803', '2024-10-12 21:22:50.803') ON CONFLICT DO NOTHING;
INSERT INTO public.profesor_especialidades (profesor_id, especialidad_id, created_at, updated_at) VALUES (14, 11, '2024-10-12 21:22:50.803', '2024-10-12 21:22:50.803') ON CONFLICT DO NOTHING;
INSERT INTO public.profesor_especialidades (profesor_id, especialidad_id, created_at, updated_at) VALUES (15, 12, '2024-10-12 21:22:50.803', '2024-10-12 21:22:50.803') ON CONFLICT DO NOTHING;
INSERT INTO public.profesor_especialidades (profesor_id, especialidad_id, created_at, updated_at) VALUES (16, 13, '2024-10-12 21:22:50.803', '2024-10-12 21:22:50.803') ON CONFLICT DO NOTHING;
INSERT INTO public.profesor_especialidades (profesor_id, especialidad_id, created_at, updated_at) VALUES (17, 14, '2024-10-12 21:22:50.803', '2024-10-12 21:22:50.803') ON CONFLICT DO NOTHING;
INSERT INTO public.profesor_especialidades (profesor_id, especialidad_id, created_at, updated_at) VALUES (18, 15, '2024-10-12 21:22:50.803', '2024-10-12 21:22:50.803') ON CONFLICT DO NOTHING;
INSERT INTO public.profesor_especialidades (profesor_id, especialidad_id, created_at, updated_at) VALUES (19, 16, '2024-10-12 21:22:50.803', '2024-10-12 21:22:50.803') ON CONFLICT DO NOTHING;
INSERT INTO public.profesor_especialidades (profesor_id, especialidad_id, created_at, updated_at) VALUES (20, 17, '2024-10-12 21:22:50.803', '2024-10-12 21:22:50.803') ON CONFLICT DO NOTHING;
INSERT INTO public.profesor_especialidades (profesor_id, especialidad_id, created_at, updated_at) VALUES (21, 18, '2024-10-12 21:22:50.803', '2024-10-12 21:22:50.803') ON CONFLICT DO NOTHING;
INSERT INTO public.profesor_especialidades (profesor_id, especialidad_id, created_at, updated_at) VALUES (22, 19, '2024-10-12 21:22:50.803', '2024-10-12 21:22:50.803') ON CONFLICT DO NOTHING;
INSERT INTO public.profesor_especialidades (profesor_id, especialidad_id, created_at, updated_at) VALUES (23, 20, '2024-10-12 21:22:50.803', '2024-10-12 21:22:50.803') ON CONFLICT DO NOTHING;
INSERT INTO public.profesor_especialidades (profesor_id, especialidad_id, created_at, updated_at) VALUES (24, 1, '2024-10-12 21:22:50.803', '2024-10-12 21:22:50.803') ON CONFLICT DO NOTHING;
INSERT INTO public.profesor_especialidades (profesor_id, especialidad_id, created_at, updated_at) VALUES (25, 2, '2024-10-12 21:22:50.803', '2024-10-12 21:22:50.803') ON CONFLICT DO NOTHING;
INSERT INTO public.profesor_especialidades (profesor_id, especialidad_id, created_at, updated_at) VALUES (26, 3, '2024-10-12 21:22:50.803', '2024-10-12 21:22:50.803') ON CONFLICT DO NOTHING;
INSERT INTO public.profesor_especialidades (profesor_id, especialidad_id, created_at, updated_at) VALUES (27, 4, '2024-10-12 21:22:50.803', '2024-10-12 21:22:50.803') ON CONFLICT DO NOTHING;
INSERT INTO public.profesor_especialidades (profesor_id, especialidad_id, created_at, updated_at) VALUES (28, 5, '2024-10-12 21:22:50.803', '2024-10-12 21:22:50.803') ON CONFLICT DO NOTHING;
INSERT INTO public.profesor_especialidades (profesor_id, especialidad_id, created_at, updated_at) VALUES (29, 6, '2024-10-12 21:22:50.803', '2024-10-12 21:22:50.803') ON CONFLICT DO NOTHING;
INSERT INTO public.profesor_especialidades (profesor_id, especialidad_id, created_at, updated_at) VALUES (30, 7, '2024-10-12 21:22:50.803', '2024-10-12 21:22:50.803') ON CONFLICT DO NOTHING;

INSERT INTO public.profesor_subespecialidades (subEspecialidad_id, profesor_id, created_at, updated_at) VALUES (1, 1, '2024-10-12 21:22:51.279', '2024-10-12 21:22:51.279') ON CONFLICT DO NOTHING;
INSERT INTO public.profesor_subespecialidades (subEspecialidad_id, profesor_id, created_at, updated_at) VALUES (2, 2, '2024-10-12 21:22:51.279', '2024-10-12 21:22:51.279') ON CONFLICT DO NOTHING;
INSERT INTO public.profesor_subespecialidades (subEspecialidad_id, profesor_id, created_at, updated_at) VALUES (3, 3, '2024-10-12 21:22:51.279', '2024-10-12 21:22:51.279') ON CONFLICT DO NOTHING;
INSERT INTO public.profesor_subespecialidades (subEspecialidad_id, profesor_id, created_at, updated_at) VALUES (4, 4, '2024-10-12 21:22:51.279', '2024-10-12 21:22:51.279') ON CONFLICT DO NOTHING;
INSERT INTO public.profesor_subespecialidades (subEspecialidad_id, profesor_id, created_at, updated_at) VALUES (5, 5, '2024-10-12 21:22:51.279', '2024-10-12 21:22:51.279') ON CONFLICT DO NOTHING;
INSERT INTO public.profesor_subespecialidades (subEspecialidad_id, profesor_id, created_at, updated_at) VALUES (6, 6, '2024-10-12 21:22:51.279', '2024-10-12 21:22:51.279') ON CONFLICT DO NOTHING;
INSERT INTO public.profesor_subespecialidades (subEspecialidad_id, profesor_id, created_at, updated_at) VALUES (7, 7, '2024-10-12 21:22:51.279', '2024-10-12 21:22:51.279') ON CONFLICT DO NOTHING;
INSERT INTO public.profesor_subespecialidades (subEspecialidad_id, profesor_id, created_at, updated_at) VALUES (8, 8, '2024-10-12 21:22:51.279', '2024-10-12 21:22:51.279') ON CONFLICT DO NOTHING;
INSERT INTO public.profesor_subespecialidades (subEspecialidad_id, profesor_id, created_at, updated_at) VALUES (9, 9, '2024-10-12 21:22:51.279', '2024-10-12 21:22:51.279') ON CONFLICT DO NOTHING;
INSERT INTO public.profesor_subespecialidades (subEspecialidad_id, profesor_id, created_at, updated_at) VALUES (10, 10, '2024-10-12 21:22:51.279', '2024-10-12 21:22:51.279') ON CONFLICT DO NOTHING;
INSERT INTO public.profesor_subespecialidades (subEspecialidad_id, profesor_id, created_at, updated_at) VALUES (11, 11, '2024-10-12 21:22:51.279', '2024-10-12 21:22:51.279') ON CONFLICT DO NOTHING;
INSERT INTO public.profesor_subespecialidades (subEspecialidad_id, profesor_id, created_at, updated_at) VALUES (12, 12, '2024-10-12 21:22:51.279', '2024-10-12 21:22:51.279') ON CONFLICT DO NOTHING;
INSERT INTO public.profesor_subespecialidades (subEspecialidad_id, profesor_id, created_at, updated_at) VALUES (13, 13, '2024-10-12 21:22:51.279', '2024-10-12 21:22:51.279') ON CONFLICT DO NOTHING;
INSERT INTO public.profesor_subespecialidades (subEspecialidad_id, profesor_id, created_at, updated_at) VALUES (14, 14, '2024-10-12 21:22:51.279', '2024-10-12 21:22:51.279') ON CONFLICT DO NOTHING;
INSERT INTO public.profesor_subespecialidades (subEspecialidad_id, profesor_id, created_at, updated_at) VALUES (15, 15, '2024-10-12 21:22:51.279', '2024-10-12 21:22:51.279') ON CONFLICT DO NOTHING;
INSERT INTO public.profesor_subespecialidades (subEspecialidad_id, profesor_id, created_at, updated_at) VALUES (16, 16, '2024-10-12 21:22:51.279', '2024-10-12 21:22:51.279') ON CONFLICT DO NOTHING;
INSERT INTO public.profesor_subespecialidades (subEspecialidad_id, profesor_id, created_at, updated_at) VALUES (17, 17, '2024-10-12 21:22:51.279', '2024-10-12 21:22:51.279') ON CONFLICT DO NOTHING;
INSERT INTO public.profesor_subespecialidades (subEspecialidad_id, profesor_id, created_at, updated_at) VALUES (18, 18, '2024-10-12 21:22:51.279', '2024-10-12 21:22:51.279') ON CONFLICT DO NOTHING;
INSERT INTO public.profesor_subespecialidades (subEspecialidad_id, profesor_id, created_at, updated_at) VALUES (19, 19, '2024-10-12 21:22:51.279', '2024-10-12 21:22:51.279') ON CONFLICT DO NOTHING;
INSERT INTO public.profesor_subespecialidades (subEspecialidad_id, profesor_id, created_at, updated_at) VALUES (20, 20, '2024-10-12 21:22:51.279', '2024-10-12 21:22:51.279') ON CONFLICT DO NOTHING;

INSERT INTO public.clases (id, es_virtual, es_grupal, fecha_clase, profesor_id, created_at, updated_at, subespecialidad_id, sector_id) VALUES (1, true, true, '2024-10-15 09:00:00', 1, '2024-10-12 21:22:51.757', '2024-10-12 21:22:51.757', 1, 1) ON CONFLICT DO NOTHING;
INSERT INTO public.clases (id, es_virtual, es_grupal, fecha_clase, profesor_id, created_at, updated_at, subespecialidad_id, sector_id) VALUES (2, false, false, '2024-10-16 10:30:00', 2, '2024-10-12 21:22:51.757', '2024-10-12 21:22:51.757', 2, 1) ON CONFLICT DO NOTHING;
INSERT INTO public.clases (id, es_virtual, es_grupal, fecha_clase, profesor_id, created_at, updated_at, subespecialidad_id, sector_id) VALUES (3, true, false, '2024-10-17 14:00:00', 3, '2024-10-12 21:22:51.757', '2024-10-12 21:22:51.757', 3, 1) ON CONFLICT DO NOTHING;
INSERT INTO public.clases (id, es_virtual, es_grupal, fecha_clase, profesor_id, created_at, updated_at, subespecialidad_id, sector_id) VALUES (4, false, true, '2024-10-18 15:00:00', 4, '2024-10-12 21:22:51.757', '2024-10-12 21:22:51.757', 4, 1) ON CONFLICT DO NOTHING;
INSERT INTO public.clases (id, es_virtual, es_grupal, fecha_clase, profesor_id, created_at, updated_at, subespecialidad_id, sector_id) VALUES (5, true, true, '2024-10-19 08:00:00', 5, '2024-10-12 21:22:51.757', '2024-10-12 21:22:51.757', 5, 1) ON CONFLICT DO NOTHING;
INSERT INTO public.clases (id, es_virtual, es_grupal, fecha_clase, profesor_id, created_at, updated_at, subespecialidad_id, sector_id) VALUES (6, false, false, '2024-10-20 11:00:00', 6, '2024-10-12 21:22:51.757', '2024-10-12 21:22:51.757', 1, 1) ON CONFLICT DO NOTHING;
INSERT INTO public.clases (id, es_virtual, es_grupal, fecha_clase, profesor_id, created_at, updated_at, subespecialidad_id, sector_id) VALUES (7, true, true, '2024-10-21 13:00:00', 7, '2024-10-12 21:22:51.757', '2024-10-12 21:22:51.757', 2, 1) ON CONFLICT DO NOTHING;
INSERT INTO public.clases (id, es_virtual, es_grupal, fecha_clase, profesor_id, created_at, updated_at, subespecialidad_id, sector_id) VALUES (8, false, false, '2024-10-22 16:00:00', 8, '2024-10-12 21:22:51.757', '2024-10-12 21:22:51.757', 3, 1) ON CONFLICT DO NOTHING;
INSERT INTO public.clases (id, es_virtual, es_grupal, fecha_clase, profesor_id, created_at, updated_at, subespecialidad_id, sector_id) VALUES (9, true, false, '2024-10-23 17:30:00', 9, '2024-10-12 21:22:51.757', '2024-10-12 21:22:51.757', 4, 1) ON CONFLICT DO NOTHING;
INSERT INTO public.clases (id, es_virtual, es_grupal, fecha_clase, profesor_id, created_at, updated_at, subespecialidad_id, sector_id) VALUES (10, false, true, '2024-10-24 09:30:00', 10, '2024-10-12 21:22:51.757', '2024-10-12 21:22:51.757', 5, 1) ON CONFLICT DO NOTHING;
INSERT INTO public.clases (id, es_virtual, es_grupal, fecha_clase, profesor_id, created_at, updated_at, subespecialidad_id, sector_id) VALUES (11, true, true, '2024-10-25 10:00:00', 11, '2024-10-12 21:22:51.757', '2024-10-12 21:22:51.757', 6, 1) ON CONFLICT DO NOTHING;
INSERT INTO public.clases (id, es_virtual, es_grupal, fecha_clase, profesor_id, created_at, updated_at, subespecialidad_id, sector_id) VALUES (12, false, false, '2024-10-26 15:00:00', 12, '2024-10-12 21:22:51.757', '2024-10-12 21:22:51.757', 7, 1) ON CONFLICT DO NOTHING;
INSERT INTO public.clases (id, es_virtual, es_grupal, fecha_clase, profesor_id, created_at, updated_at, subespecialidad_id, sector_id) VALUES (13, true, false, '2024-10-27 12:00:00', 13, '2024-10-12 21:22:51.757', '2024-10-12 21:22:51.757', 8, 1) ON CONFLICT DO NOTHING;
INSERT INTO public.clases (id, es_virtual, es_grupal, fecha_clase, profesor_id, created_at, updated_at, subespecialidad_id, sector_id) VALUES (14, false, true, '2024-10-28 14:30:00', 14, '2024-10-12 21:22:51.757', '2024-10-12 21:22:51.757', 9, 1) ON CONFLICT DO NOTHING;
INSERT INTO public.clases (id, es_virtual, es_grupal, fecha_clase, profesor_id, created_at, updated_at, subespecialidad_id, sector_id) VALUES (15, true, true, '2024-10-29 11:30:00', 15, '2024-10-12 21:22:51.757', '2024-10-12 21:22:51.757', 10, 1) ON CONFLICT DO NOTHING;
INSERT INTO public.clases (id, es_virtual, es_grupal, fecha_clase, profesor_id, created_at, updated_at, subespecialidad_id, sector_id) VALUES (16, false, false, '2024-10-30 13:00:00', 16, '2024-10-12 21:22:51.757', '2024-10-12 21:22:51.757', 11, 1) ON CONFLICT DO NOTHING;
INSERT INTO public.clases (id, es_virtual, es_grupal, fecha_clase, profesor_id, created_at, updated_at, subespecialidad_id, sector_id) VALUES (17, true, false, '2024-10-31 16:00:00', 17, '2024-10-12 21:22:51.757', '2024-10-12 21:22:51.757', 12, 1) ON CONFLICT DO NOTHING;
INSERT INTO public.clases (id, es_virtual, es_grupal, fecha_clase, profesor_id, created_at, updated_at, subespecialidad_id, sector_id) VALUES (18, false, true, '2024-11-01 09:00:00', 18, '2024-10-12 21:22:51.757', '2024-10-12 21:22:51.757', 1, 1) ON CONFLICT DO NOTHING;
INSERT INTO public.clases (id, es_virtual, es_grupal, fecha_clase, profesor_id, created_at, updated_at, subespecialidad_id, sector_id) VALUES (19, true, true, '2024-11-02 10:30:00', 19, '2024-10-12 21:22:51.757', '2024-10-12 21:22:51.757', 2, 1) ON CONFLICT DO NOTHING;
INSERT INTO public.clases (id, es_virtual, es_grupal, fecha_clase, profesor_id, created_at, updated_at, subespecialidad_id, sector_id) VALUES (20, false, false, '2024-11-03 14:00:00', 20, '2024-10-12 21:22:51.757', '2024-10-12 21:22:51.757', 3, 1) ON CONFLICT DO NOTHING;

INSERT INTO public.material_clases (id, material_id, clase_id) VALUES (1, 1, 1) ON CONFLICT DO NOTHING;
INSERT INTO public.material_clases (id, material_id, clase_id) VALUES (2, 2, 2) ON CONFLICT DO NOTHING;
INSERT INTO public.material_clases (id, material_id, clase_id) VALUES (3, 3, 3) ON CONFLICT DO NOTHING;
INSERT INTO public.material_clases (id, material_id, clase_id) VALUES (4, 4, 4) ON CONFLICT DO NOTHING;
INSERT INTO public.material_clases (id, material_id, clase_id) VALUES (5, 5, 5) ON CONFLICT DO NOTHING;
INSERT INTO public.material_clases (id, material_id, clase_id) VALUES (6, 6, 6) ON CONFLICT DO NOTHING;
INSERT INTO public.material_clases (id, material_id, clase_id) VALUES (7, 7, 7) ON CONFLICT DO NOTHING;
INSERT INTO public.material_clases (id, material_id, clase_id) VALUES (8, 8, 8) ON CONFLICT DO NOTHING;
INSERT INTO public.material_clases (id, material_id, clase_id) VALUES (9, 9, 9) ON CONFLICT DO NOTHING;
INSERT INTO public.material_clases (id, material_id, clase_id) VALUES (10, 10, 10) ON CONFLICT DO NOTHING;
INSERT INTO public.material_clases (id, material_id, clase_id) VALUES (11, 11, 11) ON CONFLICT DO NOTHING;
INSERT INTO public.material_clases (id, material_id, clase_id) VALUES (12, 12, 12) ON CONFLICT DO NOTHING;
INSERT INTO public.material_clases (id, material_id, clase_id) VALUES (13, 13, 13) ON CONFLICT DO NOTHING;
INSERT INTO public.material_clases (id, material_id, clase_id) VALUES (14, 14, 14) ON CONFLICT DO NOTHING;
INSERT INTO public.material_clases (id, material_id, clase_id) VALUES (15, 15, 15) ON CONFLICT DO NOTHING;
INSERT INTO public.material_clases (id, material_id, clase_id) VALUES (16, 16, 16) ON CONFLICT DO NOTHING;
INSERT INTO public.material_clases (id, material_id, clase_id) VALUES (17, 17, 17) ON CONFLICT DO NOTHING;
INSERT INTO public.material_clases (id, material_id, clase_id) VALUES (18, 18, 18) ON CONFLICT DO NOTHING;
INSERT INTO public.material_clases (id, material_id, clase_id) VALUES (19, 19, 19) ON CONFLICT DO NOTHING;
INSERT INTO public.material_clases (id, material_id, clase_id) VALUES (20, 20, 20) ON CONFLICT DO NOTHING;


INSERT INTO public.reviews (id, descripcion, ensenanza, puntualidad, disponibilidad, comunicacion, evaluacion, empatia, profesor_id, alumno_id, created_at, updated_at) VALUES (100, 'Excelente profesor, muy claro en sus explicaciones.', 5, 5, 5, 5, 5, 5, 1, 31, '2024-10-12 21:39:46.536', '2024-10-12 21:39:46.536') ON CONFLICT DO NOTHING;
INSERT INTO public.reviews (id, descripcion, ensenanza, puntualidad, disponibilidad, comunicacion, evaluacion, empatia, profesor_id, alumno_id, created_at, updated_at) VALUES (101, 'La clase fue muy útil y aprendí bastante.', 4, 5, 4, 4, 4, 4, 2, 32, '2024-10-12 21:39:46.536', '2024-10-12 21:39:46.536') ON CONFLICT DO NOTHING;
INSERT INTO public.reviews (id, descripcion, ensenanza, puntualidad, disponibilidad, comunicacion, evaluacion, empatia, profesor_id, alumno_id, created_at, updated_at) VALUES (102, 'Un profesor muy paciente, pero a veces se retrasa.', 3, 3, 4, 4, 3, 4, 1, 33, '2024-10-12 21:39:46.536', '2024-10-12 21:39:46.536') ON CONFLICT DO NOTHING;
INSERT INTO public.reviews (id, descripcion, ensenanza, puntualidad, disponibilidad, comunicacion, evaluacion, empatia, profesor_id, alumno_id, created_at, updated_at) VALUES (103, 'Gran disponibilidad, siempre responde a tiempo.', 4, 5, 5, 5, 4, 5, 3, 34, '2024-10-12 21:39:46.536', '2024-10-12 21:39:46.536') ON CONFLICT DO NOTHING;
INSERT INTO public.reviews (id, descripcion, ensenanza, puntualidad, disponibilidad, comunicacion, evaluacion, empatia, profesor_id, alumno_id, created_at, updated_at) VALUES (104, 'No cumplió con las expectativas, pero tiene buena intención.', 2, 2, 3, 3, 2, 2, 2, 35, '2024-10-12 21:39:46.536', '2024-10-12 21:39:46.536') ON CONFLICT DO NOTHING;
INSERT INTO public.reviews (id, descripcion, ensenanza, puntualidad, disponibilidad, comunicacion, evaluacion, empatia, profesor_id, alumno_id, created_at, updated_at) VALUES (105, 'Las explicaciones son confusas, pero se esfuerza.', 3, 3, 3, 2, 3, 3, 4, 36, '2024-10-12 21:39:46.536', '2024-10-12 21:39:46.536') ON CONFLICT DO NOTHING;
INSERT INTO public.reviews (id, descripcion, ensenanza, puntualidad, disponibilidad, comunicacion, evaluacion, empatia, profesor_id, alumno_id, created_at, updated_at) VALUES (106, 'Súper empático, entiende mis dificultades.', 5, 5, 4, 5, 5, 5, 3, 37, '2024-10-12 21:39:46.536', '2024-10-12 21:39:46.536') ON CONFLICT DO NOTHING;
INSERT INTO public.reviews (id, descripcion, ensenanza, puntualidad, disponibilidad, comunicacion, evaluacion, empatia, profesor_id, alumno_id, created_at, updated_at) VALUES (107, 'Buena comunicación, aunque a veces se desvía del tema.', 4, 4, 3, 4, 4, 4, 5, 38, '2024-10-12 21:39:46.536', '2024-10-12 21:39:46.536') ON CONFLICT DO NOTHING;
INSERT INTO public.reviews (id, descripcion, ensenanza, puntualidad, disponibilidad, comunicacion, evaluacion, empatia, profesor_id, alumno_id, created_at, updated_at) VALUES (108, 'Las clases son dinámicas y entretenidas.', 4, 4, 5, 4, 4, 4, 1, 39, '2024-10-12 21:39:46.536', '2024-10-12 21:39:46.536') ON CONFLICT DO NOTHING;
INSERT INTO public.reviews (id, descripcion, ensenanza, puntualidad, disponibilidad, comunicacion, evaluacion, empatia, profesor_id, alumno_id, created_at, updated_at) VALUES (109, 'Siempre puntual, muy profesional.', 5, 5, 5, 5, 5, 5, 2, 40, '2024-10-12 21:39:46.536', '2024-10-12 21:39:46.536') ON CONFLICT DO NOTHING;
INSERT INTO public.reviews (id, descripcion, ensenanza, puntualidad, disponibilidad, comunicacion, evaluacion, empatia, profesor_id, alumno_id, created_at, updated_at) VALUES (110, 'Muy buena conexión con los alumnos, se siente cercano.', 4, 4, 4, 5, 4, 4, 3, 41, '2024-10-12 21:39:46.536', '2024-10-12 21:39:46.536') ON CONFLICT DO NOTHING;
INSERT INTO public.reviews (id, descripcion, ensenanza, puntualidad, disponibilidad, comunicacion, evaluacion, empatia, profesor_id, alumno_id, created_at, updated_at) VALUES (111, 'Las tareas son desafiantes pero justas.', 4, 5, 5, 4, 4, 5, 4, 42, '2024-10-12 21:39:46.536', '2024-10-12 21:39:46.536') ON CONFLICT DO NOTHING;
INSERT INTO public.reviews (id, descripcion, ensenanza, puntualidad, disponibilidad, comunicacion, evaluacion, empatia, profesor_id, alumno_id, created_at, updated_at) VALUES (112, 'Enseña bien, pero a veces es difícil seguirle el ritmo.', 3, 3, 4, 3, 3, 3, 5, 43, '2024-10-12 21:39:46.536', '2024-10-12 21:39:46.536') ON CONFLICT DO NOTHING;
INSERT INTO public.reviews (id, descripcion, ensenanza, puntualidad, disponibilidad, comunicacion, evaluacion, empatia, profesor_id, alumno_id, created_at, updated_at) VALUES (113, 'Me gustaría que se tomara más tiempo para repasar conceptos.', 2, 2, 3, 3, 3, 2, 1, 44, '2024-10-12 21:39:46.536', '2024-10-12 21:39:46.536') ON CONFLICT DO NOTHING;
INSERT INTO public.reviews (id, descripcion, ensenanza, puntualidad, disponibilidad, comunicacion, evaluacion, empatia, profesor_id, alumno_id, created_at, updated_at) VALUES (114, 'Siento que he mejorado mucho gracias a sus clases.', 5, 5, 5, 5, 5, 5, 2, 45, '2024-10-12 21:39:46.536', '2024-10-12 21:39:46.536') ON CONFLICT DO NOTHING;
INSERT INTO public.reviews (id, descripcion, ensenanza, puntualidad, disponibilidad, comunicacion, evaluacion, empatia, profesor_id, alumno_id, created_at, updated_at) VALUES (115, 'Es un buen profesor, pero necesita mejorar su organización.', 3, 3, 4, 3, 3, 3, 3, 46, '2024-10-12 21:39:46.536', '2024-10-12 21:39:46.536') ON CONFLICT DO NOTHING;
INSERT INTO public.reviews (id, descripcion, ensenanza, puntualidad, disponibilidad, comunicacion, evaluacion, empatia, profesor_id, alumno_id, created_at, updated_at) VALUES (116, 'Excelente disposición para ayudar, se siente muy accesible.', 5, 5, 5, 5, 5, 5, 4, 47, '2024-10-12 21:39:46.536', '2024-10-12 21:39:46.536') ON CONFLICT DO NOTHING;
INSERT INTO public.reviews (id, descripcion, ensenanza, puntualidad, disponibilidad, comunicacion, evaluacion, empatia, profesor_id, alumno_id, created_at, updated_at) VALUES (117, 'Se enfoca mucho en la teoría, falta práctica.', 2, 3, 2, 2, 3, 2, 5, 48, '2024-10-12 21:39:46.536', '2024-10-12 21:39:46.536') ON CONFLICT DO NOTHING;
INSERT INTO public.reviews (id, descripcion, ensenanza, puntualidad, disponibilidad, comunicacion, evaluacion, empatia, profesor_id, alumno_id, created_at, updated_at) VALUES (118, 'Sabe mucho de la materia, me gustaría más ejemplos prácticos.', 4, 4, 4, 4, 4, 4, 3, 49, '2024-10-12 21:39:46.536', '2024-10-12 21:39:46.536') ON CONFLICT DO NOTHING;
INSERT INTO public.reviews (id, descripcion, ensenanza, puntualidad, disponibilidad, comunicacion, evaluacion, empatia, profesor_id, alumno_id, created_at, updated_at) VALUES (119, 'El ambiente de clase es muy agradable, se puede aprender bien.', 5, 5, 5, 5, 5, 5, 1, 50, '2024-10-12 21:39:46.536', '2024-10-12 21:39:46.536') ON CONFLICT DO NOTHING;
INSERT INTO public.reviews (id, descripcion, ensenanza, puntualidad, disponibilidad, comunicacion, evaluacion, empatia, profesor_id, alumno_id, created_at, updated_at) VALUES (120, 'No siempre está disponible, pero cuando lo está, es útil.', 3, 2, 3, 3, 3, 3, 2, 51, '2024-10-12 21:39:46.536', '2024-10-12 21:39:46.536') ON CONFLICT DO NOTHING;
INSERT INTO public.reviews (id, descripcion, ensenanza, puntualidad, disponibilidad, comunicacion, evaluacion, empatia, profesor_id, alumno_id, created_at, updated_at) VALUES (121, 'Mucha claridad en las explicaciones, un buen profesor.', 4, 5, 4, 4, 4, 4, 1, 52, '2024-10-12 21:39:46.536', '2024-10-12 21:39:46.536') ON CONFLICT DO NOTHING;
INSERT INTO public.reviews (id, descripcion, ensenanza, puntualidad, disponibilidad, comunicacion, evaluacion, empatia, profesor_id, alumno_id, created_at, updated_at) VALUES (122, 'Es bastante estricto, pero eso me ayuda a enfocarme.', 4, 4, 4, 4, 4, 4, 2, 53, '2024-10-12 21:39:46.536', '2024-10-12 21:39:46.536') ON CONFLICT DO NOTHING;
INSERT INTO public.reviews (id, descripcion, ensenanza, puntualidad, disponibilidad, comunicacion, evaluacion, empatia, profesor_id, alumno_id, created_at, updated_at) VALUES (123, 'Algunas veces se distrae, pero en general es bueno.', 3, 3, 3, 3, 3, 3, 3, 54, '2024-10-12 21:39:46.536', '2024-10-12 21:39:46.536') ON CONFLICT DO NOTHING;
INSERT INTO public.reviews (id, descripcion, ensenanza, puntualidad, disponibilidad, comunicacion, evaluacion, empatia, profesor_id, alumno_id, created_at, updated_at) VALUES (124, 'Es un buen profesor, pero necesita un poco más de paciencia.', 3, 3, 4, 4, 3, 3, 4, 55, '2024-10-12 21:39:46.536', '2024-10-12 21:39:46.536') ON CONFLICT DO NOTHING;
INSERT INTO public.reviews (id, descripcion, ensenanza, puntualidad, disponibilidad, comunicacion, evaluacion, empatia, profesor_id, alumno_id, created_at, updated_at) VALUES (125, 'Recomiendo tomar clases con él, es muy profesional.', 5, 5, 5, 5, 5, 5, 5, 56, '2024-10-12 21:39:46.536', '2024-10-12 21:39:46.536') ON CONFLICT DO NOTHING;
INSERT INTO public.reviews (id, descripcion, ensenanza, puntualidad, disponibilidad, comunicacion, evaluacion, empatia, profesor_id, alumno_id, created_at, updated_at) VALUES (126, 'Gran profesor, pero a veces se pierde en sus explicaciones.', 3, 3, 4, 4, 3, 3, 1, 57, '2024-10-12 21:39:46.536', '2024-10-12 21:39:46.536') ON CONFLICT DO NOTHING;
INSERT INTO public.reviews (id, descripcion, ensenanza, puntualidad, disponibilidad, comunicacion, evaluacion, empatia, profesor_id, alumno_id, created_at, updated_at) VALUES (127, 'Me gusta su metodología de enseñanza, es efectiva.', 5, 5, 5, 5, 5, 5, 2, 58, '2024-10-12 21:39:46.536', '2024-10-12 21:39:46.536') ON CONFLICT DO NOTHING;
INSERT INTO public.reviews (id, descripcion, ensenanza, puntualidad, disponibilidad, comunicacion, evaluacion, empatia, profesor_id, alumno_id, created_at, updated_at) VALUES (128, 'Es un buen profesor, pero sus clases pueden ser lentas.', 3, 3, 3, 3, 3, 3, 3, 59, '2024-10-12 21:39:46.536', '2024-10-12 21:39:46.536') ON CONFLICT DO NOTHING;
INSERT INTO public.reviews (id, descripcion, ensenanza, puntualidad, disponibilidad, comunicacion, evaluacion, empatia, profesor_id, alumno_id, created_at, updated_at) VALUES (129, 'Las clases son interactivas, lo que me gusta mucho.', 4, 4, 4, 4, 4, 4, 4, 60, '2024-10-12 21:39:46.536', '2024-10-12 21:39:46.536') ON CONFLICT DO NOTHING;
INSERT INTO public.reviews (id, descripcion, ensenanza, puntualidad, disponibilidad, comunicacion, evaluacion, empatia, profesor_id, alumno_id, created_at, updated_at) VALUES (130, 'Se esfuerza por conectar con los alumnos, eso es valioso.', 5, 5, 5, 5, 5, 5, 5, 31, '2024-10-12 21:39:46.536', '2024-10-12 21:39:46.536') ON CONFLICT DO NOTHING;
INSERT INTO public.reviews (id, descripcion, ensenanza, puntualidad, disponibilidad, comunicacion, evaluacion, empatia, profesor_id, alumno_id, created_at, updated_at) VALUES (131, 'Las explicaciones son detalladas, pero un poco largas.', 3, 3, 3, 3, 3, 3, 1, 32, '2024-10-12 21:39:46.536', '2024-10-12 21:39:46.536') ON CONFLICT DO NOTHING;
INSERT INTO public.reviews (id, descripcion, ensenanza, puntualidad, disponibilidad, comunicacion, evaluacion, empatia, profesor_id, alumno_id, created_at, updated_at) VALUES (132, 'Un profesor muy apasionado por su materia.', 5, 5, 5, 5, 5, 5, 2, 33, '2024-10-12 21:39:46.536', '2024-10-12 21:39:46.536') ON CONFLICT DO NOTHING;
