
INSERT INTO public.paises VALUES ('1', 'Afganistán', 'AF') ON CONFLICT DO NOTHING;
INSERT INTO public.paises VALUES ('2', 'Islas Gland', 'AX') ON CONFLICT DO NOTHING;
INSERT INTO public.paises VALUES ('3', 'Albania', 'AL') ON CONFLICT DO NOTHING;
INSERT INTO public.paises VALUES ('4', 'Alemania', 'DE') ON CONFLICT DO NOTHING;
INSERT INTO public.paises VALUES ('5', 'Andorra', 'AD') ON CONFLICT DO NOTHING;
INSERT INTO public.paises VALUES ('6', 'Angola', 'AO') ON CONFLICT DO NOTHING;
INSERT INTO public.paises VALUES ('7', 'Anguilla', 'AI') ON CONFLICT DO NOTHING;
INSERT INTO public.paises VALUES ('8', 'Antártida', 'AQ') ON CONFLICT DO NOTHING;
INSERT INTO public.paises VALUES ('9', 'Antigua y Barbuda', 'AG') ON CONFLICT DO NOTHING;
INSERT INTO public.paises VALUES ('10', 'Antillas Holandesas', 'AN') ON CONFLICT DO NOTHING;
INSERT INTO public.paises VALUES ('11', 'Arabia Saudí', 'SA') ON CONFLICT DO NOTHING;
INSERT INTO public.paises VALUES ('12', 'Argelia', 'DZ') ON CONFLICT DO NOTHING;
INSERT INTO public.paises VALUES ('13', 'Argentina', 'AR') ON CONFLICT DO NOTHING;
INSERT INTO public.paises VALUES ('14', 'Armenia', 'AM') ON CONFLICT DO NOTHING;
INSERT INTO public.paises VALUES ('15', 'Aruba', 'AW') ON CONFLICT DO NOTHING;
INSERT INTO public.paises VALUES ('16', 'Australia', 'AU') ON CONFLICT DO NOTHING;
INSERT INTO public.paises VALUES ('17', 'Austria', 'AT') ON CONFLICT DO NOTHING;
INSERT INTO public.paises VALUES ('18', 'Azerbaiyán', 'AZ') ON CONFLICT DO NOTHING;
INSERT INTO public.paises VALUES ('19', 'Bahamas', 'BS') ON CONFLICT DO NOTHING;
INSERT INTO public.paises VALUES ('20', 'Bahréin', 'BH') ON CONFLICT DO NOTHING;
INSERT INTO public.paises VALUES ('21', 'Bangladesh', 'BD') ON CONFLICT DO NOTHING;
INSERT INTO public.paises VALUES ('22', 'Barbados', 'BB') ON CONFLICT DO NOTHING;
INSERT INTO public.paises VALUES ('23', 'Bielorrusia', 'BY') ON CONFLICT DO NOTHING;
INSERT INTO public.paises VALUES ('24', 'Bélgica', 'BE') ON CONFLICT DO NOTHING;
INSERT INTO public.paises VALUES ('25', 'Belice', 'BZ') ON CONFLICT DO NOTHING;
INSERT INTO public.paises VALUES ('26', 'Benin', 'BJ') ON CONFLICT DO NOTHING;
INSERT INTO public.paises VALUES ('27', 'Bermudas', 'BM') ON CONFLICT DO NOTHING;
INSERT INTO public.paises VALUES ('28', 'Bhután', 'BT') ON CONFLICT DO NOTHING;
INSERT INTO public.paises VALUES ('29', 'Bolivia', 'BO') ON CONFLICT DO NOTHING;
INSERT INTO public.paises VALUES ('30', 'Bosnia y Herzegovina', 'BA') ON CONFLICT DO NOTHING;
INSERT INTO public.paises VALUES ('31', 'Botsuana', 'BW') ON CONFLICT DO NOTHING;
INSERT INTO public.paises VALUES ('32', 'Isla Bouvet', 'BV') ON CONFLICT DO NOTHING;
INSERT INTO public.paises VALUES ('33', 'Brasil', 'BR') ON CONFLICT DO NOTHING;
INSERT INTO public.paises VALUES ('34', 'Brunéi', 'BN') ON CONFLICT DO NOTHING;
INSERT INTO public.paises VALUES ('35', 'Bulgaria', 'BG') ON CONFLICT DO NOTHING;
INSERT INTO public.paises VALUES ('36', 'Burkina Faso', 'BF') ON CONFLICT DO NOTHING;
INSERT INTO public.paises VALUES ('37', 'Burundi', 'BI') ON CONFLICT DO NOTHING;
INSERT INTO public.paises VALUES ('38', 'Cabo Verde', 'CV') ON CONFLICT DO NOTHING;
INSERT INTO public.paises VALUES ('39', 'Islas Caimán', 'KY') ON CONFLICT DO NOTHING;
INSERT INTO public.paises VALUES ('40', 'Camboya', 'KH') ON CONFLICT DO NOTHING;
INSERT INTO public.paises VALUES ('41', 'Camerún', 'CM') ON CONFLICT DO NOTHING;
INSERT INTO public.paises VALUES ('42', 'Canadá', 'CA') ON CONFLICT DO NOTHING;
INSERT INTO public.paises VALUES ('43', 'República Centroafricana', 'CF') ON CONFLICT DO NOTHING;
INSERT INTO public.paises VALUES ('44', 'Chad', 'TD') ON CONFLICT DO NOTHING;
INSERT INTO public.paises VALUES ('45', 'República Checa', 'CZ') ON CONFLICT DO NOTHING;
INSERT INTO public.paises VALUES ('46', 'Chile', 'CL') ON CONFLICT DO NOTHING;
INSERT INTO public.paises VALUES ('47', 'China', 'CN') ON CONFLICT DO NOTHING;
INSERT INTO public.paises VALUES ('48', 'Chipre', 'CY') ON CONFLICT DO NOTHING;
INSERT INTO public.paises VALUES ('49', 'Isla de Navidad', 'CX') ON CONFLICT DO NOTHING;
INSERT INTO public.paises VALUES ('50', 'Ciudad del Vaticano', 'VA') ON CONFLICT DO NOTHING;
INSERT INTO public.paises VALUES ('51', 'Islas Cocos', 'CC') ON CONFLICT DO NOTHING;
INSERT INTO public.paises VALUES ('52', 'Colombia', 'CO') ON CONFLICT DO NOTHING;
INSERT INTO public.paises VALUES ('53', 'Comoras', 'KM') ON CONFLICT DO NOTHING;
INSERT INTO public.paises VALUES ('54', 'República Democrática del Congo', 'CD') ON CONFLICT DO NOTHING;
INSERT INTO public.paises VALUES ('55', 'Congo', 'CG') ON CONFLICT DO NOTHING;
INSERT INTO public.paises VALUES ('56', 'Islas Cook', 'CK') ON CONFLICT DO NOTHING;
INSERT INTO public.paises VALUES ('57', 'Corea del Norte', 'KP') ON CONFLICT DO NOTHING;
INSERT INTO public.paises VALUES ('58', 'Corea del Sur', 'KR') ON CONFLICT DO NOTHING;
INSERT INTO public.paises VALUES ('59', 'Costa de Marfil', 'CI') ON CONFLICT DO NOTHING;
INSERT INTO public.paises VALUES ('60', 'Costa Rica', 'CR') ON CONFLICT DO NOTHING;
INSERT INTO public.paises VALUES ('61', 'Croacia', 'HR') ON CONFLICT DO NOTHING;
INSERT INTO public.paises VALUES ('62', 'Cuba', 'CU') ON CONFLICT DO NOTHING;
INSERT INTO public.paises VALUES ('63', 'Dinamarca', 'DK') ON CONFLICT DO NOTHING;
INSERT INTO public.paises VALUES ('64', 'Dominica', 'DM') ON CONFLICT DO NOTHING;
INSERT INTO public.paises VALUES ('65', 'República Dominicana', 'DO') ON CONFLICT DO NOTHING;
INSERT INTO public.paises VALUES ('66', 'Ecuador', 'EC') ON CONFLICT DO NOTHING;
INSERT INTO public.paises VALUES ('67', 'Egipto', 'EG') ON CONFLICT DO NOTHING;
INSERT INTO public.paises VALUES ('68', 'El Salvador', 'SV') ON CONFLICT DO NOTHING;
INSERT INTO public.paises VALUES ('69', 'Emiratos Árabes Unidos', 'AE') ON CONFLICT DO NOTHING;
INSERT INTO public.paises VALUES ('70', 'Eritrea', 'ER') ON CONFLICT DO NOTHING;
INSERT INTO public.paises VALUES ('71', 'Eslovaquia', 'SK') ON CONFLICT DO NOTHING;
INSERT INTO public.paises VALUES ('72', 'Eslovenia', 'SI') ON CONFLICT DO NOTHING;
INSERT INTO public.paises VALUES ('73', 'España', 'ES') ON CONFLICT DO NOTHING;
INSERT INTO public.paises VALUES ('74', 'Islas ultramarinas de Estados Unidos', 'UM') ON CONFLICT DO NOTHING;
INSERT INTO public.paises VALUES ('75', 'Estados Unidos', 'US') ON CONFLICT DO NOTHING;
INSERT INTO public.paises VALUES ('76', 'Estonia', 'EE') ON CONFLICT DO NOTHING;
INSERT INTO public.paises VALUES ('77', 'Etiopía', 'ET') ON CONFLICT DO NOTHING;
INSERT INTO public.paises VALUES ('78', 'Islas Feroe', 'FO') ON CONFLICT DO NOTHING;
INSERT INTO public.paises VALUES ('79', 'Filipinas', 'PH') ON CONFLICT DO NOTHING;
INSERT INTO public.paises VALUES ('80', 'Finlandia', 'FI') ON CONFLICT DO NOTHING;
INSERT INTO public.paises VALUES ('81', 'Fiyi', 'FJ') ON CONFLICT DO NOTHING;
INSERT INTO public.paises VALUES ('82', 'Francia', 'FR') ON CONFLICT DO NOTHING;
INSERT INTO public.paises VALUES ('83', 'Gabón', 'GA') ON CONFLICT DO NOTHING;
INSERT INTO public.paises VALUES ('84', 'Gambia', 'GM') ON CONFLICT DO NOTHING;
INSERT INTO public.paises VALUES ('85', 'Georgia', 'GE') ON CONFLICT DO NOTHING;
INSERT INTO public.paises VALUES ('86', 'Islas Georgias del Sur y Sandwich del Sur', 'GS') ON CONFLICT DO NOTHING;
INSERT INTO public.paises VALUES ('87', 'Ghana', 'GH') ON CONFLICT DO NOTHING;
INSERT INTO public.paises VALUES ('88', 'Gibraltar', 'GI') ON CONFLICT DO NOTHING;
INSERT INTO public.paises VALUES ('89', 'Granada', 'GD') ON CONFLICT DO NOTHING;
INSERT INTO public.paises VALUES ('90', 'Grecia', 'GR') ON CONFLICT DO NOTHING;
INSERT INTO public.paises VALUES ('91', 'Groenlandia', 'GL') ON CONFLICT DO NOTHING;
INSERT INTO public.paises VALUES ('92', 'Guadalupe', 'GP') ON CONFLICT DO NOTHING;
INSERT INTO public.paises VALUES ('93', 'Guam', 'GU') ON CONFLICT DO NOTHING;
INSERT INTO public.paises VALUES ('94', 'Guatemala', 'GT') ON CONFLICT DO NOTHING;
INSERT INTO public.paises VALUES ('95', 'Guayana Francesa', 'GF') ON CONFLICT DO NOTHING;
INSERT INTO public.paises VALUES ('96', 'Guinea', 'GN') ON CONFLICT DO NOTHING;
INSERT INTO public.paises VALUES ('97', 'Guinea Ecuatorial', 'GQ') ON CONFLICT DO NOTHING;
INSERT INTO public.paises VALUES ('98', 'Guinea-Bissau', 'GW') ON CONFLICT DO NOTHING;
INSERT INTO public.paises VALUES ('99', 'Guyana', 'GY') ON CONFLICT DO NOTHING;
INSERT INTO public.paises VALUES ('100', 'Haití', 'HT') ON CONFLICT DO NOTHING;
INSERT INTO public.paises VALUES ('101', 'Islas Heard y McDonald', 'HM') ON CONFLICT DO NOTHING;
INSERT INTO public.paises VALUES ('102', 'Honduras', 'HN') ON CONFLICT DO NOTHING;
INSERT INTO public.paises VALUES ('103', 'Hong Kong', 'HK') ON CONFLICT DO NOTHING;
INSERT INTO public.paises VALUES ('104', 'Hungría', 'HU') ON CONFLICT DO NOTHING;
INSERT INTO public.paises VALUES ('105', 'India', 'IN') ON CONFLICT DO NOTHING;
INSERT INTO public.paises VALUES ('106', 'Indonesia', 'ID') ON CONFLICT DO NOTHING;
INSERT INTO public.paises VALUES ('107', 'Irán', 'IR') ON CONFLICT DO NOTHING;
INSERT INTO public.paises VALUES ('108', 'Iraq', 'IQ') ON CONFLICT DO NOTHING;
INSERT INTO public.paises VALUES ('109', 'Irlanda', 'IE') ON CONFLICT DO NOTHING;
INSERT INTO public.paises VALUES ('110', 'Islandia', 'IS') ON CONFLICT DO NOTHING;
INSERT INTO public.paises VALUES ('111', 'Israel', 'IL') ON CONFLICT DO NOTHING;
INSERT INTO public.paises VALUES ('112', 'Italia', 'IT') ON CONFLICT DO NOTHING;
INSERT INTO public.paises VALUES ('113', 'Jamaica', 'JM') ON CONFLICT DO NOTHING;
INSERT INTO public.paises VALUES ('114', 'Japón', 'JP') ON CONFLICT DO NOTHING;
INSERT INTO public.paises VALUES ('115', 'Jordania', 'JO') ON CONFLICT DO NOTHING;
INSERT INTO public.paises VALUES ('116', 'Kazajstán', 'KZ') ON CONFLICT DO NOTHING;
INSERT INTO public.paises VALUES ('117', 'Kenia', 'KE') ON CONFLICT DO NOTHING;
INSERT INTO public.paises VALUES ('118', 'Kirguistán', 'KG') ON CONFLICT DO NOTHING;
INSERT INTO public.paises VALUES ('119', 'Kiribati', 'KI') ON CONFLICT DO NOTHING;
INSERT INTO public.paises VALUES ('120', 'Kuwait', 'KW') ON CONFLICT DO NOTHING;
INSERT INTO public.paises VALUES ('121', 'Laos', 'LA') ON CONFLICT DO NOTHING;
INSERT INTO public.paises VALUES ('122', 'Lesotho', 'LS') ON CONFLICT DO NOTHING;
INSERT INTO public.paises VALUES ('123', 'Letonia', 'LV') ON CONFLICT DO NOTHING;
INSERT INTO public.paises VALUES ('124', 'Líbano', 'LB') ON CONFLICT DO NOTHING;
INSERT INTO public.paises VALUES ('125', 'Liberia', 'LR') ON CONFLICT DO NOTHING;
INSERT INTO public.paises VALUES ('126', 'Libia', 'LY') ON CONFLICT DO NOTHING;
INSERT INTO public.paises VALUES ('127', 'Liechtenstein', 'LI') ON CONFLICT DO NOTHING;
INSERT INTO public.paises VALUES ('128', 'Lituania', 'LT') ON CONFLICT DO NOTHING;
INSERT INTO public.paises VALUES ('129', 'Luxemburgo', 'LU') ON CONFLICT DO NOTHING;
INSERT INTO public.paises VALUES ('130', 'Macao', 'MO') ON CONFLICT DO NOTHING;
INSERT INTO public.paises VALUES ('131', 'ARY Macedonia', 'MK') ON CONFLICT DO NOTHING;
INSERT INTO public.paises VALUES ('132', 'Madagascar', 'MG') ON CONFLICT DO NOTHING;
INSERT INTO public.paises VALUES ('133', 'Malasia', 'MY') ON CONFLICT DO NOTHING;
INSERT INTO public.paises VALUES ('134', 'Malawi', 'MW') ON CONFLICT DO NOTHING;
INSERT INTO public.paises VALUES ('135', 'Maldivas', 'MV') ON CONFLICT DO NOTHING;
INSERT INTO public.paises VALUES ('136', 'Malí', 'ML') ON CONFLICT DO NOTHING;
INSERT INTO public.paises VALUES ('137', 'Malta', 'MT') ON CONFLICT DO NOTHING;
INSERT INTO public.paises VALUES ('138', 'Islas Malvinas', 'FK') ON CONFLICT DO NOTHING;
INSERT INTO public.paises VALUES ('139', 'Islas Marianas del Norte', 'MP') ON CONFLICT DO NOTHING;
INSERT INTO public.paises VALUES ('140', 'Marruecos', 'MA') ON CONFLICT DO NOTHING;
INSERT INTO public.paises VALUES ('141', 'Islas Marshall', 'MH') ON CONFLICT DO NOTHING;
INSERT INTO public.paises VALUES ('142', 'Martinica', 'MQ') ON CONFLICT DO NOTHING;
INSERT INTO public.paises VALUES ('143', 'Mauricio', 'MU') ON CONFLICT DO NOTHING;
INSERT INTO public.paises VALUES ('144', 'Mauritania', 'MR') ON CONFLICT DO NOTHING;
INSERT INTO public.paises VALUES ('145', 'Mayotte', 'YT') ON CONFLICT DO NOTHING;
INSERT INTO public.paises VALUES ('146', 'México', 'MX') ON CONFLICT DO NOTHING;
INSERT INTO public.paises VALUES ('147', 'Micronesia', 'FM') ON CONFLICT DO NOTHING;
INSERT INTO public.paises VALUES ('148', 'Moldavia', 'MD') ON CONFLICT DO NOTHING;
INSERT INTO public.paises VALUES ('149', 'Mónaco', 'MC') ON CONFLICT DO NOTHING;
INSERT INTO public.paises VALUES ('150', 'Mongolia', 'MN') ON CONFLICT DO NOTHING;
INSERT INTO public.paises VALUES ('151', 'Montserrat', 'MS') ON CONFLICT DO NOTHING;
INSERT INTO public.paises VALUES ('152', 'Mozambique', 'MZ') ON CONFLICT DO NOTHING;
INSERT INTO public.paises VALUES ('153', 'Myanmar', 'MM') ON CONFLICT DO NOTHING;
INSERT INTO public.paises VALUES ('154', 'Namibia', 'NA') ON CONFLICT DO NOTHING;
INSERT INTO public.paises VALUES ('155', 'Nauru', 'NR') ON CONFLICT DO NOTHING;
INSERT INTO public.paises VALUES ('156', 'Nepal', 'NP') ON CONFLICT DO NOTHING;
INSERT INTO public.paises VALUES ('157', 'Nicaragua', 'NI') ON CONFLICT DO NOTHING;
INSERT INTO public.paises VALUES ('158', 'Níger', 'NE') ON CONFLICT DO NOTHING;
INSERT INTO public.paises VALUES ('159', 'Nigeria', 'NG') ON CONFLICT DO NOTHING;
INSERT INTO public.paises VALUES ('160', 'Niue', 'NU') ON CONFLICT DO NOTHING;
INSERT INTO public.paises VALUES ('161', 'Isla Norfolk', 'NF') ON CONFLICT DO NOTHING;
INSERT INTO public.paises VALUES ('162', 'Noruega', 'NO') ON CONFLICT DO NOTHING;
INSERT INTO public.paises VALUES ('163', 'Nueva Caledonia', 'NC') ON CONFLICT DO NOTHING;
INSERT INTO public.paises VALUES ('164', 'Nueva Zelanda', 'NZ') ON CONFLICT DO NOTHING;
INSERT INTO public.paises VALUES ('165', 'Omán', 'OM') ON CONFLICT DO NOTHING;
INSERT INTO public.paises VALUES ('166', 'Países Bajos', 'NL') ON CONFLICT DO NOTHING;
INSERT INTO public.paises VALUES ('167', 'Pakistán', 'PK') ON CONFLICT DO NOTHING;
INSERT INTO public.paises VALUES ('168', 'Palau', 'PW') ON CONFLICT DO NOTHING;
INSERT INTO public.paises VALUES ('169', 'Palestina', 'PS') ON CONFLICT DO NOTHING;
INSERT INTO public.paises VALUES ('170', 'Panamá', 'PA') ON CONFLICT DO NOTHING;
INSERT INTO public.paises VALUES ('171', 'Papúa Nueva Guinea', 'PG') ON CONFLICT DO NOTHING;
INSERT INTO public.paises VALUES ('172', 'Paraguay', 'PY') ON CONFLICT DO NOTHING;
INSERT INTO public.paises VALUES ('173', 'Perú', 'PE') ON CONFLICT DO NOTHING;
INSERT INTO public.paises VALUES ('174', 'Islas Pitcairn', 'PN') ON CONFLICT DO NOTHING;
INSERT INTO public.paises VALUES ('175', 'Polinesia Francesa', 'PF') ON CONFLICT DO NOTHING;
INSERT INTO public.paises VALUES ('176', 'Polonia', 'PL') ON CONFLICT DO NOTHING;
INSERT INTO public.paises VALUES ('177', 'Portugal', 'PT') ON CONFLICT DO NOTHING;
INSERT INTO public.paises VALUES ('178', 'Puerto Rico', 'PR') ON CONFLICT DO NOTHING;
INSERT INTO public.paises VALUES ('179', 'Qatar', 'QA') ON CONFLICT DO NOTHING;
INSERT INTO public.paises VALUES ('180', 'Reino Unido', 'GB') ON CONFLICT DO NOTHING;
INSERT INTO public.paises VALUES ('181', 'Reunión', 'RE') ON CONFLICT DO NOTHING;
INSERT INTO public.paises VALUES ('182', 'Ruanda', 'RW') ON CONFLICT DO NOTHING;
INSERT INTO public.paises VALUES ('183', 'Rumania', 'RO') ON CONFLICT DO NOTHING;
INSERT INTO public.paises VALUES ('184', 'Rusia', 'RU') ON CONFLICT DO NOTHING;
INSERT INTO public.paises VALUES ('185', 'Sahara Occidental', 'EH') ON CONFLICT DO NOTHING;
INSERT INTO public.paises VALUES ('186', 'Islas Salomón', 'SB') ON CONFLICT DO NOTHING;
INSERT INTO public.paises VALUES ('187', 'Samoa', 'WS') ON CONFLICT DO NOTHING;
INSERT INTO public.paises VALUES ('188', 'Samoa Americana', 'AS') ON CONFLICT DO NOTHING;
INSERT INTO public.paises VALUES ('189', 'San Cristóbal y Nevis', 'KN') ON CONFLICT DO NOTHING;
INSERT INTO public.paises VALUES ('190', 'San Marino', 'SM') ON CONFLICT DO NOTHING;
INSERT INTO public.paises VALUES ('191', 'San Pedro y Miquelón', 'PM') ON CONFLICT DO NOTHING;
INSERT INTO public.paises VALUES ('192', 'San Vicente y las Granadinas', 'VC') ON CONFLICT DO NOTHING;
INSERT INTO public.paises VALUES ('193', 'Santa Helena', 'SH') ON CONFLICT DO NOTHING;
INSERT INTO public.paises VALUES ('194', 'Santa Lucía', 'LC') ON CONFLICT DO NOTHING;
INSERT INTO public.paises VALUES ('195', 'Santo Tomé y Príncipe', 'ST') ON CONFLICT DO NOTHING;
INSERT INTO public.paises VALUES ('196', 'Senegal', 'SN') ON CONFLICT DO NOTHING;
INSERT INTO public.paises VALUES ('197', 'Serbia y Montenegro', 'CS') ON CONFLICT DO NOTHING;
INSERT INTO public.paises VALUES ('198', 'Seychelles', 'SC') ON CONFLICT DO NOTHING;
INSERT INTO public.paises VALUES ('199', 'Sierra Leona', 'SL') ON CONFLICT DO NOTHING;
INSERT INTO public.paises VALUES ('200', 'Singapur', 'SG') ON CONFLICT DO NOTHING;
INSERT INTO public.paises VALUES ('201', 'Siria', 'SY') ON CONFLICT DO NOTHING;
INSERT INTO public.paises VALUES ('202', 'Somalia', 'SO') ON CONFLICT DO NOTHING;
INSERT INTO public.paises VALUES ('203', 'Sri Lanka', 'LK') ON CONFLICT DO NOTHING;
INSERT INTO public.paises VALUES ('204', 'Suazilandia', 'SZ') ON CONFLICT DO NOTHING;
INSERT INTO public.paises VALUES ('205', 'Sudáfrica', 'ZA') ON CONFLICT DO NOTHING;
INSERT INTO public.paises VALUES ('206', 'Sudán', 'SD') ON CONFLICT DO NOTHING;
INSERT INTO public.paises VALUES ('207', 'Suecia', 'SE') ON CONFLICT DO NOTHING;
INSERT INTO public.paises VALUES ('208', 'Suiza', 'CH') ON CONFLICT DO NOTHING;
INSERT INTO public.paises VALUES ('209', 'Surinam', 'SR') ON CONFLICT DO NOTHING;
INSERT INTO public.paises VALUES ('210', 'Svalbard y Jan Mayen', 'SJ') ON CONFLICT DO NOTHING;
INSERT INTO public.paises VALUES ('211', 'Tailandia', 'TH') ON CONFLICT DO NOTHING;
INSERT INTO public.paises VALUES ('212', 'Taiwán', 'TW') ON CONFLICT DO NOTHING;
INSERT INTO public.paises VALUES ('213', 'Tanzania', 'TZ') ON CONFLICT DO NOTHING;
INSERT INTO public.paises VALUES ('214', 'Tayikistán', 'TJ') ON CONFLICT DO NOTHING;
INSERT INTO public.paises VALUES ('215', 'Territorio Británico del Océano Índico', 'IO') ON CONFLICT DO NOTHING;
INSERT INTO public.paises VALUES ('216', 'Territorios Australes Franceses', 'TF') ON CONFLICT DO NOTHING;
INSERT INTO public.paises VALUES ('217', 'Timor Oriental', 'TL') ON CONFLICT DO NOTHING;
INSERT INTO public.paises VALUES ('218', 'Togo', 'TG') ON CONFLICT DO NOTHING;
INSERT INTO public.paises VALUES ('219', 'Tokelau', 'TK') ON CONFLICT DO NOTHING;
INSERT INTO public.paises VALUES ('220', 'Tonga', 'TO') ON CONFLICT DO NOTHING;
INSERT INTO public.paises VALUES ('221', 'Trinidad y Tobago', 'TT') ON CONFLICT DO NOTHING;
INSERT INTO public.paises VALUES ('222', 'Túnez', 'TN') ON CONFLICT DO NOTHING;
INSERT INTO public.paises VALUES ('223', 'Islas Turcas y Caicos', 'TC') ON CONFLICT DO NOTHING;
INSERT INTO public.paises VALUES ('224', 'Turkmenistán', 'TM') ON CONFLICT DO NOTHING;
INSERT INTO public.paises VALUES ('225', 'Turquía', 'TR') ON CONFLICT DO NOTHING;
INSERT INTO public.paises VALUES ('226', 'Tuvalu', 'TV') ON CONFLICT DO NOTHING;
INSERT INTO public.paises VALUES ('227', 'Ucrania', 'UA') ON CONFLICT DO NOTHING;
INSERT INTO public.paises VALUES ('228', 'Uganda', 'UG') ON CONFLICT DO NOTHING;
INSERT INTO public.paises VALUES ('229', 'Uruguay', 'UY') ON CONFLICT DO NOTHING;
INSERT INTO public.paises VALUES ('230', 'Uzbekistán', 'UZ') ON CONFLICT DO NOTHING;
INSERT INTO public.paises VALUES ('231', 'Vanuatu', 'VU') ON CONFLICT DO NOTHING;
INSERT INTO public.paises VALUES ('232', 'Venezuela', 'VE') ON CONFLICT DO NOTHING;
INSERT INTO public.paises VALUES ('233', 'Vietnam', 'VN') ON CONFLICT DO NOTHING;
INSERT INTO public.paises VALUES ('234', 'Islas Vírgenes Británicas', 'VG') ON CONFLICT DO NOTHING;
INSERT INTO public.paises VALUES ('235', 'Islas Vírgenes de los Estados Unidos', 'VI') ON CONFLICT DO NOTHING;
INSERT INTO public.paises VALUES ('236', 'Wallis y Futuna', 'WF') ON CONFLICT DO NOTHING;
INSERT INTO public.paises VALUES ('237', 'Yemen', 'YE') ON CONFLICT DO NOTHING;
INSERT INTO public.paises VALUES ('238', 'Yibuti', 'DJ') ON CONFLICT DO NOTHING;
INSERT INTO public.paises VALUES ('239', 'Zambia', 'ZM') ON CONFLICT DO NOTHING;
INSERT INTO public.paises VALUES ('240', 'Zimbabue', 'ZW') ON CONFLICT DO NOTHING;


INSERT INTO public.departamentos VALUES ('01', 'Amazonas') ON CONFLICT DO NOTHING;
INSERT INTO public.departamentos VALUES ('02', 'Áncash') ON CONFLICT DO NOTHING;
INSERT INTO public.departamentos VALUES ('03', 'Apurímac') ON CONFLICT DO NOTHING;
INSERT INTO public.departamentos VALUES ('04', 'Arequipa') ON CONFLICT DO NOTHING;
INSERT INTO public.departamentos VALUES ('05', 'Ayacucho') ON CONFLICT DO NOTHING;
INSERT INTO public.departamentos VALUES ('06', 'Cajamarca') ON CONFLICT DO NOTHING;
INSERT INTO public.departamentos VALUES ('07', 'Callao') ON CONFLICT DO NOTHING;
INSERT INTO public.departamentos VALUES ('08', 'Cusco') ON CONFLICT DO NOTHING;
INSERT INTO public.departamentos VALUES ('09', 'Huancavelica') ON CONFLICT DO NOTHING;
INSERT INTO public.departamentos VALUES ('10', 'Huánuco') ON CONFLICT DO NOTHING;
INSERT INTO public.departamentos VALUES ('11', 'Ica') ON CONFLICT DO NOTHING;
INSERT INTO public.departamentos VALUES ('12', 'Junín') ON CONFLICT DO NOTHING;
INSERT INTO public.departamentos VALUES ('13', 'La Libertad') ON CONFLICT DO NOTHING;
INSERT INTO public.departamentos VALUES ('14', 'Lambayeque') ON CONFLICT DO NOTHING;
INSERT INTO public.departamentos VALUES ('15', 'Lima') ON CONFLICT DO NOTHING;
INSERT INTO public.departamentos VALUES ('16', 'Loreto') ON CONFLICT DO NOTHING;
INSERT INTO public.departamentos VALUES ('17', 'Madre de Dios') ON CONFLICT DO NOTHING;
INSERT INTO public.departamentos VALUES ('18', 'Moquegua') ON CONFLICT DO NOTHING;
INSERT INTO public.departamentos VALUES ('19', 'Pasco') ON CONFLICT DO NOTHING;
INSERT INTO public.departamentos VALUES ('20', 'Piura') ON CONFLICT DO NOTHING;
INSERT INTO public.departamentos VALUES ('21', 'Puno') ON CONFLICT DO NOTHING;
INSERT INTO public.departamentos VALUES ('22', 'San Martín') ON CONFLICT DO NOTHING;
INSERT INTO public.departamentos VALUES ('23', 'Tacna') ON CONFLICT DO NOTHING;
INSERT INTO public.departamentos VALUES ('24', 'Tumbes') ON CONFLICT DO NOTHING;
INSERT INTO public.departamentos VALUES ('25', 'Ucayali') ON CONFLICT DO NOTHING;


INSERT INTO public.provincias VALUES ('0101', 'Chachapoyas', '01') ON CONFLICT DO NOTHING;
INSERT INTO public.provincias VALUES ('0102', 'Bagua', '01') ON CONFLICT DO NOTHING;
INSERT INTO public.provincias VALUES ('0103', 'Bongará', '01') ON CONFLICT DO NOTHING;
INSERT INTO public.provincias VALUES ('0104', 'Condorcanqui', '01') ON CONFLICT DO NOTHING;
INSERT INTO public.provincias VALUES ('0105', 'Luya', '01') ON CONFLICT DO NOTHING;
INSERT INTO public.provincias VALUES ('0106', 'Rodríguez de Mendoza', '01') ON CONFLICT DO NOTHING;
INSERT INTO public.provincias VALUES ('0107', 'Utcubamba', '01') ON CONFLICT DO NOTHING;
INSERT INTO public.provincias VALUES ('0201', 'Huaraz', '02') ON CONFLICT DO NOTHING;
INSERT INTO public.provincias VALUES ('0202', 'Aija', '02') ON CONFLICT DO NOTHING;
INSERT INTO public.provincias VALUES ('0203', 'Antonio Raymondi', '02') ON CONFLICT DO NOTHING;
INSERT INTO public.provincias VALUES ('0204', 'Asunción', '02') ON CONFLICT DO NOTHING;
INSERT INTO public.provincias VALUES ('0205', 'Bolognesi', '02') ON CONFLICT DO NOTHING;
INSERT INTO public.provincias VALUES ('0206', 'Carhuaz', '02') ON CONFLICT DO NOTHING;
INSERT INTO public.provincias VALUES ('0207', 'Carlos Fermín Fitzcarrald', '02') ON CONFLICT DO NOTHING;
INSERT INTO public.provincias VALUES ('0208', 'Casma', '02') ON CONFLICT DO NOTHING;
INSERT INTO public.provincias VALUES ('0209', 'Corongo', '02') ON CONFLICT DO NOTHING;
INSERT INTO public.provincias VALUES ('0210', 'Huari', '02') ON CONFLICT DO NOTHING;
INSERT INTO public.provincias VALUES ('0211', 'Huarmey', '02') ON CONFLICT DO NOTHING;
INSERT INTO public.provincias VALUES ('0212', 'Huaylas', '02') ON CONFLICT DO NOTHING;
INSERT INTO public.provincias VALUES ('0213', 'Mariscal Luzuriaga', '02') ON CONFLICT DO NOTHING;
INSERT INTO public.provincias VALUES ('0214', 'Ocros', '02') ON CONFLICT DO NOTHING;
INSERT INTO public.provincias VALUES ('0215', 'Pallasca', '02') ON CONFLICT DO NOTHING;
INSERT INTO public.provincias VALUES ('0216', 'Pomabamba', '02') ON CONFLICT DO NOTHING;
INSERT INTO public.provincias VALUES ('0217', 'Recuay', '02') ON CONFLICT DO NOTHING;
INSERT INTO public.provincias VALUES ('0218', 'Santa', '02') ON CONFLICT DO NOTHING;
INSERT INTO public.provincias VALUES ('0219', 'Sihuas', '02') ON CONFLICT DO NOTHING;
INSERT INTO public.provincias VALUES ('0220', 'Yungay', '02') ON CONFLICT DO NOTHING;
INSERT INTO public.provincias VALUES ('0301', 'Abancay', '03') ON CONFLICT DO NOTHING;
INSERT INTO public.provincias VALUES ('0302', 'Andahuaylas', '03') ON CONFLICT DO NOTHING;
INSERT INTO public.provincias VALUES ('0303', 'Antabamba', '03') ON CONFLICT DO NOTHING;
INSERT INTO public.provincias VALUES ('0304', 'Aymaraes', '03') ON CONFLICT DO NOTHING;
INSERT INTO public.provincias VALUES ('0305', 'Cotabambas', '03') ON CONFLICT DO NOTHING;
INSERT INTO public.provincias VALUES ('0306', 'Chincheros', '03') ON CONFLICT DO NOTHING;
INSERT INTO public.provincias VALUES ('0307', 'Grau', '03') ON CONFLICT DO NOTHING;
INSERT INTO public.provincias VALUES ('0401', 'Arequipa', '04') ON CONFLICT DO NOTHING;
INSERT INTO public.provincias VALUES ('0402', 'Camaná', '04') ON CONFLICT DO NOTHING;
INSERT INTO public.provincias VALUES ('0403', 'Caravelí', '04') ON CONFLICT DO NOTHING;
INSERT INTO public.provincias VALUES ('0404', 'Castilla', '04') ON CONFLICT DO NOTHING;
INSERT INTO public.provincias VALUES ('0405', 'Caylloma', '04') ON CONFLICT DO NOTHING;
INSERT INTO public.provincias VALUES ('0406', 'Condesuyos', '04') ON CONFLICT DO NOTHING;
INSERT INTO public.provincias VALUES ('0407', 'Islay', '04') ON CONFLICT DO NOTHING;
INSERT INTO public.provincias VALUES ('0408', 'La Uniòn', '04') ON CONFLICT DO NOTHING;
INSERT INTO public.provincias VALUES ('0501', 'Huamanga', '05') ON CONFLICT DO NOTHING;
INSERT INTO public.provincias VALUES ('0502', 'Cangallo', '05') ON CONFLICT DO NOTHING;
INSERT INTO public.provincias VALUES ('0503', 'Huanca Sancos', '05') ON CONFLICT DO NOTHING;
INSERT INTO public.provincias VALUES ('0504', 'Huanta', '05') ON CONFLICT DO NOTHING;
INSERT INTO public.provincias VALUES ('0505', 'La Mar', '05') ON CONFLICT DO NOTHING;
INSERT INTO public.provincias VALUES ('0506', 'Lucanas', '05') ON CONFLICT DO NOTHING;
INSERT INTO public.provincias VALUES ('0507', 'Parinacochas', '05') ON CONFLICT DO NOTHING;
INSERT INTO public.provincias VALUES ('0508', 'Pàucar del Sara Sara', '05') ON CONFLICT DO NOTHING;
INSERT INTO public.provincias VALUES ('0509', 'Sucre', '05') ON CONFLICT DO NOTHING;
INSERT INTO public.provincias VALUES ('0510', 'Víctor Fajardo', '05') ON CONFLICT DO NOTHING;
INSERT INTO public.provincias VALUES ('0511', 'Vilcas Huamán', '05') ON CONFLICT DO NOTHING;
INSERT INTO public.provincias VALUES ('0601', 'Cajamarca', '06') ON CONFLICT DO NOTHING;
INSERT INTO public.provincias VALUES ('0602', 'Cajabamba', '06') ON CONFLICT DO NOTHING;
INSERT INTO public.provincias VALUES ('0603', 'Celendín', '06') ON CONFLICT DO NOTHING;
INSERT INTO public.provincias VALUES ('0604', 'Chota', '06') ON CONFLICT DO NOTHING;
INSERT INTO public.provincias VALUES ('0605', 'Contumazá', '06') ON CONFLICT DO NOTHING;
INSERT INTO public.provincias VALUES ('0606', 'Cutervo', '06') ON CONFLICT DO NOTHING;
INSERT INTO public.provincias VALUES ('0607', 'Hualgayoc', '06') ON CONFLICT DO NOTHING;
INSERT INTO public.provincias VALUES ('0608', 'Jaén', '06') ON CONFLICT DO NOTHING;
INSERT INTO public.provincias VALUES ('0609', 'San Ignacio', '06') ON CONFLICT DO NOTHING;
INSERT INTO public.provincias VALUES ('0610', 'San Marcos', '06') ON CONFLICT DO NOTHING;
INSERT INTO public.provincias VALUES ('0611', 'San Miguel', '06') ON CONFLICT DO NOTHING;
INSERT INTO public.provincias VALUES ('0612', 'San Pablo', '06') ON CONFLICT DO NOTHING;
INSERT INTO public.provincias VALUES ('0613', 'Santa Cruz', '06') ON CONFLICT DO NOTHING;
INSERT INTO public.provincias VALUES ('0701', 'Prov. Const. del Callao', '07') ON CONFLICT DO NOTHING;
INSERT INTO public.provincias VALUES ('0801', 'Cusco', '08') ON CONFLICT DO NOTHING;
INSERT INTO public.provincias VALUES ('0802', 'Acomayo', '08') ON CONFLICT DO NOTHING;
INSERT INTO public.provincias VALUES ('0803', 'Anta', '08') ON CONFLICT DO NOTHING;
INSERT INTO public.provincias VALUES ('0804', 'Calca', '08') ON CONFLICT DO NOTHING;
INSERT INTO public.provincias VALUES ('0805', 'Canas', '08') ON CONFLICT DO NOTHING;
INSERT INTO public.provincias VALUES ('0806', 'Canchis', '08') ON CONFLICT DO NOTHING;
INSERT INTO public.provincias VALUES ('0807', 'Chumbivilcas', '08') ON CONFLICT DO NOTHING;
INSERT INTO public.provincias VALUES ('0808', 'Espinar', '08') ON CONFLICT DO NOTHING;
INSERT INTO public.provincias VALUES ('0809', 'La Convención', '08') ON CONFLICT DO NOTHING;
INSERT INTO public.provincias VALUES ('0810', 'Paruro', '08') ON CONFLICT DO NOTHING;
INSERT INTO public.provincias VALUES ('0811', 'Paucartambo', '08') ON CONFLICT DO NOTHING;
INSERT INTO public.provincias VALUES ('0812', 'Quispicanchi', '08') ON CONFLICT DO NOTHING;
INSERT INTO public.provincias VALUES ('0813', 'Urubamba', '08') ON CONFLICT DO NOTHING;
INSERT INTO public.provincias VALUES ('0901', 'Huancavelica', '09') ON CONFLICT DO NOTHING;
INSERT INTO public.provincias VALUES ('0902', 'Acobamba', '09') ON CONFLICT DO NOTHING;
INSERT INTO public.provincias VALUES ('0903', 'Angaraes', '09') ON CONFLICT DO NOTHING;
INSERT INTO public.provincias VALUES ('0904', 'Castrovirreyna', '09') ON CONFLICT DO NOTHING;
INSERT INTO public.provincias VALUES ('0905', 'Churcampa', '09') ON CONFLICT DO NOTHING;
INSERT INTO public.provincias VALUES ('0906', 'Huaytará', '09') ON CONFLICT DO NOTHING;
INSERT INTO public.provincias VALUES ('0907', 'Tayacaja', '09') ON CONFLICT DO NOTHING;
INSERT INTO public.provincias VALUES ('1001', 'Huánuco', '10') ON CONFLICT DO NOTHING;
INSERT INTO public.provincias VALUES ('1002', 'Ambo', '10') ON CONFLICT DO NOTHING;
INSERT INTO public.provincias VALUES ('1003', 'Dos de Mayo', '10') ON CONFLICT DO NOTHING;
INSERT INTO public.provincias VALUES ('1004', 'Huacaybamba', '10') ON CONFLICT DO NOTHING;
INSERT INTO public.provincias VALUES ('1005', 'Huamalíes', '10') ON CONFLICT DO NOTHING;
INSERT INTO public.provincias VALUES ('1006', 'Leoncio Prado', '10') ON CONFLICT DO NOTHING;
INSERT INTO public.provincias VALUES ('1007', 'Marañón', '10') ON CONFLICT DO NOTHING;
INSERT INTO public.provincias VALUES ('1008', 'Pachitea', '10') ON CONFLICT DO NOTHING;
INSERT INTO public.provincias VALUES ('1009', 'Puerto Inca', '10') ON CONFLICT DO NOTHING;
INSERT INTO public.provincias VALUES ('1010', 'Lauricocha ', '10') ON CONFLICT DO NOTHING;
INSERT INTO public.provincias VALUES ('1011', 'Yarowilca ', '10') ON CONFLICT DO NOTHING;
INSERT INTO public.provincias VALUES ('1101', 'Ica ', '11') ON CONFLICT DO NOTHING;
INSERT INTO public.provincias VALUES ('1102', 'Chincha ', '11') ON CONFLICT DO NOTHING;
INSERT INTO public.provincias VALUES ('1103', 'Nasca ', '11') ON CONFLICT DO NOTHING;
INSERT INTO public.provincias VALUES ('1104', 'Palpa ', '11') ON CONFLICT DO NOTHING;
INSERT INTO public.provincias VALUES ('1105', 'Pisco ', '11') ON CONFLICT DO NOTHING;
INSERT INTO public.provincias VALUES ('1201', 'Huancayo ', '12') ON CONFLICT DO NOTHING;
INSERT INTO public.provincias VALUES ('1202', 'Concepción ', '12') ON CONFLICT DO NOTHING;
INSERT INTO public.provincias VALUES ('1203', 'Chanchamayo ', '12') ON CONFLICT DO NOTHING;
INSERT INTO public.provincias VALUES ('1204', 'Jauja ', '12') ON CONFLICT DO NOTHING;
INSERT INTO public.provincias VALUES ('1205', 'Junín ', '12') ON CONFLICT DO NOTHING;
INSERT INTO public.provincias VALUES ('1206', 'Satipo ', '12') ON CONFLICT DO NOTHING;
INSERT INTO public.provincias VALUES ('1207', 'Tarma ', '12') ON CONFLICT DO NOTHING;
INSERT INTO public.provincias VALUES ('1208', 'Yauli ', '12') ON CONFLICT DO NOTHING;
INSERT INTO public.provincias VALUES ('1209', 'Chupaca ', '12') ON CONFLICT DO NOTHING;
INSERT INTO public.provincias VALUES ('1301', 'Trujillo ', '13') ON CONFLICT DO NOTHING;
INSERT INTO public.provincias VALUES ('1302', 'Ascope ', '13') ON CONFLICT DO NOTHING;
INSERT INTO public.provincias VALUES ('1303', 'Bolívar ', '13') ON CONFLICT DO NOTHING;
INSERT INTO public.provincias VALUES ('1304', 'Chepén ', '13') ON CONFLICT DO NOTHING;
INSERT INTO public.provincias VALUES ('1305', 'Julcán ', '13') ON CONFLICT DO NOTHING;
INSERT INTO public.provincias VALUES ('1306', 'Otuzco ', '13') ON CONFLICT DO NOTHING;
INSERT INTO public.provincias VALUES ('1307', 'Pacasmayo ', '13') ON CONFLICT DO NOTHING;
INSERT INTO public.provincias VALUES ('1308', 'Pataz ', '13') ON CONFLICT DO NOTHING;
INSERT INTO public.provincias VALUES ('1309', 'Sánchez Carrión ', '13') ON CONFLICT DO NOTHING;
INSERT INTO public.provincias VALUES ('1310', 'Santiago de Chuco ', '13') ON CONFLICT DO NOTHING;
INSERT INTO public.provincias VALUES ('1311', 'Gran Chimú ', '13') ON CONFLICT DO NOTHING;
INSERT INTO public.provincias VALUES ('1312', 'Virú ', '13') ON CONFLICT DO NOTHING;
INSERT INTO public.provincias VALUES ('1401', 'Chiclayo ', '14') ON CONFLICT DO NOTHING;
INSERT INTO public.provincias VALUES ('1402', 'Ferreñafe ', '14') ON CONFLICT DO NOTHING;
INSERT INTO public.provincias VALUES ('1403', 'Lambayeque ', '14') ON CONFLICT DO NOTHING;
INSERT INTO public.provincias VALUES ('1501', 'Lima ', '15') ON CONFLICT DO NOTHING;
INSERT INTO public.provincias VALUES ('1502', 'Barranca ', '15') ON CONFLICT DO NOTHING;
INSERT INTO public.provincias VALUES ('1503', 'Cajatambo ', '15') ON CONFLICT DO NOTHING;
INSERT INTO public.provincias VALUES ('1504', 'Canta ', '15') ON CONFLICT DO NOTHING;
INSERT INTO public.provincias VALUES ('1505', 'Cañete ', '15') ON CONFLICT DO NOTHING;
INSERT INTO public.provincias VALUES ('1506', 'Huaral ', '15') ON CONFLICT DO NOTHING;
INSERT INTO public.provincias VALUES ('1507', 'Huarochirí ', '15') ON CONFLICT DO NOTHING;
INSERT INTO public.provincias VALUES ('1508', 'Huaura ', '15') ON CONFLICT DO NOTHING;
INSERT INTO public.provincias VALUES ('1509', 'Oyón ', '15') ON CONFLICT DO NOTHING;
INSERT INTO public.provincias VALUES ('1510', 'Yauyos ', '15') ON CONFLICT DO NOTHING;
INSERT INTO public.provincias VALUES ('1601', 'Maynas ', '16') ON CONFLICT DO NOTHING;
INSERT INTO public.provincias VALUES ('1602', 'Alto Amazonas ', '16') ON CONFLICT DO NOTHING;
INSERT INTO public.provincias VALUES ('1603', 'Loreto ', '16') ON CONFLICT DO NOTHING;
INSERT INTO public.provincias VALUES ('1604', 'Mariscal Ramón Castilla ', '16') ON CONFLICT DO NOTHING;
INSERT INTO public.provincias VALUES ('1605', 'Requena ', '16') ON CONFLICT DO NOTHING;
INSERT INTO public.provincias VALUES ('1606', 'Ucayali ', '16') ON CONFLICT DO NOTHING;
INSERT INTO public.provincias VALUES ('1607', 'Datem del Marañón ', '16') ON CONFLICT DO NOTHING;
INSERT INTO public.provincias VALUES ('1608', 'Putumayo', '16') ON CONFLICT DO NOTHING;
INSERT INTO public.provincias VALUES ('1701', 'Tambopata ', '17') ON CONFLICT DO NOTHING;
INSERT INTO public.provincias VALUES ('1702', 'Manu ', '17') ON CONFLICT DO NOTHING;
INSERT INTO public.provincias VALUES ('1703', 'Tahuamanu ', '17') ON CONFLICT DO NOTHING;
INSERT INTO public.provincias VALUES ('1801', 'Mariscal Nieto ', '18') ON CONFLICT DO NOTHING;
INSERT INTO public.provincias VALUES ('1802', 'General Sánchez Cerro ', '18') ON CONFLICT DO NOTHING;
INSERT INTO public.provincias VALUES ('1803', 'Ilo ', '18') ON CONFLICT DO NOTHING;
INSERT INTO public.provincias VALUES ('1901', 'Pasco ', '19') ON CONFLICT DO NOTHING;
INSERT INTO public.provincias VALUES ('1902', 'Daniel Alcides Carrión ', '19') ON CONFLICT DO NOTHING;
INSERT INTO public.provincias VALUES ('1903', 'Oxapampa ', '19') ON CONFLICT DO NOTHING;
INSERT INTO public.provincias VALUES ('2001', 'Piura ', '20') ON CONFLICT DO NOTHING;
INSERT INTO public.provincias VALUES ('2002', 'Ayabaca ', '20') ON CONFLICT DO NOTHING;
INSERT INTO public.provincias VALUES ('2003', 'Huancabamba ', '20') ON CONFLICT DO NOTHING;
INSERT INTO public.provincias VALUES ('2004', 'Morropón ', '20') ON CONFLICT DO NOTHING;
INSERT INTO public.provincias VALUES ('2005', 'Paita ', '20') ON CONFLICT DO NOTHING;
INSERT INTO public.provincias VALUES ('2006', 'Sullana ', '20') ON CONFLICT DO NOTHING;
INSERT INTO public.provincias VALUES ('2007', 'Talara ', '20') ON CONFLICT DO NOTHING;
INSERT INTO public.provincias VALUES ('2008', 'Sechura ', '20') ON CONFLICT DO NOTHING;
INSERT INTO public.provincias VALUES ('2101', 'Puno ', '21') ON CONFLICT DO NOTHING;
INSERT INTO public.provincias VALUES ('2102', 'Azángaro ', '21') ON CONFLICT DO NOTHING;
INSERT INTO public.provincias VALUES ('2103', 'Carabaya ', '21') ON CONFLICT DO NOTHING;
INSERT INTO public.provincias VALUES ('2104', 'Chucuito ', '21') ON CONFLICT DO NOTHING;
INSERT INTO public.provincias VALUES ('2105', 'El Collao ', '21') ON CONFLICT DO NOTHING;
INSERT INTO public.provincias VALUES ('2106', 'Huancané ', '21') ON CONFLICT DO NOTHING;
INSERT INTO public.provincias VALUES ('2107', 'Lampa ', '21') ON CONFLICT DO NOTHING;
INSERT INTO public.provincias VALUES ('2108', 'Melgar ', '21') ON CONFLICT DO NOTHING;
INSERT INTO public.provincias VALUES ('2109', 'Moho ', '21') ON CONFLICT DO NOTHING;
INSERT INTO public.provincias VALUES ('2110', 'San Antonio de Putina ', '21') ON CONFLICT DO NOTHING;
INSERT INTO public.provincias VALUES ('2111', 'San Román ', '21') ON CONFLICT DO NOTHING;
INSERT INTO public.provincias VALUES ('2112', 'Sandia ', '21') ON CONFLICT DO NOTHING;
INSERT INTO public.provincias VALUES ('2113', 'Yunguyo ', '21') ON CONFLICT DO NOTHING;
INSERT INTO public.provincias VALUES ('2201', 'Moyobamba ', '22') ON CONFLICT DO NOTHING;
INSERT INTO public.provincias VALUES ('2202', 'Bellavista ', '22') ON CONFLICT DO NOTHING;
INSERT INTO public.provincias VALUES ('2203', 'El Dorado ', '22') ON CONFLICT DO NOTHING;
INSERT INTO public.provincias VALUES ('2204', 'Huallaga ', '22') ON CONFLICT DO NOTHING;
INSERT INTO public.provincias VALUES ('2205', 'Lamas ', '22') ON CONFLICT DO NOTHING;
INSERT INTO public.provincias VALUES ('2206', 'Mariscal Cáceres ', '22') ON CONFLICT DO NOTHING;
INSERT INTO public.provincias VALUES ('2207', 'Picota ', '22') ON CONFLICT DO NOTHING;
INSERT INTO public.provincias VALUES ('2208', 'Rioja ', '22') ON CONFLICT DO NOTHING;
INSERT INTO public.provincias VALUES ('2209', 'San Martín ', '22') ON CONFLICT DO NOTHING;
INSERT INTO public.provincias VALUES ('2210', 'Tocache ', '22') ON CONFLICT DO NOTHING;
INSERT INTO public.provincias VALUES ('2301', 'Tacna ', '23') ON CONFLICT DO NOTHING;
INSERT INTO public.provincias VALUES ('2302', 'Candarave ', '23') ON CONFLICT DO NOTHING;
INSERT INTO public.provincias VALUES ('2303', 'Jorge Basadre ', '23') ON CONFLICT DO NOTHING;
INSERT INTO public.provincias VALUES ('2304', 'Tarata ', '23') ON CONFLICT DO NOTHING;
INSERT INTO public.provincias VALUES ('2401', 'Tumbes ', '24') ON CONFLICT DO NOTHING;
INSERT INTO public.provincias VALUES ('2402', 'Contralmirante Villar ', '24') ON CONFLICT DO NOTHING;
INSERT INTO public.provincias VALUES ('2403', 'Zarumilla ', '24') ON CONFLICT DO NOTHING;
INSERT INTO public.provincias VALUES ('2501', 'Coronel Portillo ', '25') ON CONFLICT DO NOTHING;
INSERT INTO public.provincias VALUES ('2502', 'Atalaya ', '25') ON CONFLICT DO NOTHING;
INSERT INTO public.provincias VALUES ('2503', 'Padre Abad ', '25') ON CONFLICT DO NOTHING;
INSERT INTO public.provincias VALUES ('2504', 'Purús', '25') ON CONFLICT DO NOTHING;


INSERT INTO public.distritos VALUES ('010101', 'Chachapoyas', '0101', '01') ON CONFLICT DO NOTHING;
INSERT INTO public.distritos VALUES ('010102', 'Asunción', '0101', '01') ON CONFLICT DO NOTHING;
INSERT INTO public.distritos VALUES ('010103', 'Balsas', '0101', '01') ON CONFLICT DO NOTHING;
INSERT INTO public.distritos VALUES ('010104', 'Cheto', '0101', '01') ON CONFLICT DO NOTHING;
INSERT INTO public.distritos VALUES ('010105', 'Chiliquin', '0101', '01') ON CONFLICT DO NOTHING;
INSERT INTO public.distritos VALUES ('010106', 'Chuquibamba', '0101', '01') ON CONFLICT DO NOTHING;
INSERT INTO public.distritos VALUES ('010107', 'Granada', '0101', '01') ON CONFLICT DO NOTHING;
INSERT INTO public.distritos VALUES ('010108', 'Huancas', '0101', '01') ON CONFLICT DO NOTHING;
INSERT INTO public.distritos VALUES ('010109', 'La Jalca', '0101', '01') ON CONFLICT DO NOTHING;
INSERT INTO public.distritos VALUES ('010110', 'Leimebamba', '0101', '01') ON CONFLICT DO NOTHING;
INSERT INTO public.distritos VALUES ('010111', 'Levanto', '0101', '01') ON CONFLICT DO NOTHING;
INSERT INTO public.distritos VALUES ('010112', 'Magdalena', '0101', '01') ON CONFLICT DO NOTHING;
INSERT INTO public.distritos VALUES ('010113', 'Mariscal Castilla', '0101', '01') ON CONFLICT DO NOTHING;
INSERT INTO public.distritos VALUES ('010114', 'Molinopampa', '0101', '01') ON CONFLICT DO NOTHING;
INSERT INTO public.distritos VALUES ('010115', 'Montevideo', '0101', '01') ON CONFLICT DO NOTHING;
INSERT INTO public.distritos VALUES ('010116', 'Olleros', '0101', '01') ON CONFLICT DO NOTHING;
INSERT INTO public.distritos VALUES ('010117', 'Quinjalca', '0101', '01') ON CONFLICT DO NOTHING;
INSERT INTO public.distritos VALUES ('010118', 'San Francisco de Daguas', '0101', '01') ON CONFLICT DO NOTHING;
INSERT INTO public.distritos VALUES ('010119', 'San Isidro de Maino', '0101', '01') ON CONFLICT DO NOTHING;
INSERT INTO public.distritos VALUES ('010120', 'Soloco', '0101', '01') ON CONFLICT DO NOTHING;
INSERT INTO public.distritos VALUES ('010121', 'Sonche', '0101', '01') ON CONFLICT DO NOTHING;
INSERT INTO public.distritos VALUES ('010201', 'Bagua', '0102', '01') ON CONFLICT DO NOTHING;
INSERT INTO public.distritos VALUES ('010202', 'Aramango', '0102', '01') ON CONFLICT DO NOTHING;
INSERT INTO public.distritos VALUES ('010203', 'Copallin', '0102', '01') ON CONFLICT DO NOTHING;
INSERT INTO public.distritos VALUES ('010204', 'El Parco', '0102', '01') ON CONFLICT DO NOTHING;
INSERT INTO public.distritos VALUES ('010205', 'Imaza', '0102', '01') ON CONFLICT DO NOTHING;
INSERT INTO public.distritos VALUES ('010206', 'La Peca', '0102', '01') ON CONFLICT DO NOTHING;
INSERT INTO public.distritos VALUES ('010301', 'Jumbilla', '0103', '01') ON CONFLICT DO NOTHING;
INSERT INTO public.distritos VALUES ('010302', 'Chisquilla', '0103', '01') ON CONFLICT DO NOTHING;
INSERT INTO public.distritos VALUES ('010303', 'Churuja', '0103', '01') ON CONFLICT DO NOTHING;
INSERT INTO public.distritos VALUES ('010304', 'Corosha', '0103', '01') ON CONFLICT DO NOTHING;
INSERT INTO public.distritos VALUES ('010305', 'Cuispes', '0103', '01') ON CONFLICT DO NOTHING;
INSERT INTO public.distritos VALUES ('010306', 'Florida', '0103', '01') ON CONFLICT DO NOTHING;
INSERT INTO public.distritos VALUES ('010307', 'Jazan', '0103', '01') ON CONFLICT DO NOTHING;
INSERT INTO public.distritos VALUES ('010308', 'Recta', '0103', '01') ON CONFLICT DO NOTHING;
INSERT INTO public.distritos VALUES ('010309', 'San Carlos', '0103', '01') ON CONFLICT DO NOTHING;
INSERT INTO public.distritos VALUES ('010310', 'Shipasbamba', '0103', '01') ON CONFLICT DO NOTHING;
INSERT INTO public.distritos VALUES ('010311', 'Valera', '0103', '01') ON CONFLICT DO NOTHING;
INSERT INTO public.distritos VALUES ('010312', 'Yambrasbamba', '0103', '01') ON CONFLICT DO NOTHING;
INSERT INTO public.distritos VALUES ('010401', 'Nieva', '0104', '01') ON CONFLICT DO NOTHING;
INSERT INTO public.distritos VALUES ('010402', 'El Cenepa', '0104', '01') ON CONFLICT DO NOTHING;
INSERT INTO public.distritos VALUES ('010403', 'Río Santiago', '0104', '01') ON CONFLICT DO NOTHING;
INSERT INTO public.distritos VALUES ('010501', 'Lamud', '0105', '01') ON CONFLICT DO NOTHING;
INSERT INTO public.distritos VALUES ('010502', 'Camporredondo', '0105', '01') ON CONFLICT DO NOTHING;
INSERT INTO public.distritos VALUES ('010503', 'Cocabamba', '0105', '01') ON CONFLICT DO NOTHING;
INSERT INTO public.distritos VALUES ('010504', 'Colcamar', '0105', '01') ON CONFLICT DO NOTHING;
INSERT INTO public.distritos VALUES ('010505', 'Conila', '0105', '01') ON CONFLICT DO NOTHING;
INSERT INTO public.distritos VALUES ('010506', 'Inguilpata', '0105', '01') ON CONFLICT DO NOTHING;
INSERT INTO public.distritos VALUES ('010507', 'Longuita', '0105', '01') ON CONFLICT DO NOTHING;
INSERT INTO public.distritos VALUES ('010508', 'Lonya Chico', '0105', '01') ON CONFLICT DO NOTHING;
INSERT INTO public.distritos VALUES ('010509', 'Luya', '0105', '01') ON CONFLICT DO NOTHING;
INSERT INTO public.distritos VALUES ('010510', 'Luya Viejo', '0105', '01') ON CONFLICT DO NOTHING;
INSERT INTO public.distritos VALUES ('010511', 'María', '0105', '01') ON CONFLICT DO NOTHING;
INSERT INTO public.distritos VALUES ('010512', 'Ocalli', '0105', '01') ON CONFLICT DO NOTHING;
INSERT INTO public.distritos VALUES ('010513', 'Ocumal', '0105', '01') ON CONFLICT DO NOTHING;
INSERT INTO public.distritos VALUES ('010514', 'Pisuquia', '0105', '01') ON CONFLICT DO NOTHING;
INSERT INTO public.distritos VALUES ('010515', 'Providencia', '0105', '01') ON CONFLICT DO NOTHING;
INSERT INTO public.distritos VALUES ('010516', 'San Cristóbal', '0105', '01') ON CONFLICT DO NOTHING;
INSERT INTO public.distritos VALUES ('010517', 'San Francisco de Yeso', '0105', '01') ON CONFLICT DO NOTHING;
INSERT INTO public.distritos VALUES ('010518', 'San Jerónimo', '0105', '01') ON CONFLICT DO NOTHING;
INSERT INTO public.distritos VALUES ('010519', 'San Juan de Lopecancha', '0105', '01') ON CONFLICT DO NOTHING;
INSERT INTO public.distritos VALUES ('010520', 'Santa Catalina', '0105', '01') ON CONFLICT DO NOTHING;
INSERT INTO public.distritos VALUES ('010521', 'Santo Tomas', '0105', '01') ON CONFLICT DO NOTHING;
INSERT INTO public.distritos VALUES ('010522', 'Tingo', '0105', '01') ON CONFLICT DO NOTHING;
INSERT INTO public.distritos VALUES ('010523', 'Trita', '0105', '01') ON CONFLICT DO NOTHING;
INSERT INTO public.distritos VALUES ('010601', 'San Nicolás', '0106', '01') ON CONFLICT DO NOTHING;
INSERT INTO public.distritos VALUES ('010602', 'Chirimoto', '0106', '01') ON CONFLICT DO NOTHING;
INSERT INTO public.distritos VALUES ('010603', 'Cochamal', '0106', '01') ON CONFLICT DO NOTHING;
INSERT INTO public.distritos VALUES ('010604', 'Huambo', '0106', '01') ON CONFLICT DO NOTHING;
INSERT INTO public.distritos VALUES ('010605', 'Limabamba', '0106', '01') ON CONFLICT DO NOTHING;
INSERT INTO public.distritos VALUES ('010606', 'Longar', '0106', '01') ON CONFLICT DO NOTHING;
INSERT INTO public.distritos VALUES ('010607', 'Mariscal Benavides', '0106', '01') ON CONFLICT DO NOTHING;
INSERT INTO public.distritos VALUES ('010608', 'Milpuc', '0106', '01') ON CONFLICT DO NOTHING;
INSERT INTO public.distritos VALUES ('010609', 'Omia', '0106', '01') ON CONFLICT DO NOTHING;
INSERT INTO public.distritos VALUES ('010610', 'Santa Rosa', '0106', '01') ON CONFLICT DO NOTHING;
INSERT INTO public.distritos VALUES ('010611', 'Totora', '0106', '01') ON CONFLICT DO NOTHING;
INSERT INTO public.distritos VALUES ('010612', 'Vista Alegre', '0106', '01') ON CONFLICT DO NOTHING;
INSERT INTO public.distritos VALUES ('010701', 'Bagua Grande', '0107', '01') ON CONFLICT DO NOTHING;
INSERT INTO public.distritos VALUES ('010702', 'Cajaruro', '0107', '01') ON CONFLICT DO NOTHING;
INSERT INTO public.distritos VALUES ('010703', 'Cumba', '0107', '01') ON CONFLICT DO NOTHING;
INSERT INTO public.distritos VALUES ('010704', 'El Milagro', '0107', '01') ON CONFLICT DO NOTHING;
INSERT INTO public.distritos VALUES ('010705', 'Jamalca', '0107', '01') ON CONFLICT DO NOTHING;
INSERT INTO public.distritos VALUES ('010706', 'Lonya Grande', '0107', '01') ON CONFLICT DO NOTHING;
INSERT INTO public.distritos VALUES ('010707', 'Yamon', '0107', '01') ON CONFLICT DO NOTHING;
INSERT INTO public.distritos VALUES ('020101', 'Huaraz', '0201', '02') ON CONFLICT DO NOTHING;
INSERT INTO public.distritos VALUES ('020102', 'Cochabamba', '0201', '02') ON CONFLICT DO NOTHING;
INSERT INTO public.distritos VALUES ('020103', 'Colcabamba', '0201', '02') ON CONFLICT DO NOTHING;
INSERT INTO public.distritos VALUES ('020104', 'Huanchay', '0201', '02') ON CONFLICT DO NOTHING;
INSERT INTO public.distritos VALUES ('020105', 'Independencia', '0201', '02') ON CONFLICT DO NOTHING;
INSERT INTO public.distritos VALUES ('020106', 'Jangas', '0201', '02') ON CONFLICT DO NOTHING;
INSERT INTO public.distritos VALUES ('020107', 'La Libertad', '0201', '02') ON CONFLICT DO NOTHING;
INSERT INTO public.distritos VALUES ('020108', 'Olleros', '0201', '02') ON CONFLICT DO NOTHING;
INSERT INTO public.distritos VALUES ('020109', 'Pampas Grande', '0201', '02') ON CONFLICT DO NOTHING;
INSERT INTO public.distritos VALUES ('020110', 'Pariacoto', '0201', '02') ON CONFLICT DO NOTHING;
INSERT INTO public.distritos VALUES ('020111', 'Pira', '0201', '02') ON CONFLICT DO NOTHING;
INSERT INTO public.distritos VALUES ('020112', 'Tarica', '0201', '02') ON CONFLICT DO NOTHING;
INSERT INTO public.distritos VALUES ('020201', 'Aija', '0202', '02') ON CONFLICT DO NOTHING;
INSERT INTO public.distritos VALUES ('020202', 'Coris', '0202', '02') ON CONFLICT DO NOTHING;
INSERT INTO public.distritos VALUES ('020203', 'Huacllan', '0202', '02') ON CONFLICT DO NOTHING;
INSERT INTO public.distritos VALUES ('020204', 'La Merced', '0202', '02') ON CONFLICT DO NOTHING;
INSERT INTO public.distritos VALUES ('020205', 'Succha', '0202', '02') ON CONFLICT DO NOTHING;
INSERT INTO public.distritos VALUES ('020301', 'Llamellin', '0203', '02') ON CONFLICT DO NOTHING;
INSERT INTO public.distritos VALUES ('020302', 'Aczo', '0203', '02') ON CONFLICT DO NOTHING;
INSERT INTO public.distritos VALUES ('020303', 'Chaccho', '0203', '02') ON CONFLICT DO NOTHING;
INSERT INTO public.distritos VALUES ('020304', 'Chingas', '0203', '02') ON CONFLICT DO NOTHING;
INSERT INTO public.distritos VALUES ('020305', 'Mirgas', '0203', '02') ON CONFLICT DO NOTHING;
INSERT INTO public.distritos VALUES ('020306', 'San Juan de Rontoy', '0203', '02') ON CONFLICT DO NOTHING;
INSERT INTO public.distritos VALUES ('020401', 'Chacas', '0204', '02') ON CONFLICT DO NOTHING;
INSERT INTO public.distritos VALUES ('020402', 'Acochaca', '0204', '02') ON CONFLICT DO NOTHING;
INSERT INTO public.distritos VALUES ('020501', 'Chiquian', '0205', '02') ON CONFLICT DO NOTHING;
INSERT INTO public.distritos VALUES ('020502', 'Abelardo Pardo Lezameta', '0205', '02') ON CONFLICT DO NOTHING;
INSERT INTO public.distritos VALUES ('020503', 'Antonio Raymondi', '0205', '02') ON CONFLICT DO NOTHING;
INSERT INTO public.distritos VALUES ('020504', 'Aquia', '0205', '02') ON CONFLICT DO NOTHING;
INSERT INTO public.distritos VALUES ('020505', 'Cajacay', '0205', '02') ON CONFLICT DO NOTHING;
INSERT INTO public.distritos VALUES ('020506', 'Canis', '0205', '02') ON CONFLICT DO NOTHING;
INSERT INTO public.distritos VALUES ('020507', 'Colquioc', '0205', '02') ON CONFLICT DO NOTHING;
INSERT INTO public.distritos VALUES ('020508', 'Huallanca', '0205', '02') ON CONFLICT DO NOTHING;
INSERT INTO public.distritos VALUES ('020509', 'Huasta', '0205', '02') ON CONFLICT DO NOTHING;
INSERT INTO public.distritos VALUES ('020510', 'Huayllacayan', '0205', '02') ON CONFLICT DO NOTHING;
INSERT INTO public.distritos VALUES ('020511', 'La Primavera', '0205', '02') ON CONFLICT DO NOTHING;
INSERT INTO public.distritos VALUES ('020512', 'Mangas', '0205', '02') ON CONFLICT DO NOTHING;
INSERT INTO public.distritos VALUES ('020513', 'Pacllon', '0205', '02') ON CONFLICT DO NOTHING;
INSERT INTO public.distritos VALUES ('020514', 'San Miguel de Corpanqui', '0205', '02') ON CONFLICT DO NOTHING;
INSERT INTO public.distritos VALUES ('020515', 'Ticllos', '0205', '02') ON CONFLICT DO NOTHING;
INSERT INTO public.distritos VALUES ('020601', 'Carhuaz', '0206', '02') ON CONFLICT DO NOTHING;
INSERT INTO public.distritos VALUES ('020602', 'Acopampa', '0206', '02') ON CONFLICT DO NOTHING;
INSERT INTO public.distritos VALUES ('020603', 'Amashca', '0206', '02') ON CONFLICT DO NOTHING;
INSERT INTO public.distritos VALUES ('020604', 'Anta', '0206', '02') ON CONFLICT DO NOTHING;
INSERT INTO public.distritos VALUES ('020605', 'Ataquero', '0206', '02') ON CONFLICT DO NOTHING;
INSERT INTO public.distritos VALUES ('020606', 'Marcara', '0206', '02') ON CONFLICT DO NOTHING;
INSERT INTO public.distritos VALUES ('020607', 'Pariahuanca', '0206', '02') ON CONFLICT DO NOTHING;
INSERT INTO public.distritos VALUES ('020608', 'San Miguel de Aco', '0206', '02') ON CONFLICT DO NOTHING;
INSERT INTO public.distritos VALUES ('020609', 'Shilla', '0206', '02') ON CONFLICT DO NOTHING;
INSERT INTO public.distritos VALUES ('020610', 'Tinco', '0206', '02') ON CONFLICT DO NOTHING;
INSERT INTO public.distritos VALUES ('020611', 'Yungar', '0206', '02') ON CONFLICT DO NOTHING;
INSERT INTO public.distritos VALUES ('020701', 'San Luis', '0207', '02') ON CONFLICT DO NOTHING;
INSERT INTO public.distritos VALUES ('020702', 'San Nicolás', '0207', '02') ON CONFLICT DO NOTHING;
INSERT INTO public.distritos VALUES ('020703', 'Yauya', '0207', '02') ON CONFLICT DO NOTHING;
INSERT INTO public.distritos VALUES ('020801', 'Casma', '0208', '02') ON CONFLICT DO NOTHING;
INSERT INTO public.distritos VALUES ('020802', 'Buena Vista Alta', '0208', '02') ON CONFLICT DO NOTHING;
INSERT INTO public.distritos VALUES ('020803', 'Comandante Noel', '0208', '02') ON CONFLICT DO NOTHING;
INSERT INTO public.distritos VALUES ('020804', 'Yautan', '0208', '02') ON CONFLICT DO NOTHING;
INSERT INTO public.distritos VALUES ('020901', 'Corongo', '0209', '02') ON CONFLICT DO NOTHING;
INSERT INTO public.distritos VALUES ('020902', 'Aco', '0209', '02') ON CONFLICT DO NOTHING;
INSERT INTO public.distritos VALUES ('020903', 'Bambas', '0209', '02') ON CONFLICT DO NOTHING;
INSERT INTO public.distritos VALUES ('020904', 'Cusca', '0209', '02') ON CONFLICT DO NOTHING;
INSERT INTO public.distritos VALUES ('020905', 'La Pampa', '0209', '02') ON CONFLICT DO NOTHING;
INSERT INTO public.distritos VALUES ('020906', 'Yanac', '0209', '02') ON CONFLICT DO NOTHING;
INSERT INTO public.distritos VALUES ('020907', 'Yupan', '0209', '02') ON CONFLICT DO NOTHING;
INSERT INTO public.distritos VALUES ('021001', 'Huari', '0210', '02') ON CONFLICT DO NOTHING;
INSERT INTO public.distritos VALUES ('021002', 'Anra', '0210', '02') ON CONFLICT DO NOTHING;
INSERT INTO public.distritos VALUES ('021003', 'Cajay', '0210', '02') ON CONFLICT DO NOTHING;
INSERT INTO public.distritos VALUES ('021004', 'Chavin de Huantar', '0210', '02') ON CONFLICT DO NOTHING;
INSERT INTO public.distritos VALUES ('021005', 'Huacachi', '0210', '02') ON CONFLICT DO NOTHING;
INSERT INTO public.distritos VALUES ('021006', 'Huacchis', '0210', '02') ON CONFLICT DO NOTHING;
INSERT INTO public.distritos VALUES ('021007', 'Huachis', '0210', '02') ON CONFLICT DO NOTHING;
INSERT INTO public.distritos VALUES ('021008', 'Huantar', '0210', '02') ON CONFLICT DO NOTHING;
INSERT INTO public.distritos VALUES ('021009', 'Masin', '0210', '02') ON CONFLICT DO NOTHING;
INSERT INTO public.distritos VALUES ('021010', 'Paucas', '0210', '02') ON CONFLICT DO NOTHING;
INSERT INTO public.distritos VALUES ('021011', 'Ponto', '0210', '02') ON CONFLICT DO NOTHING;
INSERT INTO public.distritos VALUES ('021012', 'Rahuapampa', '0210', '02') ON CONFLICT DO NOTHING;
INSERT INTO public.distritos VALUES ('021013', 'Rapayan', '0210', '02') ON CONFLICT DO NOTHING;
INSERT INTO public.distritos VALUES ('021014', 'San Marcos', '0210', '02') ON CONFLICT DO NOTHING;
INSERT INTO public.distritos VALUES ('021015', 'San Pedro de Chana', '0210', '02') ON CONFLICT DO NOTHING;
INSERT INTO public.distritos VALUES ('021016', 'Uco', '0210', '02') ON CONFLICT DO NOTHING;
INSERT INTO public.distritos VALUES ('021101', 'Huarmey', '0211', '02') ON CONFLICT DO NOTHING;
INSERT INTO public.distritos VALUES ('021102', 'Cochapeti', '0211', '02') ON CONFLICT DO NOTHING;
INSERT INTO public.distritos VALUES ('021103', 'Culebras', '0211', '02') ON CONFLICT DO NOTHING;
INSERT INTO public.distritos VALUES ('021104', 'Huayan', '0211', '02') ON CONFLICT DO NOTHING;
INSERT INTO public.distritos VALUES ('021105', 'Malvas', '0211', '02') ON CONFLICT DO NOTHING;
INSERT INTO public.distritos VALUES ('021201', 'Caraz', '0212', '02') ON CONFLICT DO NOTHING;
INSERT INTO public.distritos VALUES ('021202', 'Huallanca', '0212', '02') ON CONFLICT DO NOTHING;
INSERT INTO public.distritos VALUES ('021203', 'Huata', '0212', '02') ON CONFLICT DO NOTHING;
INSERT INTO public.distritos VALUES ('021204', 'Huaylas', '0212', '02') ON CONFLICT DO NOTHING;
INSERT INTO public.distritos VALUES ('021205', 'Mato', '0212', '02') ON CONFLICT DO NOTHING;
INSERT INTO public.distritos VALUES ('021206', 'Pamparomas', '0212', '02') ON CONFLICT DO NOTHING;
INSERT INTO public.distritos VALUES ('021207', 'Pueblo Libre', '0212', '02') ON CONFLICT DO NOTHING;
INSERT INTO public.distritos VALUES ('021208', 'Santa Cruz', '0212', '02') ON CONFLICT DO NOTHING;
INSERT INTO public.distritos VALUES ('021209', 'Santo Toribio', '0212', '02') ON CONFLICT DO NOTHING;
INSERT INTO public.distritos VALUES ('021210', 'Yuracmarca', '0212', '02') ON CONFLICT DO NOTHING;
INSERT INTO public.distritos VALUES ('021301', 'Piscobamba', '0213', '02') ON CONFLICT DO NOTHING;
INSERT INTO public.distritos VALUES ('021302', 'Casca', '0213', '02') ON CONFLICT DO NOTHING;
INSERT INTO public.distritos VALUES ('021303', 'Eleazar Guzmán Barron', '0213', '02') ON CONFLICT DO NOTHING;
INSERT INTO public.distritos VALUES ('021304', 'Fidel Olivas Escudero', '0213', '02') ON CONFLICT DO NOTHING;
INSERT INTO public.distritos VALUES ('021305', 'Llama', '0213', '02') ON CONFLICT DO NOTHING;
INSERT INTO public.distritos VALUES ('021306', 'Llumpa', '0213', '02') ON CONFLICT DO NOTHING;
INSERT INTO public.distritos VALUES ('021307', 'Lucma', '0213', '02') ON CONFLICT DO NOTHING;
INSERT INTO public.distritos VALUES ('021308', 'Musga', '0213', '02') ON CONFLICT DO NOTHING;
INSERT INTO public.distritos VALUES ('021401', 'Ocros', '0214', '02') ON CONFLICT DO NOTHING;
INSERT INTO public.distritos VALUES ('021402', 'Acas', '0214', '02') ON CONFLICT DO NOTHING;
INSERT INTO public.distritos VALUES ('021403', 'Cajamarquilla', '0214', '02') ON CONFLICT DO NOTHING;
INSERT INTO public.distritos VALUES ('021404', 'Carhuapampa', '0214', '02') ON CONFLICT DO NOTHING;
INSERT INTO public.distritos VALUES ('021405', 'Cochas', '0214', '02') ON CONFLICT DO NOTHING;
INSERT INTO public.distritos VALUES ('021406', 'Congas', '0214', '02') ON CONFLICT DO NOTHING;
INSERT INTO public.distritos VALUES ('021407', 'Llipa', '0214', '02') ON CONFLICT DO NOTHING;
INSERT INTO public.distritos VALUES ('021408', 'San Cristóbal de Rajan', '0214', '02') ON CONFLICT DO NOTHING;
INSERT INTO public.distritos VALUES ('021409', 'San Pedro', '0214', '02') ON CONFLICT DO NOTHING;
INSERT INTO public.distritos VALUES ('021410', 'Santiago de Chilcas', '0214', '02') ON CONFLICT DO NOTHING;
INSERT INTO public.distritos VALUES ('021501', 'Cabana', '0215', '02') ON CONFLICT DO NOTHING;
INSERT INTO public.distritos VALUES ('021502', 'Bolognesi', '0215', '02') ON CONFLICT DO NOTHING;
INSERT INTO public.distritos VALUES ('021503', 'Conchucos', '0215', '02') ON CONFLICT DO NOTHING;
INSERT INTO public.distritos VALUES ('021504', 'Huacaschuque', '0215', '02') ON CONFLICT DO NOTHING;
INSERT INTO public.distritos VALUES ('021505', 'Huandoval', '0215', '02') ON CONFLICT DO NOTHING;
INSERT INTO public.distritos VALUES ('021506', 'Lacabamba', '0215', '02') ON CONFLICT DO NOTHING;
INSERT INTO public.distritos VALUES ('021507', 'Llapo', '0215', '02') ON CONFLICT DO NOTHING;
INSERT INTO public.distritos VALUES ('021508', 'Pallasca', '0215', '02') ON CONFLICT DO NOTHING;
INSERT INTO public.distritos VALUES ('021509', 'Pampas', '0215', '02') ON CONFLICT DO NOTHING;
INSERT INTO public.distritos VALUES ('021510', 'Santa Rosa', '0215', '02') ON CONFLICT DO NOTHING;
INSERT INTO public.distritos VALUES ('021511', 'Tauca', '0215', '02') ON CONFLICT DO NOTHING;
INSERT INTO public.distritos VALUES ('021601', 'Pomabamba', '0216', '02') ON CONFLICT DO NOTHING;
INSERT INTO public.distritos VALUES ('021602', 'Huayllan', '0216', '02') ON CONFLICT DO NOTHING;
INSERT INTO public.distritos VALUES ('021603', 'Parobamba', '0216', '02') ON CONFLICT DO NOTHING;
INSERT INTO public.distritos VALUES ('021604', 'Quinuabamba', '0216', '02') ON CONFLICT DO NOTHING;
INSERT INTO public.distritos VALUES ('021701', 'Recuay', '0217', '02') ON CONFLICT DO NOTHING;
INSERT INTO public.distritos VALUES ('021702', 'Catac', '0217', '02') ON CONFLICT DO NOTHING;
INSERT INTO public.distritos VALUES ('021703', 'Cotaparaco', '0217', '02') ON CONFLICT DO NOTHING;
INSERT INTO public.distritos VALUES ('021704', 'Huayllapampa', '0217', '02') ON CONFLICT DO NOTHING;
INSERT INTO public.distritos VALUES ('021705', 'Llacllin', '0217', '02') ON CONFLICT DO NOTHING;
INSERT INTO public.distritos VALUES ('021706', 'Marca', '0217', '02') ON CONFLICT DO NOTHING;
INSERT INTO public.distritos VALUES ('021707', 'Pampas Chico', '0217', '02') ON CONFLICT DO NOTHING;
INSERT INTO public.distritos VALUES ('021708', 'Pararin', '0217', '02') ON CONFLICT DO NOTHING;
INSERT INTO public.distritos VALUES ('021709', 'Tapacocha', '0217', '02') ON CONFLICT DO NOTHING;
INSERT INTO public.distritos VALUES ('021710', 'Ticapampa', '0217', '02') ON CONFLICT DO NOTHING;
INSERT INTO public.distritos VALUES ('021801', 'Chimbote', '0218', '02') ON CONFLICT DO NOTHING;
INSERT INTO public.distritos VALUES ('021802', 'Cáceres del Perú', '0218', '02') ON CONFLICT DO NOTHING;
INSERT INTO public.distritos VALUES ('021803', 'Coishco', '0218', '02') ON CONFLICT DO NOTHING;
INSERT INTO public.distritos VALUES ('021804', 'Macate', '0218', '02') ON CONFLICT DO NOTHING;
INSERT INTO public.distritos VALUES ('021805', 'Moro', '0218', '02') ON CONFLICT DO NOTHING;
INSERT INTO public.distritos VALUES ('021806', 'Nepeña', '0218', '02') ON CONFLICT DO NOTHING;
INSERT INTO public.distritos VALUES ('021807', 'Samanco', '0218', '02') ON CONFLICT DO NOTHING;
INSERT INTO public.distritos VALUES ('021808', 'Santa', '0218', '02') ON CONFLICT DO NOTHING;
INSERT INTO public.distritos VALUES ('021809', 'Nuevo Chimbote', '0218', '02') ON CONFLICT DO NOTHING;
INSERT INTO public.distritos VALUES ('021901', 'Sihuas', '0219', '02') ON CONFLICT DO NOTHING;
INSERT INTO public.distritos VALUES ('021902', 'Acobamba', '0219', '02') ON CONFLICT DO NOTHING;
INSERT INTO public.distritos VALUES ('021903', 'Alfonso Ugarte', '0219', '02') ON CONFLICT DO NOTHING;
INSERT INTO public.distritos VALUES ('021904', 'Cashapampa', '0219', '02') ON CONFLICT DO NOTHING;
INSERT INTO public.distritos VALUES ('021905', 'Chingalpo', '0219', '02') ON CONFLICT DO NOTHING;
INSERT INTO public.distritos VALUES ('021906', 'Huayllabamba', '0219', '02') ON CONFLICT DO NOTHING;
INSERT INTO public.distritos VALUES ('021907', 'Quiches', '0219', '02') ON CONFLICT DO NOTHING;
INSERT INTO public.distritos VALUES ('021908', 'Ragash', '0219', '02') ON CONFLICT DO NOTHING;
INSERT INTO public.distritos VALUES ('021909', 'San Juan', '0219', '02') ON CONFLICT DO NOTHING;
INSERT INTO public.distritos VALUES ('021910', 'Sicsibamba', '0219', '02') ON CONFLICT DO NOTHING;
INSERT INTO public.distritos VALUES ('022001', 'Yungay', '0220', '02') ON CONFLICT DO NOTHING;
INSERT INTO public.distritos VALUES ('022002', 'Cascapara', '0220', '02') ON CONFLICT DO NOTHING;
INSERT INTO public.distritos VALUES ('022003', 'Mancos', '0220', '02') ON CONFLICT DO NOTHING;
INSERT INTO public.distritos VALUES ('022004', 'Matacoto', '0220', '02') ON CONFLICT DO NOTHING;
INSERT INTO public.distritos VALUES ('022005', 'Quillo', '0220', '02') ON CONFLICT DO NOTHING;
INSERT INTO public.distritos VALUES ('022006', 'Ranrahirca', '0220', '02') ON CONFLICT DO NOTHING;
INSERT INTO public.distritos VALUES ('022007', 'Shupluy', '0220', '02') ON CONFLICT DO NOTHING;
INSERT INTO public.distritos VALUES ('022008', 'Yanama', '0220', '02') ON CONFLICT DO NOTHING;
INSERT INTO public.distritos VALUES ('030101', 'Abancay', '0301', '03') ON CONFLICT DO NOTHING;
INSERT INTO public.distritos VALUES ('030102', 'Chacoche', '0301', '03') ON CONFLICT DO NOTHING;
INSERT INTO public.distritos VALUES ('030103', 'Circa', '0301', '03') ON CONFLICT DO NOTHING;
INSERT INTO public.distritos VALUES ('030104', 'Curahuasi', '0301', '03') ON CONFLICT DO NOTHING;
INSERT INTO public.distritos VALUES ('030105', 'Huanipaca', '0301', '03') ON CONFLICT DO NOTHING;
INSERT INTO public.distritos VALUES ('030106', 'Lambrama', '0301', '03') ON CONFLICT DO NOTHING;
INSERT INTO public.distritos VALUES ('030107', 'Pichirhua', '0301', '03') ON CONFLICT DO NOTHING;
INSERT INTO public.distritos VALUES ('030108', 'San Pedro de Cachora', '0301', '03') ON CONFLICT DO NOTHING;
INSERT INTO public.distritos VALUES ('030109', 'Tamburco', '0301', '03') ON CONFLICT DO NOTHING;
INSERT INTO public.distritos VALUES ('030201', 'Andahuaylas', '0302', '03') ON CONFLICT DO NOTHING;
INSERT INTO public.distritos VALUES ('030202', 'Andarapa', '0302', '03') ON CONFLICT DO NOTHING;
INSERT INTO public.distritos VALUES ('030203', 'Chiara', '0302', '03') ON CONFLICT DO NOTHING;
INSERT INTO public.distritos VALUES ('030204', 'Huancarama', '0302', '03') ON CONFLICT DO NOTHING;
INSERT INTO public.distritos VALUES ('030205', 'Huancaray', '0302', '03') ON CONFLICT DO NOTHING;
INSERT INTO public.distritos VALUES ('030206', 'Huayana', '0302', '03') ON CONFLICT DO NOTHING;
INSERT INTO public.distritos VALUES ('030207', 'Kishuara', '0302', '03') ON CONFLICT DO NOTHING;
INSERT INTO public.distritos VALUES ('030208', 'Pacobamba', '0302', '03') ON CONFLICT DO NOTHING;
INSERT INTO public.distritos VALUES ('030209', 'Pacucha', '0302', '03') ON CONFLICT DO NOTHING;
INSERT INTO public.distritos VALUES ('030210', 'Pampachiri', '0302', '03') ON CONFLICT DO NOTHING;
INSERT INTO public.distritos VALUES ('030211', 'Pomacocha', '0302', '03') ON CONFLICT DO NOTHING;
INSERT INTO public.distritos VALUES ('030212', 'San Antonio de Cachi', '0302', '03') ON CONFLICT DO NOTHING;
INSERT INTO public.distritos VALUES ('030213', 'San Jerónimo', '0302', '03') ON CONFLICT DO NOTHING;
INSERT INTO public.distritos VALUES ('030214', 'San Miguel de Chaccrampa', '0302', '03') ON CONFLICT DO NOTHING;
INSERT INTO public.distritos VALUES ('030215', 'Santa María de Chicmo', '0302', '03') ON CONFLICT DO NOTHING;
INSERT INTO public.distritos VALUES ('030216', 'Talavera', '0302', '03') ON CONFLICT DO NOTHING;
INSERT INTO public.distritos VALUES ('030217', 'Tumay Huaraca', '0302', '03') ON CONFLICT DO NOTHING;
INSERT INTO public.distritos VALUES ('030218', 'Turpo', '0302', '03') ON CONFLICT DO NOTHING;
INSERT INTO public.distritos VALUES ('030219', 'Kaquiabamba', '0302', '03') ON CONFLICT DO NOTHING;
INSERT INTO public.distritos VALUES ('030220', 'José María Arguedas', '0302', '03') ON CONFLICT DO NOTHING;
INSERT INTO public.distritos VALUES ('030301', 'Antabamba', '0303', '03') ON CONFLICT DO NOTHING;
INSERT INTO public.distritos VALUES ('030302', 'El Oro', '0303', '03') ON CONFLICT DO NOTHING;
INSERT INTO public.distritos VALUES ('030303', 'Huaquirca', '0303', '03') ON CONFLICT DO NOTHING;
INSERT INTO public.distritos VALUES ('030304', 'Juan Espinoza Medrano', '0303', '03') ON CONFLICT DO NOTHING;
INSERT INTO public.distritos VALUES ('030305', 'Oropesa', '0303', '03') ON CONFLICT DO NOTHING;
INSERT INTO public.distritos VALUES ('030306', 'Pachaconas', '0303', '03') ON CONFLICT DO NOTHING;
INSERT INTO public.distritos VALUES ('030307', 'Sabaino', '0303', '03') ON CONFLICT DO NOTHING;
INSERT INTO public.distritos VALUES ('030401', 'Chalhuanca', '0304', '03') ON CONFLICT DO NOTHING;
INSERT INTO public.distritos VALUES ('030402', 'Capaya', '0304', '03') ON CONFLICT DO NOTHING;
INSERT INTO public.distritos VALUES ('030403', 'Caraybamba', '0304', '03') ON CONFLICT DO NOTHING;
INSERT INTO public.distritos VALUES ('030404', 'Chapimarca', '0304', '03') ON CONFLICT DO NOTHING;
INSERT INTO public.distritos VALUES ('030405', 'Colcabamba', '0304', '03') ON CONFLICT DO NOTHING;
INSERT INTO public.distritos VALUES ('030406', 'Cotaruse', '0304', '03') ON CONFLICT DO NOTHING;
INSERT INTO public.distritos VALUES ('030407', 'Ihuayllo', '0304', '03') ON CONFLICT DO NOTHING;
INSERT INTO public.distritos VALUES ('030408', 'Justo Apu Sahuaraura', '0304', '03') ON CONFLICT DO NOTHING;
INSERT INTO public.distritos VALUES ('030409', 'Lucre', '0304', '03') ON CONFLICT DO NOTHING;
INSERT INTO public.distritos VALUES ('030410', 'Pocohuanca', '0304', '03') ON CONFLICT DO NOTHING;
INSERT INTO public.distritos VALUES ('030411', 'San Juan de Chacña', '0304', '03') ON CONFLICT DO NOTHING;
INSERT INTO public.distritos VALUES ('030412', 'Sañayca', '0304', '03') ON CONFLICT DO NOTHING;
INSERT INTO public.distritos VALUES ('030413', 'Soraya', '0304', '03') ON CONFLICT DO NOTHING;
INSERT INTO public.distritos VALUES ('030414', 'Tapairihua', '0304', '03') ON CONFLICT DO NOTHING;
INSERT INTO public.distritos VALUES ('030415', 'Tintay', '0304', '03') ON CONFLICT DO NOTHING;
INSERT INTO public.distritos VALUES ('030416', 'Toraya', '0304', '03') ON CONFLICT DO NOTHING;
INSERT INTO public.distritos VALUES ('030417', 'Yanaca', '0304', '03') ON CONFLICT DO NOTHING;
INSERT INTO public.distritos VALUES ('030501', 'Tambobamba', '0305', '03') ON CONFLICT DO NOTHING;
INSERT INTO public.distritos VALUES ('030502', 'Cotabambas', '0305', '03') ON CONFLICT DO NOTHING;
INSERT INTO public.distritos VALUES ('030503', 'Coyllurqui', '0305', '03') ON CONFLICT DO NOTHING;
INSERT INTO public.distritos VALUES ('030504', 'Haquira', '0305', '03') ON CONFLICT DO NOTHING;
INSERT INTO public.distritos VALUES ('030505', 'Mara', '0305', '03') ON CONFLICT DO NOTHING;
INSERT INTO public.distritos VALUES ('030506', 'Challhuahuacho', '0305', '03') ON CONFLICT DO NOTHING;
INSERT INTO public.distritos VALUES ('030601', 'Chincheros', '0306', '03') ON CONFLICT DO NOTHING;
INSERT INTO public.distritos VALUES ('030602', 'Anco_Huallo', '0306', '03') ON CONFLICT DO NOTHING;
INSERT INTO public.distritos VALUES ('030603', 'Cocharcas', '0306', '03') ON CONFLICT DO NOTHING;
INSERT INTO public.distritos VALUES ('030604', 'Huaccana', '0306', '03') ON CONFLICT DO NOTHING;
INSERT INTO public.distritos VALUES ('030605', 'Ocobamba', '0306', '03') ON CONFLICT DO NOTHING;
INSERT INTO public.distritos VALUES ('030606', 'Ongoy', '0306', '03') ON CONFLICT DO NOTHING;
INSERT INTO public.distritos VALUES ('030607', 'Uranmarca', '0306', '03') ON CONFLICT DO NOTHING;
INSERT INTO public.distritos VALUES ('030608', 'Ranracancha', '0306', '03') ON CONFLICT DO NOTHING;
INSERT INTO public.distritos VALUES ('030609', 'Rocchacc', '0306', '03') ON CONFLICT DO NOTHING;
INSERT INTO public.distritos VALUES ('030610', 'El Porvenir', '0306', '03') ON CONFLICT DO NOTHING;
INSERT INTO public.distritos VALUES ('030611', 'Los Chankas', '0306', '03') ON CONFLICT DO NOTHING;
INSERT INTO public.distritos VALUES ('030701', 'Chuquibambilla', '0307', '03') ON CONFLICT DO NOTHING;
INSERT INTO public.distritos VALUES ('030702', 'Curpahuasi', '0307', '03') ON CONFLICT DO NOTHING;
INSERT INTO public.distritos VALUES ('030703', 'Gamarra', '0307', '03') ON CONFLICT DO NOTHING;
INSERT INTO public.distritos VALUES ('030704', 'Huayllati', '0307', '03') ON CONFLICT DO NOTHING;
INSERT INTO public.distritos VALUES ('030705', 'Mamara', '0307', '03') ON CONFLICT DO NOTHING;
INSERT INTO public.distritos VALUES ('030706', 'Micaela Bastidas', '0307', '03') ON CONFLICT DO NOTHING;
INSERT INTO public.distritos VALUES ('030707', 'Pataypampa', '0307', '03') ON CONFLICT DO NOTHING;
INSERT INTO public.distritos VALUES ('030708', 'Progreso', '0307', '03') ON CONFLICT DO NOTHING;
INSERT INTO public.distritos VALUES ('030709', 'San Antonio', '0307', '03') ON CONFLICT DO NOTHING;
INSERT INTO public.distritos VALUES ('030710', 'Santa Rosa', '0307', '03') ON CONFLICT DO NOTHING;
INSERT INTO public.distritos VALUES ('030711', 'Turpay', '0307', '03') ON CONFLICT DO NOTHING;
INSERT INTO public.distritos VALUES ('030712', 'Vilcabamba', '0307', '03') ON CONFLICT DO NOTHING;
INSERT INTO public.distritos VALUES ('030713', 'Virundo', '0307', '03') ON CONFLICT DO NOTHING;
INSERT INTO public.distritos VALUES ('030714', 'Curasco', '0307', '03') ON CONFLICT DO NOTHING;
INSERT INTO public.distritos VALUES ('040101', 'Arequipa', '0401', '04') ON CONFLICT DO NOTHING;
INSERT INTO public.distritos VALUES ('040102', 'Alto Selva Alegre', '0401', '04') ON CONFLICT DO NOTHING;
INSERT INTO public.distritos VALUES ('040103', 'Cayma', '0401', '04') ON CONFLICT DO NOTHING;
INSERT INTO public.distritos VALUES ('040104', 'Cerro Colorado', '0401', '04') ON CONFLICT DO NOTHING;
INSERT INTO public.distritos VALUES ('040105', 'Characato', '0401', '04') ON CONFLICT DO NOTHING;
INSERT INTO public.distritos VALUES ('040106', 'Chiguata', '0401', '04') ON CONFLICT DO NOTHING;
INSERT INTO public.distritos VALUES ('040107', 'Jacobo Hunter', '0401', '04') ON CONFLICT DO NOTHING;
INSERT INTO public.distritos VALUES ('040108', 'La Joya', '0401', '04') ON CONFLICT DO NOTHING;
INSERT INTO public.distritos VALUES ('040109', 'Mariano Melgar', '0401', '04') ON CONFLICT DO NOTHING;
INSERT INTO public.distritos VALUES ('040110', 'Miraflores', '0401', '04') ON CONFLICT DO NOTHING;
INSERT INTO public.distritos VALUES ('040111', 'Mollebaya', '0401', '04') ON CONFLICT DO NOTHING;
INSERT INTO public.distritos VALUES ('040112', 'Paucarpata', '0401', '04') ON CONFLICT DO NOTHING;
INSERT INTO public.distritos VALUES ('040113', 'Pocsi', '0401', '04') ON CONFLICT DO NOTHING;
INSERT INTO public.distritos VALUES ('040114', 'Polobaya', '0401', '04') ON CONFLICT DO NOTHING;
INSERT INTO public.distritos VALUES ('040115', 'Quequeña', '0401', '04') ON CONFLICT DO NOTHING;
INSERT INTO public.distritos VALUES ('040116', 'Sabandia', '0401', '04') ON CONFLICT DO NOTHING;
INSERT INTO public.distritos VALUES ('040117', 'Sachaca', '0401', '04') ON CONFLICT DO NOTHING;
INSERT INTO public.distritos VALUES ('040118', 'San Juan de Siguas', '0401', '04') ON CONFLICT DO NOTHING;
INSERT INTO public.distritos VALUES ('040119', 'San Juan de Tarucani', '0401', '04') ON CONFLICT DO NOTHING;
INSERT INTO public.distritos VALUES ('040120', 'Santa Isabel de Siguas', '0401', '04') ON CONFLICT DO NOTHING;
INSERT INTO public.distritos VALUES ('040121', 'Santa Rita de Siguas', '0401', '04') ON CONFLICT DO NOTHING;
INSERT INTO public.distritos VALUES ('040122', 'Socabaya', '0401', '04') ON CONFLICT DO NOTHING;
INSERT INTO public.distritos VALUES ('040123', 'Tiabaya', '0401', '04') ON CONFLICT DO NOTHING;
INSERT INTO public.distritos VALUES ('040124', 'Uchumayo', '0401', '04') ON CONFLICT DO NOTHING;
INSERT INTO public.distritos VALUES ('040125', 'Vitor', '0401', '04') ON CONFLICT DO NOTHING;
INSERT INTO public.distritos VALUES ('040126', 'Yanahuara', '0401', '04') ON CONFLICT DO NOTHING;
INSERT INTO public.distritos VALUES ('040127', 'Yarabamba', '0401', '04') ON CONFLICT DO NOTHING;
INSERT INTO public.distritos VALUES ('040128', 'Yura', '0401', '04') ON CONFLICT DO NOTHING;
INSERT INTO public.distritos VALUES ('040129', 'José Luis Bustamante Y Rivero', '0401', '04') ON CONFLICT DO NOTHING;
INSERT INTO public.distritos VALUES ('040201', 'Camaná', '0402', '04') ON CONFLICT DO NOTHING;
INSERT INTO public.distritos VALUES ('040202', 'José María Quimper', '0402', '04') ON CONFLICT DO NOTHING;
INSERT INTO public.distritos VALUES ('040203', 'Mariano Nicolás Valcárcel', '0402', '04') ON CONFLICT DO NOTHING;
INSERT INTO public.distritos VALUES ('040204', 'Mariscal Cáceres', '0402', '04') ON CONFLICT DO NOTHING;
INSERT INTO public.distritos VALUES ('040205', 'Nicolás de Pierola', '0402', '04') ON CONFLICT DO NOTHING;
INSERT INTO public.distritos VALUES ('040206', 'Ocoña', '0402', '04') ON CONFLICT DO NOTHING;
INSERT INTO public.distritos VALUES ('040207', 'Quilca', '0402', '04') ON CONFLICT DO NOTHING;
INSERT INTO public.distritos VALUES ('040208', 'Samuel Pastor', '0402', '04') ON CONFLICT DO NOTHING;
INSERT INTO public.distritos VALUES ('040301', 'Caravelí', '0403', '04') ON CONFLICT DO NOTHING;
INSERT INTO public.distritos VALUES ('040302', 'Acarí', '0403', '04') ON CONFLICT DO NOTHING;
INSERT INTO public.distritos VALUES ('040303', 'Atico', '0403', '04') ON CONFLICT DO NOTHING;
INSERT INTO public.distritos VALUES ('040304', 'Atiquipa', '0403', '04') ON CONFLICT DO NOTHING;
INSERT INTO public.distritos VALUES ('040305', 'Bella Unión', '0403', '04') ON CONFLICT DO NOTHING;
INSERT INTO public.distritos VALUES ('040306', 'Cahuacho', '0403', '04') ON CONFLICT DO NOTHING;
INSERT INTO public.distritos VALUES ('040307', 'Chala', '0403', '04') ON CONFLICT DO NOTHING;
INSERT INTO public.distritos VALUES ('040308', 'Chaparra', '0403', '04') ON CONFLICT DO NOTHING;
INSERT INTO public.distritos VALUES ('040309', 'Huanuhuanu', '0403', '04') ON CONFLICT DO NOTHING;
INSERT INTO public.distritos VALUES ('040310', 'Jaqui', '0403', '04') ON CONFLICT DO NOTHING;
INSERT INTO public.distritos VALUES ('040311', 'Lomas', '0403', '04') ON CONFLICT DO NOTHING;
INSERT INTO public.distritos VALUES ('040312', 'Quicacha', '0403', '04') ON CONFLICT DO NOTHING;
INSERT INTO public.distritos VALUES ('040313', 'Yauca', '0403', '04') ON CONFLICT DO NOTHING;
INSERT INTO public.distritos VALUES ('040401', 'Aplao', '0404', '04') ON CONFLICT DO NOTHING;
INSERT INTO public.distritos VALUES ('040402', 'Andagua', '0404', '04') ON CONFLICT DO NOTHING;
INSERT INTO public.distritos VALUES ('040403', 'Ayo', '0404', '04') ON CONFLICT DO NOTHING;
INSERT INTO public.distritos VALUES ('040404', 'Chachas', '0404', '04') ON CONFLICT DO NOTHING;
INSERT INTO public.distritos VALUES ('040405', 'Chilcaymarca', '0404', '04') ON CONFLICT DO NOTHING;
INSERT INTO public.distritos VALUES ('040406', 'Choco', '0404', '04') ON CONFLICT DO NOTHING;
INSERT INTO public.distritos VALUES ('040407', 'Huancarqui', '0404', '04') ON CONFLICT DO NOTHING;
INSERT INTO public.distritos VALUES ('040408', 'Machaguay', '0404', '04') ON CONFLICT DO NOTHING;
INSERT INTO public.distritos VALUES ('040409', 'Orcopampa', '0404', '04') ON CONFLICT DO NOTHING;
INSERT INTO public.distritos VALUES ('040410', 'Pampacolca', '0404', '04') ON CONFLICT DO NOTHING;
INSERT INTO public.distritos VALUES ('040411', 'Tipan', '0404', '04') ON CONFLICT DO NOTHING;
INSERT INTO public.distritos VALUES ('040412', 'Uñon', '0404', '04') ON CONFLICT DO NOTHING;
INSERT INTO public.distritos VALUES ('040413', 'Uraca', '0404', '04') ON CONFLICT DO NOTHING;
INSERT INTO public.distritos VALUES ('040414', 'Viraco', '0404', '04') ON CONFLICT DO NOTHING;
INSERT INTO public.distritos VALUES ('040501', 'Chivay', '0405', '04') ON CONFLICT DO NOTHING;
INSERT INTO public.distritos VALUES ('040502', 'Achoma', '0405', '04') ON CONFLICT DO NOTHING;
INSERT INTO public.distritos VALUES ('040503', 'Cabanaconde', '0405', '04') ON CONFLICT DO NOTHING;
INSERT INTO public.distritos VALUES ('040504', 'Callalli', '0405', '04') ON CONFLICT DO NOTHING;
INSERT INTO public.distritos VALUES ('040505', 'Caylloma', '0405', '04') ON CONFLICT DO NOTHING;
INSERT INTO public.distritos VALUES ('040506', 'Coporaque', '0405', '04') ON CONFLICT DO NOTHING;
INSERT INTO public.distritos VALUES ('040507', 'Huambo', '0405', '04') ON CONFLICT DO NOTHING;
INSERT INTO public.distritos VALUES ('040508', 'Huanca', '0405', '04') ON CONFLICT DO NOTHING;
INSERT INTO public.distritos VALUES ('040509', 'Ichupampa', '0405', '04') ON CONFLICT DO NOTHING;
INSERT INTO public.distritos VALUES ('040510', 'Lari', '0405', '04') ON CONFLICT DO NOTHING;
INSERT INTO public.distritos VALUES ('040511', 'Lluta', '0405', '04') ON CONFLICT DO NOTHING;
INSERT INTO public.distritos VALUES ('040512', 'Maca', '0405', '04') ON CONFLICT DO NOTHING;
INSERT INTO public.distritos VALUES ('040513', 'Madrigal', '0405', '04') ON CONFLICT DO NOTHING;
INSERT INTO public.distritos VALUES ('040514', 'San Antonio de Chuca', '0405', '04') ON CONFLICT DO NOTHING;
INSERT INTO public.distritos VALUES ('040515', 'Sibayo', '0405', '04') ON CONFLICT DO NOTHING;
INSERT INTO public.distritos VALUES ('040516', 'Tapay', '0405', '04') ON CONFLICT DO NOTHING;
INSERT INTO public.distritos VALUES ('040517', 'Tisco', '0405', '04') ON CONFLICT DO NOTHING;
INSERT INTO public.distritos VALUES ('040518', 'Tuti', '0405', '04') ON CONFLICT DO NOTHING;
INSERT INTO public.distritos VALUES ('040519', 'Yanque', '0405', '04') ON CONFLICT DO NOTHING;
INSERT INTO public.distritos VALUES ('040520', 'Majes', '0405', '04') ON CONFLICT DO NOTHING;
INSERT INTO public.distritos VALUES ('040601', 'Chuquibamba', '0406', '04') ON CONFLICT DO NOTHING;
INSERT INTO public.distritos VALUES ('040602', 'Andaray', '0406', '04') ON CONFLICT DO NOTHING;
INSERT INTO public.distritos VALUES ('040603', 'Cayarani', '0406', '04') ON CONFLICT DO NOTHING;
INSERT INTO public.distritos VALUES ('040604', 'Chichas', '0406', '04') ON CONFLICT DO NOTHING;
INSERT INTO public.distritos VALUES ('040605', 'Iray', '0406', '04') ON CONFLICT DO NOTHING;
INSERT INTO public.distritos VALUES ('040606', 'Río Grande', '0406', '04') ON CONFLICT DO NOTHING;
INSERT INTO public.distritos VALUES ('040607', 'Salamanca', '0406', '04') ON CONFLICT DO NOTHING;
INSERT INTO public.distritos VALUES ('040608', 'Yanaquihua', '0406', '04') ON CONFLICT DO NOTHING;
INSERT INTO public.distritos VALUES ('040701', 'Mollendo', '0407', '04') ON CONFLICT DO NOTHING;
INSERT INTO public.distritos VALUES ('040702', 'Cocachacra', '0407', '04') ON CONFLICT DO NOTHING;
INSERT INTO public.distritos VALUES ('040703', 'Dean Valdivia', '0407', '04') ON CONFLICT DO NOTHING;
INSERT INTO public.distritos VALUES ('040704', 'Islay', '0407', '04') ON CONFLICT DO NOTHING;
INSERT INTO public.distritos VALUES ('040705', 'Mejia', '0407', '04') ON CONFLICT DO NOTHING;
INSERT INTO public.distritos VALUES ('040706', 'Punta de Bombón', '0407', '04') ON CONFLICT DO NOTHING;
INSERT INTO public.distritos VALUES ('040801', 'Cotahuasi', '0408', '04') ON CONFLICT DO NOTHING;
INSERT INTO public.distritos VALUES ('040802', 'Alca', '0408', '04') ON CONFLICT DO NOTHING;
INSERT INTO public.distritos VALUES ('040803', 'Charcana', '0408', '04') ON CONFLICT DO NOTHING;
INSERT INTO public.distritos VALUES ('040804', 'Huaynacotas', '0408', '04') ON CONFLICT DO NOTHING;
INSERT INTO public.distritos VALUES ('040805', 'Pampamarca', '0408', '04') ON CONFLICT DO NOTHING;
INSERT INTO public.distritos VALUES ('040806', 'Puyca', '0408', '04') ON CONFLICT DO NOTHING;
INSERT INTO public.distritos VALUES ('040807', 'Quechualla', '0408', '04') ON CONFLICT DO NOTHING;
INSERT INTO public.distritos VALUES ('040808', 'Sayla', '0408', '04') ON CONFLICT DO NOTHING;
INSERT INTO public.distritos VALUES ('040809', 'Tauria', '0408', '04') ON CONFLICT DO NOTHING;
INSERT INTO public.distritos VALUES ('040810', 'Tomepampa', '0408', '04') ON CONFLICT DO NOTHING;
INSERT INTO public.distritos VALUES ('040811', 'Toro', '0408', '04') ON CONFLICT DO NOTHING;
INSERT INTO public.distritos VALUES ('050101', 'Ayacucho', '0501', '05') ON CONFLICT DO NOTHING;
INSERT INTO public.distritos VALUES ('050102', 'Acocro', '0501', '05') ON CONFLICT DO NOTHING;
INSERT INTO public.distritos VALUES ('050103', 'Acos Vinchos', '0501', '05') ON CONFLICT DO NOTHING;
INSERT INTO public.distritos VALUES ('050104', 'Carmen Alto', '0501', '05') ON CONFLICT DO NOTHING;
INSERT INTO public.distritos VALUES ('050105', 'Chiara', '0501', '05') ON CONFLICT DO NOTHING;
INSERT INTO public.distritos VALUES ('050106', 'Ocros', '0501', '05') ON CONFLICT DO NOTHING;
INSERT INTO public.distritos VALUES ('050107', 'Pacaycasa', '0501', '05') ON CONFLICT DO NOTHING;
INSERT INTO public.distritos VALUES ('050108', 'Quinua', '0501', '05') ON CONFLICT DO NOTHING;
INSERT INTO public.distritos VALUES ('050109', 'San José de Ticllas', '0501', '05') ON CONFLICT DO NOTHING;
INSERT INTO public.distritos VALUES ('050110', 'San Juan Bautista', '0501', '05') ON CONFLICT DO NOTHING;
INSERT INTO public.distritos VALUES ('050111', 'Santiago de Pischa', '0501', '05') ON CONFLICT DO NOTHING;
INSERT INTO public.distritos VALUES ('050112', 'Socos', '0501', '05') ON CONFLICT DO NOTHING;
INSERT INTO public.distritos VALUES ('050113', 'Tambillo', '0501', '05') ON CONFLICT DO NOTHING;
INSERT INTO public.distritos VALUES ('050114', 'Vinchos', '0501', '05') ON CONFLICT DO NOTHING;
INSERT INTO public.distritos VALUES ('050115', 'Jesús Nazareno', '0501', '05') ON CONFLICT DO NOTHING;
INSERT INTO public.distritos VALUES ('050116', 'Andrés Avelino Cáceres Dorregaray', '0501', '05') ON CONFLICT DO NOTHING;
INSERT INTO public.distritos VALUES ('050201', 'Cangallo', '0502', '05') ON CONFLICT DO NOTHING;
INSERT INTO public.distritos VALUES ('050202', 'Chuschi', '0502', '05') ON CONFLICT DO NOTHING;
INSERT INTO public.distritos VALUES ('050203', 'Los Morochucos', '0502', '05') ON CONFLICT DO NOTHING;
INSERT INTO public.distritos VALUES ('050204', 'María Parado de Bellido', '0502', '05') ON CONFLICT DO NOTHING;
INSERT INTO public.distritos VALUES ('050205', 'Paras', '0502', '05') ON CONFLICT DO NOTHING;
INSERT INTO public.distritos VALUES ('050206', 'Totos', '0502', '05') ON CONFLICT DO NOTHING;
INSERT INTO public.distritos VALUES ('050301', 'Sancos', '0503', '05') ON CONFLICT DO NOTHING;
INSERT INTO public.distritos VALUES ('050302', 'Carapo', '0503', '05') ON CONFLICT DO NOTHING;
INSERT INTO public.distritos VALUES ('050303', 'Sacsamarca', '0503', '05') ON CONFLICT DO NOTHING;
INSERT INTO public.distritos VALUES ('050304', 'Santiago de Lucanamarca', '0503', '05') ON CONFLICT DO NOTHING;
INSERT INTO public.distritos VALUES ('050401', 'Huanta', '0504', '05') ON CONFLICT DO NOTHING;
INSERT INTO public.distritos VALUES ('050402', 'Ayahuanco', '0504', '05') ON CONFLICT DO NOTHING;
INSERT INTO public.distritos VALUES ('050403', 'Huamanguilla', '0504', '05') ON CONFLICT DO NOTHING;
INSERT INTO public.distritos VALUES ('050404', 'Iguain', '0504', '05') ON CONFLICT DO NOTHING;
INSERT INTO public.distritos VALUES ('050405', 'Luricocha', '0504', '05') ON CONFLICT DO NOTHING;
INSERT INTO public.distritos VALUES ('050406', 'Santillana', '0504', '05') ON CONFLICT DO NOTHING;
INSERT INTO public.distritos VALUES ('050407', 'Sivia', '0504', '05') ON CONFLICT DO NOTHING;
INSERT INTO public.distritos VALUES ('050408', 'Llochegua', '0504', '05') ON CONFLICT DO NOTHING;
INSERT INTO public.distritos VALUES ('050409', 'Canayre', '0504', '05') ON CONFLICT DO NOTHING;
INSERT INTO public.distritos VALUES ('050410', 'Uchuraccay', '0504', '05') ON CONFLICT DO NOTHING;
INSERT INTO public.distritos VALUES ('050411', 'Pucacolpa', '0504', '05') ON CONFLICT DO NOTHING;
INSERT INTO public.distritos VALUES ('050412', 'Chaca', '0504', '05') ON CONFLICT DO NOTHING;
INSERT INTO public.distritos VALUES ('050501', 'San Miguel', '0505', '05') ON CONFLICT DO NOTHING;
INSERT INTO public.distritos VALUES ('050502', 'Anco', '0505', '05') ON CONFLICT DO NOTHING;
INSERT INTO public.distritos VALUES ('050503', 'Ayna', '0505', '05') ON CONFLICT DO NOTHING;
INSERT INTO public.distritos VALUES ('050504', 'Chilcas', '0505', '05') ON CONFLICT DO NOTHING;
INSERT INTO public.distritos VALUES ('050505', 'Chungui', '0505', '05') ON CONFLICT DO NOTHING;
INSERT INTO public.distritos VALUES ('050506', 'Luis Carranza', '0505', '05') ON CONFLICT DO NOTHING;
INSERT INTO public.distritos VALUES ('050507', 'Santa Rosa', '0505', '05') ON CONFLICT DO NOTHING;
INSERT INTO public.distritos VALUES ('050508', 'Tambo', '0505', '05') ON CONFLICT DO NOTHING;
INSERT INTO public.distritos VALUES ('050509', 'Samugari', '0505', '05') ON CONFLICT DO NOTHING;
INSERT INTO public.distritos VALUES ('050510', 'Anchihuay', '0505', '05') ON CONFLICT DO NOTHING;
INSERT INTO public.distritos VALUES ('050511', 'Oronccoy', '0505', '05') ON CONFLICT DO NOTHING;
INSERT INTO public.distritos VALUES ('050601', 'Puquio', '0506', '05') ON CONFLICT DO NOTHING;
INSERT INTO public.distritos VALUES ('050602', 'Aucara', '0506', '05') ON CONFLICT DO NOTHING;
INSERT INTO public.distritos VALUES ('050603', 'Cabana', '0506', '05') ON CONFLICT DO NOTHING;
INSERT INTO public.distritos VALUES ('050604', 'Carmen Salcedo', '0506', '05') ON CONFLICT DO NOTHING;
INSERT INTO public.distritos VALUES ('050605', 'Chaviña', '0506', '05') ON CONFLICT DO NOTHING;
INSERT INTO public.distritos VALUES ('050606', 'Chipao', '0506', '05') ON CONFLICT DO NOTHING;
INSERT INTO public.distritos VALUES ('050607', 'Huac-Huas', '0506', '05') ON CONFLICT DO NOTHING;
INSERT INTO public.distritos VALUES ('050608', 'Laramate', '0506', '05') ON CONFLICT DO NOTHING;
INSERT INTO public.distritos VALUES ('050609', 'Leoncio Prado', '0506', '05') ON CONFLICT DO NOTHING;
INSERT INTO public.distritos VALUES ('050610', 'Llauta', '0506', '05') ON CONFLICT DO NOTHING;
INSERT INTO public.distritos VALUES ('050611', 'Lucanas', '0506', '05') ON CONFLICT DO NOTHING;
INSERT INTO public.distritos VALUES ('050612', 'Ocaña', '0506', '05') ON CONFLICT DO NOTHING;
INSERT INTO public.distritos VALUES ('050613', 'Otoca', '0506', '05') ON CONFLICT DO NOTHING;
INSERT INTO public.distritos VALUES ('050614', 'Saisa', '0506', '05') ON CONFLICT DO NOTHING;
INSERT INTO public.distritos VALUES ('050615', 'San Cristóbal', '0506', '05') ON CONFLICT DO NOTHING;
INSERT INTO public.distritos VALUES ('050616', 'San Juan', '0506', '05') ON CONFLICT DO NOTHING;
INSERT INTO public.distritos VALUES ('050617', 'San Pedro', '0506', '05') ON CONFLICT DO NOTHING;
INSERT INTO public.distritos VALUES ('050618', 'San Pedro de Palco', '0506', '05') ON CONFLICT DO NOTHING;
INSERT INTO public.distritos VALUES ('050619', 'Sancos', '0506', '05') ON CONFLICT DO NOTHING;
INSERT INTO public.distritos VALUES ('050620', 'Santa Ana de Huaycahuacho', '0506', '05') ON CONFLICT DO NOTHING;
INSERT INTO public.distritos VALUES ('050621', 'Santa Lucia', '0506', '05') ON CONFLICT DO NOTHING;
INSERT INTO public.distritos VALUES ('050701', 'Coracora', '0507', '05') ON CONFLICT DO NOTHING;
INSERT INTO public.distritos VALUES ('050702', 'Chumpi', '0507', '05') ON CONFLICT DO NOTHING;
INSERT INTO public.distritos VALUES ('050703', 'Coronel Castañeda', '0507', '05') ON CONFLICT DO NOTHING;
INSERT INTO public.distritos VALUES ('050704', 'Pacapausa', '0507', '05') ON CONFLICT DO NOTHING;
INSERT INTO public.distritos VALUES ('050705', 'Pullo', '0507', '05') ON CONFLICT DO NOTHING;
INSERT INTO public.distritos VALUES ('050706', 'Puyusca', '0507', '05') ON CONFLICT DO NOTHING;
INSERT INTO public.distritos VALUES ('050707', 'San Francisco de Ravacayco', '0507', '05') ON CONFLICT DO NOTHING;
INSERT INTO public.distritos VALUES ('050708', 'Upahuacho', '0507', '05') ON CONFLICT DO NOTHING;
INSERT INTO public.distritos VALUES ('050801', 'Pausa', '0508', '05') ON CONFLICT DO NOTHING;
INSERT INTO public.distritos VALUES ('050802', 'Colta', '0508', '05') ON CONFLICT DO NOTHING;
INSERT INTO public.distritos VALUES ('050803', 'Corculla', '0508', '05') ON CONFLICT DO NOTHING;
INSERT INTO public.distritos VALUES ('050804', 'Lampa', '0508', '05') ON CONFLICT DO NOTHING;
INSERT INTO public.distritos VALUES ('050805', 'Marcabamba', '0508', '05') ON CONFLICT DO NOTHING;
INSERT INTO public.distritos VALUES ('050806', 'Oyolo', '0508', '05') ON CONFLICT DO NOTHING;
INSERT INTO public.distritos VALUES ('050807', 'Pararca', '0508', '05') ON CONFLICT DO NOTHING;
INSERT INTO public.distritos VALUES ('050808', 'San Javier de Alpabamba', '0508', '05') ON CONFLICT DO NOTHING;
INSERT INTO public.distritos VALUES ('050809', 'San José de Ushua', '0508', '05') ON CONFLICT DO NOTHING;
INSERT INTO public.distritos VALUES ('050810', 'Sara Sara', '0508', '05') ON CONFLICT DO NOTHING;
INSERT INTO public.distritos VALUES ('050901', 'Querobamba', '0509', '05') ON CONFLICT DO NOTHING;
INSERT INTO public.distritos VALUES ('050902', 'Belén', '0509', '05') ON CONFLICT DO NOTHING;
INSERT INTO public.distritos VALUES ('050903', 'Chalcos', '0509', '05') ON CONFLICT DO NOTHING;
INSERT INTO public.distritos VALUES ('050904', 'Chilcayoc', '0509', '05') ON CONFLICT DO NOTHING;
INSERT INTO public.distritos VALUES ('050905', 'Huacaña', '0509', '05') ON CONFLICT DO NOTHING;
INSERT INTO public.distritos VALUES ('050906', 'Morcolla', '0509', '05') ON CONFLICT DO NOTHING;
INSERT INTO public.distritos VALUES ('050907', 'Paico', '0509', '05') ON CONFLICT DO NOTHING;
INSERT INTO public.distritos VALUES ('050908', 'San Pedro de Larcay', '0509', '05') ON CONFLICT DO NOTHING;
INSERT INTO public.distritos VALUES ('050909', 'San Salvador de Quije', '0509', '05') ON CONFLICT DO NOTHING;
INSERT INTO public.distritos VALUES ('050910', 'Santiago de Paucaray', '0509', '05') ON CONFLICT DO NOTHING;
INSERT INTO public.distritos VALUES ('050911', 'Soras', '0509', '05') ON CONFLICT DO NOTHING;
INSERT INTO public.distritos VALUES ('051001', 'Huancapi', '0510', '05') ON CONFLICT DO NOTHING;
INSERT INTO public.distritos VALUES ('051002', 'Alcamenca', '0510', '05') ON CONFLICT DO NOTHING;
INSERT INTO public.distritos VALUES ('051003', 'Apongo', '0510', '05') ON CONFLICT DO NOTHING;
INSERT INTO public.distritos VALUES ('051004', 'Asquipata', '0510', '05') ON CONFLICT DO NOTHING;
INSERT INTO public.distritos VALUES ('051005', 'Canaria', '0510', '05') ON CONFLICT DO NOTHING;
INSERT INTO public.distritos VALUES ('051006', 'Cayara', '0510', '05') ON CONFLICT DO NOTHING;
INSERT INTO public.distritos VALUES ('051007', 'Colca', '0510', '05') ON CONFLICT DO NOTHING;
INSERT INTO public.distritos VALUES ('051008', 'Huamanquiquia', '0510', '05') ON CONFLICT DO NOTHING;
INSERT INTO public.distritos VALUES ('051009', 'Huancaraylla', '0510', '05') ON CONFLICT DO NOTHING;
INSERT INTO public.distritos VALUES ('051010', 'Hualla', '0510', '05') ON CONFLICT DO NOTHING;
INSERT INTO public.distritos VALUES ('051011', 'Sarhua', '0510', '05') ON CONFLICT DO NOTHING;
INSERT INTO public.distritos VALUES ('051012', 'Vilcanchos', '0510', '05') ON CONFLICT DO NOTHING;
INSERT INTO public.distritos VALUES ('051101', 'Vilcas Huaman', '0511', '05') ON CONFLICT DO NOTHING;
INSERT INTO public.distritos VALUES ('051102', 'Accomarca', '0511', '05') ON CONFLICT DO NOTHING;
INSERT INTO public.distritos VALUES ('051103', 'Carhuanca', '0511', '05') ON CONFLICT DO NOTHING;
INSERT INTO public.distritos VALUES ('051104', 'Concepción', '0511', '05') ON CONFLICT DO NOTHING;
INSERT INTO public.distritos VALUES ('051105', 'Huambalpa', '0511', '05') ON CONFLICT DO NOTHING;
INSERT INTO public.distritos VALUES ('051106', 'Independencia', '0511', '05') ON CONFLICT DO NOTHING;
INSERT INTO public.distritos VALUES ('051107', 'Saurama', '0511', '05') ON CONFLICT DO NOTHING;
INSERT INTO public.distritos VALUES ('051108', 'Vischongo', '0511', '05') ON CONFLICT DO NOTHING;
INSERT INTO public.distritos VALUES ('060101', 'Cajamarca', '0601', '06') ON CONFLICT DO NOTHING;
INSERT INTO public.distritos VALUES ('060102', 'Asunción', '0601', '06') ON CONFLICT DO NOTHING;
INSERT INTO public.distritos VALUES ('060103', 'Chetilla', '0601', '06') ON CONFLICT DO NOTHING;
INSERT INTO public.distritos VALUES ('060104', 'Cospan', '0601', '06') ON CONFLICT DO NOTHING;
INSERT INTO public.distritos VALUES ('060105', 'Encañada', '0601', '06') ON CONFLICT DO NOTHING;
INSERT INTO public.distritos VALUES ('060106', 'Jesús', '0601', '06') ON CONFLICT DO NOTHING;
INSERT INTO public.distritos VALUES ('060107', 'Llacanora', '0601', '06') ON CONFLICT DO NOTHING;
INSERT INTO public.distritos VALUES ('060108', 'Los Baños del Inca', '0601', '06') ON CONFLICT DO NOTHING;
INSERT INTO public.distritos VALUES ('060109', 'Magdalena', '0601', '06') ON CONFLICT DO NOTHING;
INSERT INTO public.distritos VALUES ('060110', 'Matara', '0601', '06') ON CONFLICT DO NOTHING;
INSERT INTO public.distritos VALUES ('060111', 'Namora', '0601', '06') ON CONFLICT DO NOTHING;
INSERT INTO public.distritos VALUES ('060112', 'San Juan', '0601', '06') ON CONFLICT DO NOTHING;
INSERT INTO public.distritos VALUES ('060201', 'Cajabamba', '0602', '06') ON CONFLICT DO NOTHING;
INSERT INTO public.distritos VALUES ('060202', 'Cachachi', '0602', '06') ON CONFLICT DO NOTHING;
INSERT INTO public.distritos VALUES ('060203', 'Condebamba', '0602', '06') ON CONFLICT DO NOTHING;
INSERT INTO public.distritos VALUES ('060204', 'Sitacocha', '0602', '06') ON CONFLICT DO NOTHING;
INSERT INTO public.distritos VALUES ('060301', 'Celendín', '0603', '06') ON CONFLICT DO NOTHING;
INSERT INTO public.distritos VALUES ('060302', 'Chumuch', '0603', '06') ON CONFLICT DO NOTHING;
INSERT INTO public.distritos VALUES ('060303', 'Cortegana', '0603', '06') ON CONFLICT DO NOTHING;
INSERT INTO public.distritos VALUES ('060304', 'Huasmin', '0603', '06') ON CONFLICT DO NOTHING;
INSERT INTO public.distritos VALUES ('060305', 'Jorge Chávez', '0603', '06') ON CONFLICT DO NOTHING;
INSERT INTO public.distritos VALUES ('060306', 'José Gálvez', '0603', '06') ON CONFLICT DO NOTHING;
INSERT INTO public.distritos VALUES ('060307', 'Miguel Iglesias', '0603', '06') ON CONFLICT DO NOTHING;
INSERT INTO public.distritos VALUES ('060308', 'Oxamarca', '0603', '06') ON CONFLICT DO NOTHING;
INSERT INTO public.distritos VALUES ('060309', 'Sorochuco', '0603', '06') ON CONFLICT DO NOTHING;
INSERT INTO public.distritos VALUES ('060310', 'Sucre', '0603', '06') ON CONFLICT DO NOTHING;
INSERT INTO public.distritos VALUES ('060311', 'Utco', '0603', '06') ON CONFLICT DO NOTHING;
INSERT INTO public.distritos VALUES ('060312', 'La Libertad de Pallan', '0603', '06') ON CONFLICT DO NOTHING;
INSERT INTO public.distritos VALUES ('060401', 'Chota', '0604', '06') ON CONFLICT DO NOTHING;
INSERT INTO public.distritos VALUES ('060402', 'Anguia', '0604', '06') ON CONFLICT DO NOTHING;
INSERT INTO public.distritos VALUES ('060403', 'Chadin', '0604', '06') ON CONFLICT DO NOTHING;
INSERT INTO public.distritos VALUES ('060404', 'Chiguirip', '0604', '06') ON CONFLICT DO NOTHING;
INSERT INTO public.distritos VALUES ('060405', 'Chimban', '0604', '06') ON CONFLICT DO NOTHING;
INSERT INTO public.distritos VALUES ('060406', 'Choropampa', '0604', '06') ON CONFLICT DO NOTHING;
INSERT INTO public.distritos VALUES ('060407', 'Cochabamba', '0604', '06') ON CONFLICT DO NOTHING;
INSERT INTO public.distritos VALUES ('060408', 'Conchan', '0604', '06') ON CONFLICT DO NOTHING;
INSERT INTO public.distritos VALUES ('060409', 'Huambos', '0604', '06') ON CONFLICT DO NOTHING;
INSERT INTO public.distritos VALUES ('060410', 'Lajas', '0604', '06') ON CONFLICT DO NOTHING;
INSERT INTO public.distritos VALUES ('060411', 'Llama', '0604', '06') ON CONFLICT DO NOTHING;
INSERT INTO public.distritos VALUES ('060412', 'Miracosta', '0604', '06') ON CONFLICT DO NOTHING;
INSERT INTO public.distritos VALUES ('060413', 'Paccha', '0604', '06') ON CONFLICT DO NOTHING;
INSERT INTO public.distritos VALUES ('060414', 'Pion', '0604', '06') ON CONFLICT DO NOTHING;
INSERT INTO public.distritos VALUES ('060415', 'Querocoto', '0604', '06') ON CONFLICT DO NOTHING;
INSERT INTO public.distritos VALUES ('060416', 'San Juan de Licupis', '0604', '06') ON CONFLICT DO NOTHING;
INSERT INTO public.distritos VALUES ('060417', 'Tacabamba', '0604', '06') ON CONFLICT DO NOTHING;
INSERT INTO public.distritos VALUES ('060418', 'Tocmoche', '0604', '06') ON CONFLICT DO NOTHING;
INSERT INTO public.distritos VALUES ('060419', 'Chalamarca', '0604', '06') ON CONFLICT DO NOTHING;
INSERT INTO public.distritos VALUES ('060501', 'Contumaza', '0605', '06') ON CONFLICT DO NOTHING;
INSERT INTO public.distritos VALUES ('060502', 'Chilete', '0605', '06') ON CONFLICT DO NOTHING;
INSERT INTO public.distritos VALUES ('060503', 'Cupisnique', '0605', '06') ON CONFLICT DO NOTHING;
INSERT INTO public.distritos VALUES ('060504', 'Guzmango', '0605', '06') ON CONFLICT DO NOTHING;
INSERT INTO public.distritos VALUES ('060505', 'San Benito', '0605', '06') ON CONFLICT DO NOTHING;
INSERT INTO public.distritos VALUES ('060506', 'Santa Cruz de Toledo', '0605', '06') ON CONFLICT DO NOTHING;
INSERT INTO public.distritos VALUES ('060507', 'Tantarica', '0605', '06') ON CONFLICT DO NOTHING;
INSERT INTO public.distritos VALUES ('060508', 'Yonan', '0605', '06') ON CONFLICT DO NOTHING;
INSERT INTO public.distritos VALUES ('060601', 'Cutervo', '0606', '06') ON CONFLICT DO NOTHING;
INSERT INTO public.distritos VALUES ('060602', 'Callayuc', '0606', '06') ON CONFLICT DO NOTHING;
INSERT INTO public.distritos VALUES ('060603', 'Choros', '0606', '06') ON CONFLICT DO NOTHING;
INSERT INTO public.distritos VALUES ('060604', 'Cujillo', '0606', '06') ON CONFLICT DO NOTHING;
INSERT INTO public.distritos VALUES ('060605', 'La Ramada', '0606', '06') ON CONFLICT DO NOTHING;
INSERT INTO public.distritos VALUES ('060606', 'Pimpingos', '0606', '06') ON CONFLICT DO NOTHING;
INSERT INTO public.distritos VALUES ('060607', 'Querocotillo', '0606', '06') ON CONFLICT DO NOTHING;
INSERT INTO public.distritos VALUES ('060608', 'San Andrés de Cutervo', '0606', '06') ON CONFLICT DO NOTHING;
INSERT INTO public.distritos VALUES ('060609', 'San Juan de Cutervo', '0606', '06') ON CONFLICT DO NOTHING;
INSERT INTO public.distritos VALUES ('060610', 'San Luis de Lucma', '0606', '06') ON CONFLICT DO NOTHING;
INSERT INTO public.distritos VALUES ('060611', 'Santa Cruz', '0606', '06') ON CONFLICT DO NOTHING;
INSERT INTO public.distritos VALUES ('060612', 'Santo Domingo de la Capilla', '0606', '06') ON CONFLICT DO NOTHING;
INSERT INTO public.distritos VALUES ('060613', 'Santo Tomas', '0606', '06') ON CONFLICT DO NOTHING;
INSERT INTO public.distritos VALUES ('060614', 'Socota', '0606', '06') ON CONFLICT DO NOTHING;
INSERT INTO public.distritos VALUES ('060615', 'Toribio Casanova', '0606', '06') ON CONFLICT DO NOTHING;
INSERT INTO public.distritos VALUES ('060701', 'Bambamarca', '0607', '06') ON CONFLICT DO NOTHING;
INSERT INTO public.distritos VALUES ('060702', 'Chugur', '0607', '06') ON CONFLICT DO NOTHING;
INSERT INTO public.distritos VALUES ('060703', 'Hualgayoc', '0607', '06') ON CONFLICT DO NOTHING;
INSERT INTO public.distritos VALUES ('060801', 'Jaén', '0608', '06') ON CONFLICT DO NOTHING;
INSERT INTO public.distritos VALUES ('060802', 'Bellavista', '0608', '06') ON CONFLICT DO NOTHING;
INSERT INTO public.distritos VALUES ('060803', 'Chontali', '0608', '06') ON CONFLICT DO NOTHING;
INSERT INTO public.distritos VALUES ('060804', 'Colasay', '0608', '06') ON CONFLICT DO NOTHING;
INSERT INTO public.distritos VALUES ('060805', 'Huabal', '0608', '06') ON CONFLICT DO NOTHING;
INSERT INTO public.distritos VALUES ('060806', 'Las Pirias', '0608', '06') ON CONFLICT DO NOTHING;
INSERT INTO public.distritos VALUES ('060807', 'Pomahuaca', '0608', '06') ON CONFLICT DO NOTHING;
INSERT INTO public.distritos VALUES ('060808', 'Pucara', '0608', '06') ON CONFLICT DO NOTHING;
INSERT INTO public.distritos VALUES ('060809', 'Sallique', '0608', '06') ON CONFLICT DO NOTHING;
INSERT INTO public.distritos VALUES ('060810', 'San Felipe', '0608', '06') ON CONFLICT DO NOTHING;
INSERT INTO public.distritos VALUES ('060811', 'San José del Alto', '0608', '06') ON CONFLICT DO NOTHING;
INSERT INTO public.distritos VALUES ('060812', 'Santa Rosa', '0608', '06') ON CONFLICT DO NOTHING;
INSERT INTO public.distritos VALUES ('060901', 'San Ignacio', '0609', '06') ON CONFLICT DO NOTHING;
INSERT INTO public.distritos VALUES ('060902', 'Chirinos', '0609', '06') ON CONFLICT DO NOTHING;
INSERT INTO public.distritos VALUES ('060903', 'Huarango', '0609', '06') ON CONFLICT DO NOTHING;
INSERT INTO public.distritos VALUES ('060904', 'La Coipa', '0609', '06') ON CONFLICT DO NOTHING;
INSERT INTO public.distritos VALUES ('060905', 'Namballe', '0609', '06') ON CONFLICT DO NOTHING;
INSERT INTO public.distritos VALUES ('060906', 'San José de Lourdes', '0609', '06') ON CONFLICT DO NOTHING;
INSERT INTO public.distritos VALUES ('060907', 'Tabaconas', '0609', '06') ON CONFLICT DO NOTHING;
INSERT INTO public.distritos VALUES ('061001', 'Pedro Gálvez', '0610', '06') ON CONFLICT DO NOTHING;
INSERT INTO public.distritos VALUES ('061002', 'Chancay', '0610', '06') ON CONFLICT DO NOTHING;
INSERT INTO public.distritos VALUES ('061003', 'Eduardo Villanueva', '0610', '06') ON CONFLICT DO NOTHING;
INSERT INTO public.distritos VALUES ('061004', 'Gregorio Pita', '0610', '06') ON CONFLICT DO NOTHING;
INSERT INTO public.distritos VALUES ('061005', 'Ichocan', '0610', '06') ON CONFLICT DO NOTHING;
INSERT INTO public.distritos VALUES ('061006', 'José Manuel Quiroz', '0610', '06') ON CONFLICT DO NOTHING;
INSERT INTO public.distritos VALUES ('061007', 'José Sabogal', '0610', '06') ON CONFLICT DO NOTHING;
INSERT INTO public.distritos VALUES ('061101', 'San Miguel', '0611', '06') ON CONFLICT DO NOTHING;
INSERT INTO public.distritos VALUES ('061102', 'Bolívar', '0611', '06') ON CONFLICT DO NOTHING;
INSERT INTO public.distritos VALUES ('061103', 'Calquis', '0611', '06') ON CONFLICT DO NOTHING;
INSERT INTO public.distritos VALUES ('061104', 'Catilluc', '0611', '06') ON CONFLICT DO NOTHING;
INSERT INTO public.distritos VALUES ('061105', 'El Prado', '0611', '06') ON CONFLICT DO NOTHING;
INSERT INTO public.distritos VALUES ('061106', 'La Florida', '0611', '06') ON CONFLICT DO NOTHING;
INSERT INTO public.distritos VALUES ('061107', 'Llapa', '0611', '06') ON CONFLICT DO NOTHING;
INSERT INTO public.distritos VALUES ('061108', 'Nanchoc', '0611', '06') ON CONFLICT DO NOTHING;
INSERT INTO public.distritos VALUES ('061109', 'Niepos', '0611', '06') ON CONFLICT DO NOTHING;
INSERT INTO public.distritos VALUES ('061110', 'San Gregorio', '0611', '06') ON CONFLICT DO NOTHING;
INSERT INTO public.distritos VALUES ('061111', 'San Silvestre de Cochan', '0611', '06') ON CONFLICT DO NOTHING;
INSERT INTO public.distritos VALUES ('061112', 'Tongod', '0611', '06') ON CONFLICT DO NOTHING;
INSERT INTO public.distritos VALUES ('061113', 'Unión Agua Blanca', '0611', '06') ON CONFLICT DO NOTHING;
INSERT INTO public.distritos VALUES ('061201', 'San Pablo', '0612', '06') ON CONFLICT DO NOTHING;
INSERT INTO public.distritos VALUES ('061202', 'San Bernardino', '0612', '06') ON CONFLICT DO NOTHING;
INSERT INTO public.distritos VALUES ('061203', 'San Luis', '0612', '06') ON CONFLICT DO NOTHING;
INSERT INTO public.distritos VALUES ('061204', 'Tumbaden', '0612', '06') ON CONFLICT DO NOTHING;
INSERT INTO public.distritos VALUES ('061301', 'Santa Cruz', '0613', '06') ON CONFLICT DO NOTHING;
INSERT INTO public.distritos VALUES ('061302', 'Andabamba', '0613', '06') ON CONFLICT DO NOTHING;
INSERT INTO public.distritos VALUES ('061303', 'Catache', '0613', '06') ON CONFLICT DO NOTHING;
INSERT INTO public.distritos VALUES ('061304', 'Chancaybaños', '0613', '06') ON CONFLICT DO NOTHING;
INSERT INTO public.distritos VALUES ('061305', 'La Esperanza', '0613', '06') ON CONFLICT DO NOTHING;
INSERT INTO public.distritos VALUES ('061306', 'Ninabamba', '0613', '06') ON CONFLICT DO NOTHING;
INSERT INTO public.distritos VALUES ('061307', 'Pulan', '0613', '06') ON CONFLICT DO NOTHING;
INSERT INTO public.distritos VALUES ('061308', 'Saucepampa', '0613', '06') ON CONFLICT DO NOTHING;
INSERT INTO public.distritos VALUES ('061309', 'Sexi', '0613', '06') ON CONFLICT DO NOTHING;
INSERT INTO public.distritos VALUES ('061310', 'Uticyacu', '0613', '06') ON CONFLICT DO NOTHING;
INSERT INTO public.distritos VALUES ('061311', 'Yauyucan', '0613', '06') ON CONFLICT DO NOTHING;
INSERT INTO public.distritos VALUES ('070101', 'Callao', '0701', '07') ON CONFLICT DO NOTHING;
INSERT INTO public.distritos VALUES ('070102', 'Bellavista', '0701', '07') ON CONFLICT DO NOTHING;
INSERT INTO public.distritos VALUES ('070103', 'Carmen de la Legua Reynoso', '0701', '07') ON CONFLICT DO NOTHING;
INSERT INTO public.distritos VALUES ('070104', 'La Perla', '0701', '07') ON CONFLICT DO NOTHING;
INSERT INTO public.distritos VALUES ('070105', 'La Punta', '0701', '07') ON CONFLICT DO NOTHING;
INSERT INTO public.distritos VALUES ('070106', 'Ventanilla', '0701', '07') ON CONFLICT DO NOTHING;
INSERT INTO public.distritos VALUES ('070107', 'Mi Perú', '0701', '07') ON CONFLICT DO NOTHING;
INSERT INTO public.distritos VALUES ('080101', 'Cusco', '0801', '08') ON CONFLICT DO NOTHING;
INSERT INTO public.distritos VALUES ('080102', 'Ccorca', '0801', '08') ON CONFLICT DO NOTHING;
INSERT INTO public.distritos VALUES ('080103', 'Poroy', '0801', '08') ON CONFLICT DO NOTHING;
INSERT INTO public.distritos VALUES ('080104', 'San Jerónimo', '0801', '08') ON CONFLICT DO NOTHING;
INSERT INTO public.distritos VALUES ('080105', 'San Sebastian', '0801', '08') ON CONFLICT DO NOTHING;
INSERT INTO public.distritos VALUES ('080106', 'Santiago', '0801', '08') ON CONFLICT DO NOTHING;
INSERT INTO public.distritos VALUES ('080107', 'Saylla', '0801', '08') ON CONFLICT DO NOTHING;
INSERT INTO public.distritos VALUES ('080108', 'Wanchaq', '0801', '08') ON CONFLICT DO NOTHING;
INSERT INTO public.distritos VALUES ('080201', 'Acomayo', '0802', '08') ON CONFLICT DO NOTHING;
INSERT INTO public.distritos VALUES ('080202', 'Acopia', '0802', '08') ON CONFLICT DO NOTHING;
INSERT INTO public.distritos VALUES ('080203', 'Acos', '0802', '08') ON CONFLICT DO NOTHING;
INSERT INTO public.distritos VALUES ('080204', 'Mosoc Llacta', '0802', '08') ON CONFLICT DO NOTHING;
INSERT INTO public.distritos VALUES ('080205', 'Pomacanchi', '0802', '08') ON CONFLICT DO NOTHING;
INSERT INTO public.distritos VALUES ('080206', 'Rondocan', '0802', '08') ON CONFLICT DO NOTHING;
INSERT INTO public.distritos VALUES ('080207', 'Sangarara', '0802', '08') ON CONFLICT DO NOTHING;
INSERT INTO public.distritos VALUES ('080301', 'Anta', '0803', '08') ON CONFLICT DO NOTHING;
INSERT INTO public.distritos VALUES ('080302', 'Ancahuasi', '0803', '08') ON CONFLICT DO NOTHING;
INSERT INTO public.distritos VALUES ('080303', 'Cachimayo', '0803', '08') ON CONFLICT DO NOTHING;
INSERT INTO public.distritos VALUES ('080304', 'Chinchaypujio', '0803', '08') ON CONFLICT DO NOTHING;
INSERT INTO public.distritos VALUES ('080305', 'Huarocondo', '0803', '08') ON CONFLICT DO NOTHING;
INSERT INTO public.distritos VALUES ('080306', 'Limatambo', '0803', '08') ON CONFLICT DO NOTHING;
INSERT INTO public.distritos VALUES ('080307', 'Mollepata', '0803', '08') ON CONFLICT DO NOTHING;
INSERT INTO public.distritos VALUES ('080308', 'Pucyura', '0803', '08') ON CONFLICT DO NOTHING;
INSERT INTO public.distritos VALUES ('080309', 'Zurite', '0803', '08') ON CONFLICT DO NOTHING;
INSERT INTO public.distritos VALUES ('080401', 'Calca', '0804', '08') ON CONFLICT DO NOTHING;
INSERT INTO public.distritos VALUES ('080402', 'Coya', '0804', '08') ON CONFLICT DO NOTHING;
INSERT INTO public.distritos VALUES ('080403', 'Lamay', '0804', '08') ON CONFLICT DO NOTHING;
INSERT INTO public.distritos VALUES ('080404', 'Lares', '0804', '08') ON CONFLICT DO NOTHING;
INSERT INTO public.distritos VALUES ('080405', 'Pisac', '0804', '08') ON CONFLICT DO NOTHING;
INSERT INTO public.distritos VALUES ('080406', 'San Salvador', '0804', '08') ON CONFLICT DO NOTHING;
INSERT INTO public.distritos VALUES ('080407', 'Taray', '0804', '08') ON CONFLICT DO NOTHING;
INSERT INTO public.distritos VALUES ('080408', 'Yanatile', '0804', '08') ON CONFLICT DO NOTHING;
INSERT INTO public.distritos VALUES ('080501', 'Yanaoca', '0805', '08') ON CONFLICT DO NOTHING;
INSERT INTO public.distritos VALUES ('080502', 'Checca', '0805', '08') ON CONFLICT DO NOTHING;
INSERT INTO public.distritos VALUES ('080503', 'Kunturkanki', '0805', '08') ON CONFLICT DO NOTHING;
INSERT INTO public.distritos VALUES ('080504', 'Langui', '0805', '08') ON CONFLICT DO NOTHING;
INSERT INTO public.distritos VALUES ('080505', 'Layo', '0805', '08') ON CONFLICT DO NOTHING;
INSERT INTO public.distritos VALUES ('080506', 'Pampamarca', '0805', '08') ON CONFLICT DO NOTHING;
INSERT INTO public.distritos VALUES ('080507', 'Quehue', '0805', '08') ON CONFLICT DO NOTHING;
INSERT INTO public.distritos VALUES ('080508', 'Tupac Amaru', '0805', '08') ON CONFLICT DO NOTHING;
INSERT INTO public.distritos VALUES ('080601', 'Sicuani', '0806', '08') ON CONFLICT DO NOTHING;
INSERT INTO public.distritos VALUES ('080602', 'Checacupe', '0806', '08') ON CONFLICT DO NOTHING;
INSERT INTO public.distritos VALUES ('080603', 'Combapata', '0806', '08') ON CONFLICT DO NOTHING;
INSERT INTO public.distritos VALUES ('080604', 'Marangani', '0806', '08') ON CONFLICT DO NOTHING;
INSERT INTO public.distritos VALUES ('080605', 'Pitumarca', '0806', '08') ON CONFLICT DO NOTHING;
INSERT INTO public.distritos VALUES ('080606', 'San Pablo', '0806', '08') ON CONFLICT DO NOTHING;
INSERT INTO public.distritos VALUES ('080607', 'San Pedro', '0806', '08') ON CONFLICT DO NOTHING;
INSERT INTO public.distritos VALUES ('080608', 'Tinta', '0806', '08') ON CONFLICT DO NOTHING;
INSERT INTO public.distritos VALUES ('080701', 'Santo Tomas', '0807', '08') ON CONFLICT DO NOTHING;
INSERT INTO public.distritos VALUES ('080702', 'Capacmarca', '0807', '08') ON CONFLICT DO NOTHING;
INSERT INTO public.distritos VALUES ('080703', 'Chamaca', '0807', '08') ON CONFLICT DO NOTHING;
INSERT INTO public.distritos VALUES ('080704', 'Colquemarca', '0807', '08') ON CONFLICT DO NOTHING;
INSERT INTO public.distritos VALUES ('080705', 'Livitaca', '0807', '08') ON CONFLICT DO NOTHING;
INSERT INTO public.distritos VALUES ('080706', 'Llusco', '0807', '08') ON CONFLICT DO NOTHING;
INSERT INTO public.distritos VALUES ('080707', 'Quiñota', '0807', '08') ON CONFLICT DO NOTHING;
INSERT INTO public.distritos VALUES ('080708', 'Velille', '0807', '08') ON CONFLICT DO NOTHING;
INSERT INTO public.distritos VALUES ('080801', 'Espinar', '0808', '08') ON CONFLICT DO NOTHING;
INSERT INTO public.distritos VALUES ('080802', 'Condoroma', '0808', '08') ON CONFLICT DO NOTHING;
INSERT INTO public.distritos VALUES ('080803', 'Coporaque', '0808', '08') ON CONFLICT DO NOTHING;
INSERT INTO public.distritos VALUES ('080804', 'Ocoruro', '0808', '08') ON CONFLICT DO NOTHING;
INSERT INTO public.distritos VALUES ('080805', 'Pallpata', '0808', '08') ON CONFLICT DO NOTHING;
INSERT INTO public.distritos VALUES ('080806', 'Pichigua', '0808', '08') ON CONFLICT DO NOTHING;
INSERT INTO public.distritos VALUES ('080807', 'Suyckutambo', '0808', '08') ON CONFLICT DO NOTHING;
INSERT INTO public.distritos VALUES ('080808', 'Alto Pichigua', '0808', '08') ON CONFLICT DO NOTHING;
INSERT INTO public.distritos VALUES ('080901', 'Santa Ana', '0809', '08') ON CONFLICT DO NOTHING;
INSERT INTO public.distritos VALUES ('080902', 'Echarate', '0809', '08') ON CONFLICT DO NOTHING;
INSERT INTO public.distritos VALUES ('080903', 'Huayopata', '0809', '08') ON CONFLICT DO NOTHING;
INSERT INTO public.distritos VALUES ('080904', 'Maranura', '0809', '08') ON CONFLICT DO NOTHING;
INSERT INTO public.distritos VALUES ('080905', 'Ocobamba', '0809', '08') ON CONFLICT DO NOTHING;
INSERT INTO public.distritos VALUES ('080906', 'Quellouno', '0809', '08') ON CONFLICT DO NOTHING;
INSERT INTO public.distritos VALUES ('080907', 'Kimbiri', '0809', '08') ON CONFLICT DO NOTHING;
INSERT INTO public.distritos VALUES ('080908', 'Santa Teresa', '0809', '08') ON CONFLICT DO NOTHING;
INSERT INTO public.distritos VALUES ('080909', 'Vilcabamba', '0809', '08') ON CONFLICT DO NOTHING;
INSERT INTO public.distritos VALUES ('080910', 'Pichari', '0809', '08') ON CONFLICT DO NOTHING;
INSERT INTO public.distritos VALUES ('080911', 'Inkawasi', '0809', '08') ON CONFLICT DO NOTHING;
INSERT INTO public.distritos VALUES ('080912', 'Villa Virgen', '0809', '08') ON CONFLICT DO NOTHING;
INSERT INTO public.distritos VALUES ('080913', 'Villa Kintiarina', '0809', '08') ON CONFLICT DO NOTHING;
INSERT INTO public.distritos VALUES ('080914', 'Megantoni', '0809', '08') ON CONFLICT DO NOTHING;
INSERT INTO public.distritos VALUES ('081001', 'Paruro', '0810', '08') ON CONFLICT DO NOTHING;
INSERT INTO public.distritos VALUES ('081002', 'Accha', '0810', '08') ON CONFLICT DO NOTHING;
INSERT INTO public.distritos VALUES ('081003', 'Ccapi', '0810', '08') ON CONFLICT DO NOTHING;
INSERT INTO public.distritos VALUES ('081004', 'Colcha', '0810', '08') ON CONFLICT DO NOTHING;
INSERT INTO public.distritos VALUES ('081005', 'Huanoquite', '0810', '08') ON CONFLICT DO NOTHING;
INSERT INTO public.distritos VALUES ('081006', 'Omachaç', '0810', '08') ON CONFLICT DO NOTHING;
INSERT INTO public.distritos VALUES ('081007', 'Paccaritambo', '0810', '08') ON CONFLICT DO NOTHING;
INSERT INTO public.distritos VALUES ('081008', 'Pillpinto', '0810', '08') ON CONFLICT DO NOTHING;
INSERT INTO public.distritos VALUES ('081009', 'Yaurisque', '0810', '08') ON CONFLICT DO NOTHING;
INSERT INTO public.distritos VALUES ('081101', 'Paucartambo', '0811', '08') ON CONFLICT DO NOTHING;
INSERT INTO public.distritos VALUES ('081102', 'Caicay', '0811', '08') ON CONFLICT DO NOTHING;
INSERT INTO public.distritos VALUES ('081103', 'Challabamba', '0811', '08') ON CONFLICT DO NOTHING;
INSERT INTO public.distritos VALUES ('081104', 'Colquepata', '0811', '08') ON CONFLICT DO NOTHING;
INSERT INTO public.distritos VALUES ('081105', 'Huancarani', '0811', '08') ON CONFLICT DO NOTHING;
INSERT INTO public.distritos VALUES ('081106', 'Kosñipata', '0811', '08') ON CONFLICT DO NOTHING;
INSERT INTO public.distritos VALUES ('081201', 'Urcos', '0812', '08') ON CONFLICT DO NOTHING;
INSERT INTO public.distritos VALUES ('081202', 'Andahuaylillas', '0812', '08') ON CONFLICT DO NOTHING;
INSERT INTO public.distritos VALUES ('081203', 'Camanti', '0812', '08') ON CONFLICT DO NOTHING;
INSERT INTO public.distritos VALUES ('081204', 'Ccarhuayo', '0812', '08') ON CONFLICT DO NOTHING;
INSERT INTO public.distritos VALUES ('081205', 'Ccatca', '0812', '08') ON CONFLICT DO NOTHING;
INSERT INTO public.distritos VALUES ('081206', 'Cusipata', '0812', '08') ON CONFLICT DO NOTHING;
INSERT INTO public.distritos VALUES ('081207', 'Huaro', '0812', '08') ON CONFLICT DO NOTHING;
INSERT INTO public.distritos VALUES ('081208', 'Lucre', '0812', '08') ON CONFLICT DO NOTHING;
INSERT INTO public.distritos VALUES ('081209', 'Marcapata', '0812', '08') ON CONFLICT DO NOTHING;
INSERT INTO public.distritos VALUES ('081210', 'Ocongate', '0812', '08') ON CONFLICT DO NOTHING;
INSERT INTO public.distritos VALUES ('081211', 'Oropesa', '0812', '08') ON CONFLICT DO NOTHING;
INSERT INTO public.distritos VALUES ('081212', 'Quiquijana', '0812', '08') ON CONFLICT DO NOTHING;
INSERT INTO public.distritos VALUES ('081301', 'Urubamba', '0813', '08') ON CONFLICT DO NOTHING;
INSERT INTO public.distritos VALUES ('081302', 'Chinchero', '0813', '08') ON CONFLICT DO NOTHING;
INSERT INTO public.distritos VALUES ('081303', 'Huayllabamba', '0813', '08') ON CONFLICT DO NOTHING;
INSERT INTO public.distritos VALUES ('081304', 'Machupicchu', '0813', '08') ON CONFLICT DO NOTHING;
INSERT INTO public.distritos VALUES ('081305', 'Maras', '0813', '08') ON CONFLICT DO NOTHING;
INSERT INTO public.distritos VALUES ('081306', 'Ollantaytambo', '0813', '08') ON CONFLICT DO NOTHING;
INSERT INTO public.distritos VALUES ('081307', 'Yucay', '0813', '08') ON CONFLICT DO NOTHING;
INSERT INTO public.distritos VALUES ('090101', 'Huancavelica', '0901', '09') ON CONFLICT DO NOTHING;
INSERT INTO public.distritos VALUES ('090102', 'Acobambilla', '0901', '09') ON CONFLICT DO NOTHING;
INSERT INTO public.distritos VALUES ('090103', 'Acoria', '0901', '09') ON CONFLICT DO NOTHING;
INSERT INTO public.distritos VALUES ('090104', 'Conayca', '0901', '09') ON CONFLICT DO NOTHING;
INSERT INTO public.distritos VALUES ('090105', 'Cuenca', '0901', '09') ON CONFLICT DO NOTHING;
INSERT INTO public.distritos VALUES ('090106', 'Huachocolpa', '0901', '09') ON CONFLICT DO NOTHING;
INSERT INTO public.distritos VALUES ('090107', 'Huayllahuara', '0901', '09') ON CONFLICT DO NOTHING;
INSERT INTO public.distritos VALUES ('090108', 'Izcuchaca', '0901', '09') ON CONFLICT DO NOTHING;
INSERT INTO public.distritos VALUES ('090109', 'Laria', '0901', '09') ON CONFLICT DO NOTHING;
INSERT INTO public.distritos VALUES ('090110', 'Manta', '0901', '09') ON CONFLICT DO NOTHING;
INSERT INTO public.distritos VALUES ('090111', 'Mariscal Cáceres', '0901', '09') ON CONFLICT DO NOTHING;
INSERT INTO public.distritos VALUES ('090112', 'Moya', '0901', '09') ON CONFLICT DO NOTHING;
INSERT INTO public.distritos VALUES ('090113', 'Nuevo Occoro', '0901', '09') ON CONFLICT DO NOTHING;
INSERT INTO public.distritos VALUES ('090114', 'Palca', '0901', '09') ON CONFLICT DO NOTHING;
INSERT INTO public.distritos VALUES ('090115', 'Pilchaca', '0901', '09') ON CONFLICT DO NOTHING;
INSERT INTO public.distritos VALUES ('090116', 'Vilca', '0901', '09') ON CONFLICT DO NOTHING;
INSERT INTO public.distritos VALUES ('090117', 'Yauli', '0901', '09') ON CONFLICT DO NOTHING;
INSERT INTO public.distritos VALUES ('090118', 'Ascensión', '0901', '09') ON CONFLICT DO NOTHING;
INSERT INTO public.distritos VALUES ('090119', 'Huando', '0901', '09') ON CONFLICT DO NOTHING;
INSERT INTO public.distritos VALUES ('090201', 'Acobamba', '0902', '09') ON CONFLICT DO NOTHING;
INSERT INTO public.distritos VALUES ('090202', 'Andabamba', '0902', '09') ON CONFLICT DO NOTHING;
INSERT INTO public.distritos VALUES ('090203', 'Anta', '0902', '09') ON CONFLICT DO NOTHING;
INSERT INTO public.distritos VALUES ('090204', 'Caja', '0902', '09') ON CONFLICT DO NOTHING;
INSERT INTO public.distritos VALUES ('090205', 'Marcas', '0902', '09') ON CONFLICT DO NOTHING;
INSERT INTO public.distritos VALUES ('090206', 'Paucara', '0902', '09') ON CONFLICT DO NOTHING;
INSERT INTO public.distritos VALUES ('090207', 'Pomacocha', '0902', '09') ON CONFLICT DO NOTHING;
INSERT INTO public.distritos VALUES ('090208', 'Rosario', '0902', '09') ON CONFLICT DO NOTHING;
INSERT INTO public.distritos VALUES ('090301', 'Lircay', '0903', '09') ON CONFLICT DO NOTHING;
INSERT INTO public.distritos VALUES ('090302', 'Anchonga', '0903', '09') ON CONFLICT DO NOTHING;
INSERT INTO public.distritos VALUES ('090303', 'Callanmarca', '0903', '09') ON CONFLICT DO NOTHING;
INSERT INTO public.distritos VALUES ('090304', 'Ccochaccasa', '0903', '09') ON CONFLICT DO NOTHING;
INSERT INTO public.distritos VALUES ('090305', 'Chincho', '0903', '09') ON CONFLICT DO NOTHING;
INSERT INTO public.distritos VALUES ('090306', 'Congalla', '0903', '09') ON CONFLICT DO NOTHING;
INSERT INTO public.distritos VALUES ('090307', 'Huanca-Huanca', '0903', '09') ON CONFLICT DO NOTHING;
INSERT INTO public.distritos VALUES ('090308', 'Huayllay Grande', '0903', '09') ON CONFLICT DO NOTHING;
INSERT INTO public.distritos VALUES ('090309', 'Julcamarca', '0903', '09') ON CONFLICT DO NOTHING;
INSERT INTO public.distritos VALUES ('090310', 'San Antonio de Antaparco', '0903', '09') ON CONFLICT DO NOTHING;
INSERT INTO public.distritos VALUES ('090311', 'Santo Tomas de Pata', '0903', '09') ON CONFLICT DO NOTHING;
INSERT INTO public.distritos VALUES ('090312', 'Secclla', '0903', '09') ON CONFLICT DO NOTHING;
INSERT INTO public.distritos VALUES ('090401', 'Castrovirreyna', '0904', '09') ON CONFLICT DO NOTHING;
INSERT INTO public.distritos VALUES ('090402', 'Arma', '0904', '09') ON CONFLICT DO NOTHING;
INSERT INTO public.distritos VALUES ('090403', 'Aurahua', '0904', '09') ON CONFLICT DO NOTHING;
INSERT INTO public.distritos VALUES ('090404', 'Capillas', '0904', '09') ON CONFLICT DO NOTHING;
INSERT INTO public.distritos VALUES ('090405', 'Chupamarca', '0904', '09') ON CONFLICT DO NOTHING;
INSERT INTO public.distritos VALUES ('090406', 'Cocas', '0904', '09') ON CONFLICT DO NOTHING;
INSERT INTO public.distritos VALUES ('090407', 'Huachos', '0904', '09') ON CONFLICT DO NOTHING;
INSERT INTO public.distritos VALUES ('090408', 'Huamatambo', '0904', '09') ON CONFLICT DO NOTHING;
INSERT INTO public.distritos VALUES ('090409', 'Mollepampa', '0904', '09') ON CONFLICT DO NOTHING;
INSERT INTO public.distritos VALUES ('090410', 'San Juan', '0904', '09') ON CONFLICT DO NOTHING;
INSERT INTO public.distritos VALUES ('090411', 'Santa Ana', '0904', '09') ON CONFLICT DO NOTHING;
INSERT INTO public.distritos VALUES ('090412', 'Tantara', '0904', '09') ON CONFLICT DO NOTHING;
INSERT INTO public.distritos VALUES ('090413', 'Ticrapo', '0904', '09') ON CONFLICT DO NOTHING;
INSERT INTO public.distritos VALUES ('090501', 'Churcampa', '0905', '09') ON CONFLICT DO NOTHING;
INSERT INTO public.distritos VALUES ('090502', 'Anco', '0905', '09') ON CONFLICT DO NOTHING;
INSERT INTO public.distritos VALUES ('090503', 'Chinchihuasi', '0905', '09') ON CONFLICT DO NOTHING;
INSERT INTO public.distritos VALUES ('090504', 'El Carmen', '0905', '09') ON CONFLICT DO NOTHING;
INSERT INTO public.distritos VALUES ('090505', 'La Merced', '0905', '09') ON CONFLICT DO NOTHING;
INSERT INTO public.distritos VALUES ('090506', 'Locroja', '0905', '09') ON CONFLICT DO NOTHING;
INSERT INTO public.distritos VALUES ('090507', 'Paucarbamba', '0905', '09') ON CONFLICT DO NOTHING;
INSERT INTO public.distritos VALUES ('090508', 'San Miguel de Mayocc', '0905', '09') ON CONFLICT DO NOTHING;
INSERT INTO public.distritos VALUES ('090509', 'San Pedro de Coris', '0905', '09') ON CONFLICT DO NOTHING;
INSERT INTO public.distritos VALUES ('090510', 'Pachamarca', '0905', '09') ON CONFLICT DO NOTHING;
INSERT INTO public.distritos VALUES ('090511', 'Cosme', '0905', '09') ON CONFLICT DO NOTHING;
INSERT INTO public.distritos VALUES ('090601', 'Huaytara', '0906', '09') ON CONFLICT DO NOTHING;
INSERT INTO public.distritos VALUES ('090602', 'Ayavi', '0906', '09') ON CONFLICT DO NOTHING;
INSERT INTO public.distritos VALUES ('090603', 'Córdova', '0906', '09') ON CONFLICT DO NOTHING;
INSERT INTO public.distritos VALUES ('090604', 'Huayacundo Arma', '0906', '09') ON CONFLICT DO NOTHING;
INSERT INTO public.distritos VALUES ('090605', 'Laramarca', '0906', '09') ON CONFLICT DO NOTHING;
INSERT INTO public.distritos VALUES ('090606', 'Ocoyo', '0906', '09') ON CONFLICT DO NOTHING;
INSERT INTO public.distritos VALUES ('090607', 'Pilpichaca', '0906', '09') ON CONFLICT DO NOTHING;
INSERT INTO public.distritos VALUES ('090608', 'Querco', '0906', '09') ON CONFLICT DO NOTHING;
INSERT INTO public.distritos VALUES ('090609', 'Quito-Arma', '0906', '09') ON CONFLICT DO NOTHING;
INSERT INTO public.distritos VALUES ('090610', 'San Antonio de Cusicancha', '0906', '09') ON CONFLICT DO NOTHING;
INSERT INTO public.distritos VALUES ('090611', 'San Francisco de Sangayaico', '0906', '09') ON CONFLICT DO NOTHING;
INSERT INTO public.distritos VALUES ('090612', 'San Isidro', '0906', '09') ON CONFLICT DO NOTHING;
INSERT INTO public.distritos VALUES ('090613', 'Santiago de Chocorvos', '0906', '09') ON CONFLICT DO NOTHING;
INSERT INTO public.distritos VALUES ('090614', 'Santiago de Quirahuara', '0906', '09') ON CONFLICT DO NOTHING;
INSERT INTO public.distritos VALUES ('090615', 'Santo Domingo de Capillas', '0906', '09') ON CONFLICT DO NOTHING;
INSERT INTO public.distritos VALUES ('090616', 'Tambo', '0906', '09') ON CONFLICT DO NOTHING;
INSERT INTO public.distritos VALUES ('090701', 'Pampas', '0907', '09') ON CONFLICT DO NOTHING;
INSERT INTO public.distritos VALUES ('090702', 'Acostambo', '0907', '09') ON CONFLICT DO NOTHING;
INSERT INTO public.distritos VALUES ('090703', 'Acraquia', '0907', '09') ON CONFLICT DO NOTHING;
INSERT INTO public.distritos VALUES ('090704', 'Ahuaycha', '0907', '09') ON CONFLICT DO NOTHING;
INSERT INTO public.distritos VALUES ('090705', 'Colcabamba', '0907', '09') ON CONFLICT DO NOTHING;
INSERT INTO public.distritos VALUES ('090706', 'Daniel Hernández', '0907', '09') ON CONFLICT DO NOTHING;
INSERT INTO public.distritos VALUES ('090707', 'Huachocolpa', '0907', '09') ON CONFLICT DO NOTHING;
INSERT INTO public.distritos VALUES ('090709', 'Huaribamba', '0907', '09') ON CONFLICT DO NOTHING;
INSERT INTO public.distritos VALUES ('090710', 'Ñahuimpuquio', '0907', '09') ON CONFLICT DO NOTHING;
INSERT INTO public.distritos VALUES ('090711', 'Pazos', '0907', '09') ON CONFLICT DO NOTHING;
INSERT INTO public.distritos VALUES ('090713', 'Quishuar', '0907', '09') ON CONFLICT DO NOTHING;
INSERT INTO public.distritos VALUES ('090714', 'Salcabamba', '0907', '09') ON CONFLICT DO NOTHING;
INSERT INTO public.distritos VALUES ('090715', 'Salcahuasi', '0907', '09') ON CONFLICT DO NOTHING;
INSERT INTO public.distritos VALUES ('090716', 'San Marcos de Rocchac', '0907', '09') ON CONFLICT DO NOTHING;
INSERT INTO public.distritos VALUES ('090717', 'Surcubamba', '0907', '09') ON CONFLICT DO NOTHING;
INSERT INTO public.distritos VALUES ('090718', 'Tintay Puncu', '0907', '09') ON CONFLICT DO NOTHING;
INSERT INTO public.distritos VALUES ('090719', 'Quichuas', '0907', '09') ON CONFLICT DO NOTHING;
INSERT INTO public.distritos VALUES ('090720', 'Andaymarca', '0907', '09') ON CONFLICT DO NOTHING;
INSERT INTO public.distritos VALUES ('090721', 'Roble', '0907', '09') ON CONFLICT DO NOTHING;
INSERT INTO public.distritos VALUES ('090722', 'Pichos', '0907', '09') ON CONFLICT DO NOTHING;
INSERT INTO public.distritos VALUES ('090723', 'Santiago de Tucuma', '0907', '09') ON CONFLICT DO NOTHING;
INSERT INTO public.distritos VALUES ('100101', 'Huanuco', '1001', '10') ON CONFLICT DO NOTHING;
INSERT INTO public.distritos VALUES ('100102', 'Amarilis', '1001', '10') ON CONFLICT DO NOTHING;
INSERT INTO public.distritos VALUES ('100103', 'Chinchao', '1001', '10') ON CONFLICT DO NOTHING;
INSERT INTO public.distritos VALUES ('100104', 'Churubamba', '1001', '10') ON CONFLICT DO NOTHING;
INSERT INTO public.distritos VALUES ('100105', 'Margos', '1001', '10') ON CONFLICT DO NOTHING;
INSERT INTO public.distritos VALUES ('100106', 'Quisqui (Kichki)', '1001', '10') ON CONFLICT DO NOTHING;
INSERT INTO public.distritos VALUES ('100107', 'San Francisco de Cayran', '1001', '10') ON CONFLICT DO NOTHING;
INSERT INTO public.distritos VALUES ('100108', 'San Pedro de Chaulan', '1001', '10') ON CONFLICT DO NOTHING;
INSERT INTO public.distritos VALUES ('100109', 'Santa María del Valle', '1001', '10') ON CONFLICT DO NOTHING;
INSERT INTO public.distritos VALUES ('100110', 'Yarumayo', '1001', '10') ON CONFLICT DO NOTHING;
INSERT INTO public.distritos VALUES ('100111', 'Pillco Marca', '1001', '10') ON CONFLICT DO NOTHING;
INSERT INTO public.distritos VALUES ('100112', 'Yacus', '1001', '10') ON CONFLICT DO NOTHING;
INSERT INTO public.distritos VALUES ('100113', 'San Pablo de Pillao', '1001', '10') ON CONFLICT DO NOTHING;
INSERT INTO public.distritos VALUES ('100201', 'Ambo', '1002', '10') ON CONFLICT DO NOTHING;
INSERT INTO public.distritos VALUES ('100202', 'Cayna', '1002', '10') ON CONFLICT DO NOTHING;
INSERT INTO public.distritos VALUES ('100203', 'Colpas', '1002', '10') ON CONFLICT DO NOTHING;
INSERT INTO public.distritos VALUES ('100204', 'Conchamarca', '1002', '10') ON CONFLICT DO NOTHING;
INSERT INTO public.distritos VALUES ('100205', 'Huacar', '1002', '10') ON CONFLICT DO NOTHING;
INSERT INTO public.distritos VALUES ('100206', 'San Francisco', '1002', '10') ON CONFLICT DO NOTHING;
INSERT INTO public.distritos VALUES ('100207', 'San Rafael', '1002', '10') ON CONFLICT DO NOTHING;
INSERT INTO public.distritos VALUES ('100208', 'Tomay Kichwa', '1002', '10') ON CONFLICT DO NOTHING;
INSERT INTO public.distritos VALUES ('100301', 'La Unión', '1003', '10') ON CONFLICT DO NOTHING;
INSERT INTO public.distritos VALUES ('100307', 'Chuquis', '1003', '10') ON CONFLICT DO NOTHING;
INSERT INTO public.distritos VALUES ('100311', 'Marías', '1003', '10') ON CONFLICT DO NOTHING;
INSERT INTO public.distritos VALUES ('100313', 'Pachas', '1003', '10') ON CONFLICT DO NOTHING;
INSERT INTO public.distritos VALUES ('100316', 'Quivilla', '1003', '10') ON CONFLICT DO NOTHING;
INSERT INTO public.distritos VALUES ('100317', 'Ripan', '1003', '10') ON CONFLICT DO NOTHING;
INSERT INTO public.distritos VALUES ('100321', 'Shunqui', '1003', '10') ON CONFLICT DO NOTHING;
INSERT INTO public.distritos VALUES ('100322', 'Sillapata', '1003', '10') ON CONFLICT DO NOTHING;
INSERT INTO public.distritos VALUES ('100323', 'Yanas', '1003', '10') ON CONFLICT DO NOTHING;
INSERT INTO public.distritos VALUES ('100401', 'Huacaybamba', '1004', '10') ON CONFLICT DO NOTHING;
INSERT INTO public.distritos VALUES ('100402', 'Canchabamba', '1004', '10') ON CONFLICT DO NOTHING;
INSERT INTO public.distritos VALUES ('100403', 'Cochabamba', '1004', '10') ON CONFLICT DO NOTHING;
INSERT INTO public.distritos VALUES ('100404', 'Pinra', '1004', '10') ON CONFLICT DO NOTHING;
INSERT INTO public.distritos VALUES ('100501', 'Llata', '1005', '10') ON CONFLICT DO NOTHING;
INSERT INTO public.distritos VALUES ('100502', 'Arancay', '1005', '10') ON CONFLICT DO NOTHING;
INSERT INTO public.distritos VALUES ('100503', 'Chavín de Pariarca', '1005', '10') ON CONFLICT DO NOTHING;
INSERT INTO public.distritos VALUES ('100504', 'Jacas Grande', '1005', '10') ON CONFLICT DO NOTHING;
INSERT INTO public.distritos VALUES ('100505', 'Jircan', '1005', '10') ON CONFLICT DO NOTHING;
INSERT INTO public.distritos VALUES ('100506', 'Miraflores', '1005', '10') ON CONFLICT DO NOTHING;
INSERT INTO public.distritos VALUES ('100507', 'Monzón', '1005', '10') ON CONFLICT DO NOTHING;
INSERT INTO public.distritos VALUES ('100508', 'Punchao', '1005', '10') ON CONFLICT DO NOTHING;
INSERT INTO public.distritos VALUES ('100509', 'Puños', '1005', '10') ON CONFLICT DO NOTHING;
INSERT INTO public.distritos VALUES ('100510', 'Singa', '1005', '10') ON CONFLICT DO NOTHING;
INSERT INTO public.distritos VALUES ('100511', 'Tantamayo', '1005', '10') ON CONFLICT DO NOTHING;
INSERT INTO public.distritos VALUES ('100601', 'Rupa-Rupa', '1006', '10') ON CONFLICT DO NOTHING;
INSERT INTO public.distritos VALUES ('100602', 'Daniel Alomía Robles', '1006', '10') ON CONFLICT DO NOTHING;
INSERT INTO public.distritos VALUES ('100603', 'Hermílio Valdizan', '1006', '10') ON CONFLICT DO NOTHING;
INSERT INTO public.distritos VALUES ('100604', 'José Crespo y Castillo', '1006', '10') ON CONFLICT DO NOTHING;
INSERT INTO public.distritos VALUES ('100605', 'Luyando', '1006', '10') ON CONFLICT DO NOTHING;
INSERT INTO public.distritos VALUES ('100606', 'Mariano Damaso Beraun', '1006', '10') ON CONFLICT DO NOTHING;
INSERT INTO public.distritos VALUES ('100607', 'Pucayacu', '1006', '10') ON CONFLICT DO NOTHING;
INSERT INTO public.distritos VALUES ('100608', 'Castillo Grande', '1006', '10') ON CONFLICT DO NOTHING;
INSERT INTO public.distritos VALUES ('100609', 'Pueblo Nuevo', '1006', '10') ON CONFLICT DO NOTHING;
INSERT INTO public.distritos VALUES ('100610', 'Santo Domingo de Anda', '1006', '10') ON CONFLICT DO NOTHING;
INSERT INTO public.distritos VALUES ('100701', 'Huacrachuco', '1007', '10') ON CONFLICT DO NOTHING;
INSERT INTO public.distritos VALUES ('100702', 'Cholon', '1007', '10') ON CONFLICT DO NOTHING;
INSERT INTO public.distritos VALUES ('100703', 'San Buenaventura', '1007', '10') ON CONFLICT DO NOTHING;
INSERT INTO public.distritos VALUES ('100704', 'La Morada', '1007', '10') ON CONFLICT DO NOTHING;
INSERT INTO public.distritos VALUES ('100705', 'Santa Rosa de Alto Yanajanca', '1007', '10') ON CONFLICT DO NOTHING;
INSERT INTO public.distritos VALUES ('100801', 'Panao', '1008', '10') ON CONFLICT DO NOTHING;
INSERT INTO public.distritos VALUES ('100802', 'Chaglla', '1008', '10') ON CONFLICT DO NOTHING;
INSERT INTO public.distritos VALUES ('100803', 'Molino', '1008', '10') ON CONFLICT DO NOTHING;
INSERT INTO public.distritos VALUES ('100804', 'Umari', '1008', '10') ON CONFLICT DO NOTHING;
INSERT INTO public.distritos VALUES ('100901', 'Puerto Inca', '1009', '10') ON CONFLICT DO NOTHING;
INSERT INTO public.distritos VALUES ('100902', 'Codo del Pozuzo', '1009', '10') ON CONFLICT DO NOTHING;
INSERT INTO public.distritos VALUES ('100903', 'Honoria', '1009', '10') ON CONFLICT DO NOTHING;
INSERT INTO public.distritos VALUES ('100904', 'Tournavista', '1009', '10') ON CONFLICT DO NOTHING;
INSERT INTO public.distritos VALUES ('100905', 'Yuyapichis', '1009', '10') ON CONFLICT DO NOTHING;
INSERT INTO public.distritos VALUES ('101001', 'Jesús', '1010', '10') ON CONFLICT DO NOTHING;
INSERT INTO public.distritos VALUES ('101002', 'Baños', '1010', '10') ON CONFLICT DO NOTHING;
INSERT INTO public.distritos VALUES ('101003', 'Jivia', '1010', '10') ON CONFLICT DO NOTHING;
INSERT INTO public.distritos VALUES ('101004', 'Queropalca', '1010', '10') ON CONFLICT DO NOTHING;
INSERT INTO public.distritos VALUES ('101005', 'Rondos', '1010', '10') ON CONFLICT DO NOTHING;
INSERT INTO public.distritos VALUES ('101006', 'San Francisco de Asís', '1010', '10') ON CONFLICT DO NOTHING;
INSERT INTO public.distritos VALUES ('101007', 'San Miguel de Cauri', '1010', '10') ON CONFLICT DO NOTHING;
INSERT INTO public.distritos VALUES ('101101', 'Chavinillo', '1011', '10') ON CONFLICT DO NOTHING;
INSERT INTO public.distritos VALUES ('101102', 'Cahuac', '1011', '10') ON CONFLICT DO NOTHING;
INSERT INTO public.distritos VALUES ('101103', 'Chacabamba', '1011', '10') ON CONFLICT DO NOTHING;
INSERT INTO public.distritos VALUES ('101104', 'Aparicio Pomares', '1011', '10') ON CONFLICT DO NOTHING;
INSERT INTO public.distritos VALUES ('101105', 'Jacas Chico', '1011', '10') ON CONFLICT DO NOTHING;
INSERT INTO public.distritos VALUES ('101106', 'Obas', '1011', '10') ON CONFLICT DO NOTHING;
INSERT INTO public.distritos VALUES ('101107', 'Pampamarca', '1011', '10') ON CONFLICT DO NOTHING;
INSERT INTO public.distritos VALUES ('101108', 'Choras', '1011', '10') ON CONFLICT DO NOTHING;
INSERT INTO public.distritos VALUES ('110101', 'Ica', '1101', '11') ON CONFLICT DO NOTHING;
INSERT INTO public.distritos VALUES ('110102', 'La Tinguiña', '1101', '11') ON CONFLICT DO NOTHING;
INSERT INTO public.distritos VALUES ('110103', 'Los Aquijes', '1101', '11') ON CONFLICT DO NOTHING;
INSERT INTO public.distritos VALUES ('110104', 'Ocucaje', '1101', '11') ON CONFLICT DO NOTHING;
INSERT INTO public.distritos VALUES ('110105', 'Pachacutec', '1101', '11') ON CONFLICT DO NOTHING;
INSERT INTO public.distritos VALUES ('110106', 'Parcona', '1101', '11') ON CONFLICT DO NOTHING;
INSERT INTO public.distritos VALUES ('110107', 'Pueblo Nuevo', '1101', '11') ON CONFLICT DO NOTHING;
INSERT INTO public.distritos VALUES ('110108', 'Salas', '1101', '11') ON CONFLICT DO NOTHING;
INSERT INTO public.distritos VALUES ('110109', 'San José de Los Molinos', '1101', '11') ON CONFLICT DO NOTHING;
INSERT INTO public.distritos VALUES ('110110', 'San Juan Bautista', '1101', '11') ON CONFLICT DO NOTHING;
INSERT INTO public.distritos VALUES ('110111', 'Santiago', '1101', '11') ON CONFLICT DO NOTHING;
INSERT INTO public.distritos VALUES ('110112', 'Subtanjalla', '1101', '11') ON CONFLICT DO NOTHING;
INSERT INTO public.distritos VALUES ('110113', 'Tate', '1101', '11') ON CONFLICT DO NOTHING;
INSERT INTO public.distritos VALUES ('110114', 'Yauca del Rosario', '1101', '11') ON CONFLICT DO NOTHING;
INSERT INTO public.distritos VALUES ('110201', 'Chincha Alta', '1102', '11') ON CONFLICT DO NOTHING;
INSERT INTO public.distritos VALUES ('110202', 'Alto Laran', '1102', '11') ON CONFLICT DO NOTHING;
INSERT INTO public.distritos VALUES ('110203', 'Chavin', '1102', '11') ON CONFLICT DO NOTHING;
INSERT INTO public.distritos VALUES ('110204', 'Chincha Baja', '1102', '11') ON CONFLICT DO NOTHING;
INSERT INTO public.distritos VALUES ('110205', 'El Carmen', '1102', '11') ON CONFLICT DO NOTHING;
INSERT INTO public.distritos VALUES ('110206', 'Grocio Prado', '1102', '11') ON CONFLICT DO NOTHING;
INSERT INTO public.distritos VALUES ('110207', 'Pueblo Nuevo', '1102', '11') ON CONFLICT DO NOTHING;
INSERT INTO public.distritos VALUES ('110208', 'San Juan de Yanac', '1102', '11') ON CONFLICT DO NOTHING;
INSERT INTO public.distritos VALUES ('110209', 'San Pedro de Huacarpana', '1102', '11') ON CONFLICT DO NOTHING;
INSERT INTO public.distritos VALUES ('110210', 'Sunampe', '1102', '11') ON CONFLICT DO NOTHING;
INSERT INTO public.distritos VALUES ('110211', 'Tambo de Mora', '1102', '11') ON CONFLICT DO NOTHING;
INSERT INTO public.distritos VALUES ('110301', 'Nasca', '1103', '11') ON CONFLICT DO NOTHING;
INSERT INTO public.distritos VALUES ('110302', 'Changuillo', '1103', '11') ON CONFLICT DO NOTHING;
INSERT INTO public.distritos VALUES ('110303', 'El Ingenio', '1103', '11') ON CONFLICT DO NOTHING;
INSERT INTO public.distritos VALUES ('110304', 'Marcona', '1103', '11') ON CONFLICT DO NOTHING;
INSERT INTO public.distritos VALUES ('110305', 'Vista Alegre', '1103', '11') ON CONFLICT DO NOTHING;
INSERT INTO public.distritos VALUES ('110401', 'Palpa', '1104', '11') ON CONFLICT DO NOTHING;
INSERT INTO public.distritos VALUES ('110402', 'Llipata', '1104', '11') ON CONFLICT DO NOTHING;
INSERT INTO public.distritos VALUES ('110403', 'Río Grande', '1104', '11') ON CONFLICT DO NOTHING;
INSERT INTO public.distritos VALUES ('110404', 'Santa Cruz', '1104', '11') ON CONFLICT DO NOTHING;
INSERT INTO public.distritos VALUES ('110405', 'Tibillo', '1104', '11') ON CONFLICT DO NOTHING;
INSERT INTO public.distritos VALUES ('110501', 'Pisco', '1105', '11') ON CONFLICT DO NOTHING;
INSERT INTO public.distritos VALUES ('110502', 'Huancano', '1105', '11') ON CONFLICT DO NOTHING;
INSERT INTO public.distritos VALUES ('110503', 'Humay', '1105', '11') ON CONFLICT DO NOTHING;
INSERT INTO public.distritos VALUES ('110504', 'Independencia', '1105', '11') ON CONFLICT DO NOTHING;
INSERT INTO public.distritos VALUES ('110505', 'Paracas', '1105', '11') ON CONFLICT DO NOTHING;
INSERT INTO public.distritos VALUES ('110506', 'San Andrés', '1105', '11') ON CONFLICT DO NOTHING;
INSERT INTO public.distritos VALUES ('110507', 'San Clemente', '1105', '11') ON CONFLICT DO NOTHING;
INSERT INTO public.distritos VALUES ('110508', 'Tupac Amaru Inca', '1105', '11') ON CONFLICT DO NOTHING;
INSERT INTO public.distritos VALUES ('120101', 'Huancayo', '1201', '12') ON CONFLICT DO NOTHING;
INSERT INTO public.distritos VALUES ('120104', 'Carhuacallanga', '1201', '12') ON CONFLICT DO NOTHING;
INSERT INTO public.distritos VALUES ('120105', 'Chacapampa', '1201', '12') ON CONFLICT DO NOTHING;
INSERT INTO public.distritos VALUES ('120106', 'Chicche', '1201', '12') ON CONFLICT DO NOTHING;
INSERT INTO public.distritos VALUES ('120107', 'Chilca', '1201', '12') ON CONFLICT DO NOTHING;
INSERT INTO public.distritos VALUES ('120108', 'Chongos Alto', '1201', '12') ON CONFLICT DO NOTHING;
INSERT INTO public.distritos VALUES ('120111', 'Chupuro', '1201', '12') ON CONFLICT DO NOTHING;
INSERT INTO public.distritos VALUES ('120112', 'Colca', '1201', '12') ON CONFLICT DO NOTHING;
INSERT INTO public.distritos VALUES ('120113', 'Cullhuas', '1201', '12') ON CONFLICT DO NOTHING;
INSERT INTO public.distritos VALUES ('120114', 'El Tambo', '1201', '12') ON CONFLICT DO NOTHING;
INSERT INTO public.distritos VALUES ('120116', 'Huacrapuquio', '1201', '12') ON CONFLICT DO NOTHING;
INSERT INTO public.distritos VALUES ('120117', 'Hualhuas', '1201', '12') ON CONFLICT DO NOTHING;
INSERT INTO public.distritos VALUES ('120119', 'Huancan', '1201', '12') ON CONFLICT DO NOTHING;
INSERT INTO public.distritos VALUES ('120120', 'Huasicancha', '1201', '12') ON CONFLICT DO NOTHING;
INSERT INTO public.distritos VALUES ('120121', 'Huayucachi', '1201', '12') ON CONFLICT DO NOTHING;
INSERT INTO public.distritos VALUES ('120122', 'Ingenio', '1201', '12') ON CONFLICT DO NOTHING;
INSERT INTO public.distritos VALUES ('120124', 'Pariahuanca', '1201', '12') ON CONFLICT DO NOTHING;
INSERT INTO public.distritos VALUES ('120125', 'Pilcomayo', '1201', '12') ON CONFLICT DO NOTHING;
INSERT INTO public.distritos VALUES ('120126', 'Pucara', '1201', '12') ON CONFLICT DO NOTHING;
INSERT INTO public.distritos VALUES ('120127', 'Quichuay', '1201', '12') ON CONFLICT DO NOTHING;
INSERT INTO public.distritos VALUES ('120128', 'Quilcas', '1201', '12') ON CONFLICT DO NOTHING;
INSERT INTO public.distritos VALUES ('120129', 'San Agustín', '1201', '12') ON CONFLICT DO NOTHING;
INSERT INTO public.distritos VALUES ('120130', 'San Jerónimo de Tunan', '1201', '12') ON CONFLICT DO NOTHING;
INSERT INTO public.distritos VALUES ('120132', 'Saño', '1201', '12') ON CONFLICT DO NOTHING;
INSERT INTO public.distritos VALUES ('120133', 'Sapallanga', '1201', '12') ON CONFLICT DO NOTHING;
INSERT INTO public.distritos VALUES ('120134', 'Sicaya', '1201', '12') ON CONFLICT DO NOTHING;
INSERT INTO public.distritos VALUES ('120135', 'Santo Domingo de Acobamba', '1201', '12') ON CONFLICT DO NOTHING;
INSERT INTO public.distritos VALUES ('120136', 'Viques', '1201', '12') ON CONFLICT DO NOTHING;
INSERT INTO public.distritos VALUES ('120201', 'Concepción', '1202', '12') ON CONFLICT DO NOTHING;
INSERT INTO public.distritos VALUES ('120202', 'Aco', '1202', '12') ON CONFLICT DO NOTHING;
INSERT INTO public.distritos VALUES ('120203', 'Andamarca', '1202', '12') ON CONFLICT DO NOTHING;
INSERT INTO public.distritos VALUES ('120204', 'Chambara', '1202', '12') ON CONFLICT DO NOTHING;
INSERT INTO public.distritos VALUES ('120205', 'Cochas', '1202', '12') ON CONFLICT DO NOTHING;
INSERT INTO public.distritos VALUES ('120206', 'Comas', '1202', '12') ON CONFLICT DO NOTHING;
INSERT INTO public.distritos VALUES ('120207', 'Heroínas Toledo', '1202', '12') ON CONFLICT DO NOTHING;
INSERT INTO public.distritos VALUES ('120208', 'Manzanares', '1202', '12') ON CONFLICT DO NOTHING;
INSERT INTO public.distritos VALUES ('120209', 'Mariscal Castilla', '1202', '12') ON CONFLICT DO NOTHING;
INSERT INTO public.distritos VALUES ('120210', 'Matahuasi', '1202', '12') ON CONFLICT DO NOTHING;
INSERT INTO public.distritos VALUES ('120211', 'Mito', '1202', '12') ON CONFLICT DO NOTHING;
INSERT INTO public.distritos VALUES ('120212', 'Nueve de Julio', '1202', '12') ON CONFLICT DO NOTHING;
INSERT INTO public.distritos VALUES ('120213', 'Orcotuna', '1202', '12') ON CONFLICT DO NOTHING;
INSERT INTO public.distritos VALUES ('120214', 'San José de Quero', '1202', '12') ON CONFLICT DO NOTHING;
INSERT INTO public.distritos VALUES ('120215', 'Santa Rosa de Ocopa', '1202', '12') ON CONFLICT DO NOTHING;
INSERT INTO public.distritos VALUES ('120301', 'Chanchamayo', '1203', '12') ON CONFLICT DO NOTHING;
INSERT INTO public.distritos VALUES ('120302', 'Perene', '1203', '12') ON CONFLICT DO NOTHING;
INSERT INTO public.distritos VALUES ('120303', 'Pichanaqui', '1203', '12') ON CONFLICT DO NOTHING;
INSERT INTO public.distritos VALUES ('120304', 'San Luis de Shuaro', '1203', '12') ON CONFLICT DO NOTHING;
INSERT INTO public.distritos VALUES ('120305', 'San Ramón', '1203', '12') ON CONFLICT DO NOTHING;
INSERT INTO public.distritos VALUES ('120306', 'Vitoc', '1203', '12') ON CONFLICT DO NOTHING;
INSERT INTO public.distritos VALUES ('120401', 'Jauja', '1204', '12') ON CONFLICT DO NOTHING;
INSERT INTO public.distritos VALUES ('120402', 'Acolla', '1204', '12') ON CONFLICT DO NOTHING;
INSERT INTO public.distritos VALUES ('120403', 'Apata', '1204', '12') ON CONFLICT DO NOTHING;
INSERT INTO public.distritos VALUES ('120404', 'Ataura', '1204', '12') ON CONFLICT DO NOTHING;
INSERT INTO public.distritos VALUES ('120405', 'Canchayllo', '1204', '12') ON CONFLICT DO NOTHING;
INSERT INTO public.distritos VALUES ('120406', 'Curicaca', '1204', '12') ON CONFLICT DO NOTHING;
INSERT INTO public.distritos VALUES ('120407', 'El Mantaro', '1204', '12') ON CONFLICT DO NOTHING;
INSERT INTO public.distritos VALUES ('120408', 'Huamali', '1204', '12') ON CONFLICT DO NOTHING;
INSERT INTO public.distritos VALUES ('120409', 'Huaripampa', '1204', '12') ON CONFLICT DO NOTHING;
INSERT INTO public.distritos VALUES ('120410', 'Huertas', '1204', '12') ON CONFLICT DO NOTHING;
INSERT INTO public.distritos VALUES ('120411', 'Janjaillo', '1204', '12') ON CONFLICT DO NOTHING;
INSERT INTO public.distritos VALUES ('120412', 'Julcán', '1204', '12') ON CONFLICT DO NOTHING;
INSERT INTO public.distritos VALUES ('120413', 'Leonor Ordóñez', '1204', '12') ON CONFLICT DO NOTHING;
INSERT INTO public.distritos VALUES ('120414', 'Llocllapampa', '1204', '12') ON CONFLICT DO NOTHING;
INSERT INTO public.distritos VALUES ('120415', 'Marco', '1204', '12') ON CONFLICT DO NOTHING;
INSERT INTO public.distritos VALUES ('120416', 'Masma', '1204', '12') ON CONFLICT DO NOTHING;
INSERT INTO public.distritos VALUES ('120417', 'Masma Chicche', '1204', '12') ON CONFLICT DO NOTHING;
INSERT INTO public.distritos VALUES ('120418', 'Molinos', '1204', '12') ON CONFLICT DO NOTHING;
INSERT INTO public.distritos VALUES ('120419', 'Monobamba', '1204', '12') ON CONFLICT DO NOTHING;
INSERT INTO public.distritos VALUES ('120420', 'Muqui', '1204', '12') ON CONFLICT DO NOTHING;
INSERT INTO public.distritos VALUES ('120421', 'Muquiyauyo', '1204', '12') ON CONFLICT DO NOTHING;
INSERT INTO public.distritos VALUES ('120422', 'Paca', '1204', '12') ON CONFLICT DO NOTHING;
INSERT INTO public.distritos VALUES ('120423', 'Paccha', '1204', '12') ON CONFLICT DO NOTHING;
INSERT INTO public.distritos VALUES ('120424', 'Pancan', '1204', '12') ON CONFLICT DO NOTHING;
INSERT INTO public.distritos VALUES ('120425', 'Parco', '1204', '12') ON CONFLICT DO NOTHING;
INSERT INTO public.distritos VALUES ('120426', 'Pomacancha', '1204', '12') ON CONFLICT DO NOTHING;
INSERT INTO public.distritos VALUES ('120427', 'Ricran', '1204', '12') ON CONFLICT DO NOTHING;
INSERT INTO public.distritos VALUES ('120428', 'San Lorenzo', '1204', '12') ON CONFLICT DO NOTHING;
INSERT INTO public.distritos VALUES ('120429', 'San Pedro de Chunan', '1204', '12') ON CONFLICT DO NOTHING;
INSERT INTO public.distritos VALUES ('120430', 'Sausa', '1204', '12') ON CONFLICT DO NOTHING;
INSERT INTO public.distritos VALUES ('120431', 'Sincos', '1204', '12') ON CONFLICT DO NOTHING;
INSERT INTO public.distritos VALUES ('120432', 'Tunan Marca', '1204', '12') ON CONFLICT DO NOTHING;
INSERT INTO public.distritos VALUES ('120433', 'Yauli', '1204', '12') ON CONFLICT DO NOTHING;
INSERT INTO public.distritos VALUES ('120434', 'Yauyos', '1204', '12') ON CONFLICT DO NOTHING;
INSERT INTO public.distritos VALUES ('120501', 'Junin', '1205', '12') ON CONFLICT DO NOTHING;
INSERT INTO public.distritos VALUES ('120502', 'Carhuamayo', '1205', '12') ON CONFLICT DO NOTHING;
INSERT INTO public.distritos VALUES ('120503', 'Ondores', '1205', '12') ON CONFLICT DO NOTHING;
INSERT INTO public.distritos VALUES ('120504', 'Ulcumayo', '1205', '12') ON CONFLICT DO NOTHING;
INSERT INTO public.distritos VALUES ('120601', 'Satipo', '1206', '12') ON CONFLICT DO NOTHING;
INSERT INTO public.distritos VALUES ('120602', 'Coviriali', '1206', '12') ON CONFLICT DO NOTHING;
INSERT INTO public.distritos VALUES ('120603', 'Llaylla', '1206', '12') ON CONFLICT DO NOTHING;
INSERT INTO public.distritos VALUES ('120604', 'Mazamari', '1206', '12') ON CONFLICT DO NOTHING;
INSERT INTO public.distritos VALUES ('120605', 'Pampa Hermosa', '1206', '12') ON CONFLICT DO NOTHING;
INSERT INTO public.distritos VALUES ('120606', 'Pangoa', '1206', '12') ON CONFLICT DO NOTHING;
INSERT INTO public.distritos VALUES ('120607', 'Río Negro', '1206', '12') ON CONFLICT DO NOTHING;
INSERT INTO public.distritos VALUES ('120608', 'Río Tambo', '1206', '12') ON CONFLICT DO NOTHING;
INSERT INTO public.distritos VALUES ('120609', 'Vizcatan del Ene', '1206', '12') ON CONFLICT DO NOTHING;
INSERT INTO public.distritos VALUES ('120701', 'Tarma', '1207', '12') ON CONFLICT DO NOTHING;
INSERT INTO public.distritos VALUES ('120702', 'Acobamba', '1207', '12') ON CONFLICT DO NOTHING;
INSERT INTO public.distritos VALUES ('120703', 'Huaricolca', '1207', '12') ON CONFLICT DO NOTHING;
INSERT INTO public.distritos VALUES ('120704', 'Huasahuasi', '1207', '12') ON CONFLICT DO NOTHING;
INSERT INTO public.distritos VALUES ('120705', 'La Unión', '1207', '12') ON CONFLICT DO NOTHING;
INSERT INTO public.distritos VALUES ('120706', 'Palca', '1207', '12') ON CONFLICT DO NOTHING;
INSERT INTO public.distritos VALUES ('120707', 'Palcamayo', '1207', '12') ON CONFLICT DO NOTHING;
INSERT INTO public.distritos VALUES ('120708', 'San Pedro de Cajas', '1207', '12') ON CONFLICT DO NOTHING;
INSERT INTO public.distritos VALUES ('120709', 'Tapo', '1207', '12') ON CONFLICT DO NOTHING;
INSERT INTO public.distritos VALUES ('120801', 'La Oroya', '1208', '12') ON CONFLICT DO NOTHING;
INSERT INTO public.distritos VALUES ('120802', 'Chacapalpa', '1208', '12') ON CONFLICT DO NOTHING;
INSERT INTO public.distritos VALUES ('120803', 'Huay-Huay', '1208', '12') ON CONFLICT DO NOTHING;
INSERT INTO public.distritos VALUES ('120804', 'Marcapomacocha', '1208', '12') ON CONFLICT DO NOTHING;
INSERT INTO public.distritos VALUES ('120805', 'Morococha', '1208', '12') ON CONFLICT DO NOTHING;
INSERT INTO public.distritos VALUES ('120806', 'Paccha', '1208', '12') ON CONFLICT DO NOTHING;
INSERT INTO public.distritos VALUES ('120807', 'Santa Bárbara de Carhuacayan', '1208', '12') ON CONFLICT DO NOTHING;
INSERT INTO public.distritos VALUES ('120808', 'Santa Rosa de Sacco', '1208', '12') ON CONFLICT DO NOTHING;
INSERT INTO public.distritos VALUES ('120809', 'Suitucancha', '1208', '12') ON CONFLICT DO NOTHING;
INSERT INTO public.distritos VALUES ('120810', 'Yauli', '1208', '12') ON CONFLICT DO NOTHING;
INSERT INTO public.distritos VALUES ('120901', 'Chupaca', '1209', '12') ON CONFLICT DO NOTHING;
INSERT INTO public.distritos VALUES ('120902', 'Ahuac', '1209', '12') ON CONFLICT DO NOTHING;
INSERT INTO public.distritos VALUES ('120903', 'Chongos Bajo', '1209', '12') ON CONFLICT DO NOTHING;
INSERT INTO public.distritos VALUES ('120904', 'Huachac', '1209', '12') ON CONFLICT DO NOTHING;
INSERT INTO public.distritos VALUES ('120905', 'Huamancaca Chico', '1209', '12') ON CONFLICT DO NOTHING;
INSERT INTO public.distritos VALUES ('120906', 'San Juan de Iscos', '1209', '12') ON CONFLICT DO NOTHING;
INSERT INTO public.distritos VALUES ('120907', 'San Juan de Jarpa', '1209', '12') ON CONFLICT DO NOTHING;
INSERT INTO public.distritos VALUES ('120908', 'Tres de Diciembre', '1209', '12') ON CONFLICT DO NOTHING;
INSERT INTO public.distritos VALUES ('120909', 'Yanacancha', '1209', '12') ON CONFLICT DO NOTHING;
INSERT INTO public.distritos VALUES ('130101', 'Trujillo', '1301', '13') ON CONFLICT DO NOTHING;
INSERT INTO public.distritos VALUES ('130102', 'El Porvenir', '1301', '13') ON CONFLICT DO NOTHING;
INSERT INTO public.distritos VALUES ('130103', 'Florencia de Mora', '1301', '13') ON CONFLICT DO NOTHING;
INSERT INTO public.distritos VALUES ('130104', 'Huanchaco', '1301', '13') ON CONFLICT DO NOTHING;
INSERT INTO public.distritos VALUES ('130105', 'La Esperanza', '1301', '13') ON CONFLICT DO NOTHING;
INSERT INTO public.distritos VALUES ('130106', 'Laredo', '1301', '13') ON CONFLICT DO NOTHING;
INSERT INTO public.distritos VALUES ('130107', 'Moche', '1301', '13') ON CONFLICT DO NOTHING;
INSERT INTO public.distritos VALUES ('130108', 'Poroto', '1301', '13') ON CONFLICT DO NOTHING;
INSERT INTO public.distritos VALUES ('130109', 'Salaverry', '1301', '13') ON CONFLICT DO NOTHING;
INSERT INTO public.distritos VALUES ('130110', 'Simbal', '1301', '13') ON CONFLICT DO NOTHING;
INSERT INTO public.distritos VALUES ('130111', 'Victor Larco Herrera', '1301', '13') ON CONFLICT DO NOTHING;
INSERT INTO public.distritos VALUES ('130201', 'Ascope', '1302', '13') ON CONFLICT DO NOTHING;
INSERT INTO public.distritos VALUES ('130202', 'Chicama', '1302', '13') ON CONFLICT DO NOTHING;
INSERT INTO public.distritos VALUES ('130203', 'Chocope', '1302', '13') ON CONFLICT DO NOTHING;
INSERT INTO public.distritos VALUES ('130204', 'Magdalena de Cao', '1302', '13') ON CONFLICT DO NOTHING;
INSERT INTO public.distritos VALUES ('130205', 'Paijan', '1302', '13') ON CONFLICT DO NOTHING;
INSERT INTO public.distritos VALUES ('130206', 'Rázuri', '1302', '13') ON CONFLICT DO NOTHING;
INSERT INTO public.distritos VALUES ('130207', 'Santiago de Cao', '1302', '13') ON CONFLICT DO NOTHING;
INSERT INTO public.distritos VALUES ('130208', 'Casa Grande', '1302', '13') ON CONFLICT DO NOTHING;
INSERT INTO public.distritos VALUES ('130301', 'Bolívar', '1303', '13') ON CONFLICT DO NOTHING;
INSERT INTO public.distritos VALUES ('130302', 'Bambamarca', '1303', '13') ON CONFLICT DO NOTHING;
INSERT INTO public.distritos VALUES ('130303', 'Condormarca', '1303', '13') ON CONFLICT DO NOTHING;
INSERT INTO public.distritos VALUES ('130304', 'Longotea', '1303', '13') ON CONFLICT DO NOTHING;
INSERT INTO public.distritos VALUES ('130305', 'Uchumarca', '1303', '13') ON CONFLICT DO NOTHING;
INSERT INTO public.distritos VALUES ('130306', 'Ucuncha', '1303', '13') ON CONFLICT DO NOTHING;
INSERT INTO public.distritos VALUES ('130401', 'Chepen', '1304', '13') ON CONFLICT DO NOTHING;
INSERT INTO public.distritos VALUES ('130402', 'Pacanga', '1304', '13') ON CONFLICT DO NOTHING;
INSERT INTO public.distritos VALUES ('130403', 'Pueblo Nuevo', '1304', '13') ON CONFLICT DO NOTHING;
INSERT INTO public.distritos VALUES ('130501', 'Julcan', '1305', '13') ON CONFLICT DO NOTHING;
INSERT INTO public.distritos VALUES ('130502', 'Calamarca', '1305', '13') ON CONFLICT DO NOTHING;
INSERT INTO public.distritos VALUES ('130503', 'Carabamba', '1305', '13') ON CONFLICT DO NOTHING;
INSERT INTO public.distritos VALUES ('130504', 'Huaso', '1305', '13') ON CONFLICT DO NOTHING;
INSERT INTO public.distritos VALUES ('130601', 'Otuzco', '1306', '13') ON CONFLICT DO NOTHING;
INSERT INTO public.distritos VALUES ('130602', 'Agallpampa', '1306', '13') ON CONFLICT DO NOTHING;
INSERT INTO public.distritos VALUES ('130604', 'Charat', '1306', '13') ON CONFLICT DO NOTHING;
INSERT INTO public.distritos VALUES ('130605', 'Huaranchal', '1306', '13') ON CONFLICT DO NOTHING;
INSERT INTO public.distritos VALUES ('130606', 'La Cuesta', '1306', '13') ON CONFLICT DO NOTHING;
INSERT INTO public.distritos VALUES ('130608', 'Mache', '1306', '13') ON CONFLICT DO NOTHING;
INSERT INTO public.distritos VALUES ('130610', 'Paranday', '1306', '13') ON CONFLICT DO NOTHING;
INSERT INTO public.distritos VALUES ('130611', 'Salpo', '1306', '13') ON CONFLICT DO NOTHING;
INSERT INTO public.distritos VALUES ('130613', 'Sinsicap', '1306', '13') ON CONFLICT DO NOTHING;
INSERT INTO public.distritos VALUES ('130614', 'Usquil', '1306', '13') ON CONFLICT DO NOTHING;
INSERT INTO public.distritos VALUES ('130701', 'San Pedro de Lloc', '1307', '13') ON CONFLICT DO NOTHING;
INSERT INTO public.distritos VALUES ('130702', 'Guadalupe', '1307', '13') ON CONFLICT DO NOTHING;
INSERT INTO public.distritos VALUES ('130703', 'Jequetepeque', '1307', '13') ON CONFLICT DO NOTHING;
INSERT INTO public.distritos VALUES ('130704', 'Pacasmayo', '1307', '13') ON CONFLICT DO NOTHING;
INSERT INTO public.distritos VALUES ('130705', 'San José', '1307', '13') ON CONFLICT DO NOTHING;
INSERT INTO public.distritos VALUES ('130801', 'Tayabamba', '1308', '13') ON CONFLICT DO NOTHING;
INSERT INTO public.distritos VALUES ('130802', 'Buldibuyo', '1308', '13') ON CONFLICT DO NOTHING;
INSERT INTO public.distritos VALUES ('130803', 'Chillia', '1308', '13') ON CONFLICT DO NOTHING;
INSERT INTO public.distritos VALUES ('130804', 'Huancaspata', '1308', '13') ON CONFLICT DO NOTHING;
INSERT INTO public.distritos VALUES ('130805', 'Huaylillas', '1308', '13') ON CONFLICT DO NOTHING;
INSERT INTO public.distritos VALUES ('130806', 'Huayo', '1308', '13') ON CONFLICT DO NOTHING;
INSERT INTO public.distritos VALUES ('130807', 'Ongon', '1308', '13') ON CONFLICT DO NOTHING;
INSERT INTO public.distritos VALUES ('130808', 'Parcoy', '1308', '13') ON CONFLICT DO NOTHING;
INSERT INTO public.distritos VALUES ('130809', 'Pataz', '1308', '13') ON CONFLICT DO NOTHING;
INSERT INTO public.distritos VALUES ('130810', 'Pias', '1308', '13') ON CONFLICT DO NOTHING;
INSERT INTO public.distritos VALUES ('130811', 'Santiago de Challas', '1308', '13') ON CONFLICT DO NOTHING;
INSERT INTO public.distritos VALUES ('130812', 'Taurija', '1308', '13') ON CONFLICT DO NOTHING;
INSERT INTO public.distritos VALUES ('130813', 'Urpay', '1308', '13') ON CONFLICT DO NOTHING;
INSERT INTO public.distritos VALUES ('130901', 'Huamachuco', '1309', '13') ON CONFLICT DO NOTHING;
INSERT INTO public.distritos VALUES ('130902', 'Chugay', '1309', '13') ON CONFLICT DO NOTHING;
INSERT INTO public.distritos VALUES ('130903', 'Cochorco', '1309', '13') ON CONFLICT DO NOTHING;
INSERT INTO public.distritos VALUES ('130904', 'Curgos', '1309', '13') ON CONFLICT DO NOTHING;
INSERT INTO public.distritos VALUES ('130905', 'Marcabal', '1309', '13') ON CONFLICT DO NOTHING;
INSERT INTO public.distritos VALUES ('130906', 'Sanagoran', '1309', '13') ON CONFLICT DO NOTHING;
INSERT INTO public.distritos VALUES ('130907', 'Sarin', '1309', '13') ON CONFLICT DO NOTHING;
INSERT INTO public.distritos VALUES ('130908', 'Sartimbamba', '1309', '13') ON CONFLICT DO NOTHING;
INSERT INTO public.distritos VALUES ('131001', 'Santiago de Chuco', '1310', '13') ON CONFLICT DO NOTHING;
INSERT INTO public.distritos VALUES ('131002', 'Angasmarca', '1310', '13') ON CONFLICT DO NOTHING;
INSERT INTO public.distritos VALUES ('131003', 'Cachicadan', '1310', '13') ON CONFLICT DO NOTHING;
INSERT INTO public.distritos VALUES ('131004', 'Mollebamba', '1310', '13') ON CONFLICT DO NOTHING;
INSERT INTO public.distritos VALUES ('131005', 'Mollepata', '1310', '13') ON CONFLICT DO NOTHING;
INSERT INTO public.distritos VALUES ('131006', 'Quiruvilca', '1310', '13') ON CONFLICT DO NOTHING;
INSERT INTO public.distritos VALUES ('131007', 'Santa Cruz de Chuca', '1310', '13') ON CONFLICT DO NOTHING;
INSERT INTO public.distritos VALUES ('131008', 'Sitabamba', '1310', '13') ON CONFLICT DO NOTHING;
INSERT INTO public.distritos VALUES ('131101', 'Cascas', '1311', '13') ON CONFLICT DO NOTHING;
INSERT INTO public.distritos VALUES ('131102', 'Lucma', '1311', '13') ON CONFLICT DO NOTHING;
INSERT INTO public.distritos VALUES ('131103', 'Marmot', '1311', '13') ON CONFLICT DO NOTHING;
INSERT INTO public.distritos VALUES ('131104', 'Sayapullo', '1311', '13') ON CONFLICT DO NOTHING;
INSERT INTO public.distritos VALUES ('131201', 'Viru', '1312', '13') ON CONFLICT DO NOTHING;
INSERT INTO public.distritos VALUES ('131202', 'Chao', '1312', '13') ON CONFLICT DO NOTHING;
INSERT INTO public.distritos VALUES ('131203', 'Guadalupito', '1312', '13') ON CONFLICT DO NOTHING;
INSERT INTO public.distritos VALUES ('140101', 'Chiclayo', '1401', '14') ON CONFLICT DO NOTHING;
INSERT INTO public.distritos VALUES ('140102', 'Chongoyape', '1401', '14') ON CONFLICT DO NOTHING;
INSERT INTO public.distritos VALUES ('140103', 'Eten', '1401', '14') ON CONFLICT DO NOTHING;
INSERT INTO public.distritos VALUES ('140104', 'Eten Puerto', '1401', '14') ON CONFLICT DO NOTHING;
INSERT INTO public.distritos VALUES ('140105', 'José Leonardo Ortiz', '1401', '14') ON CONFLICT DO NOTHING;
INSERT INTO public.distritos VALUES ('140106', 'La Victoria', '1401', '14') ON CONFLICT DO NOTHING;
INSERT INTO public.distritos VALUES ('140107', 'Lagunas', '1401', '14') ON CONFLICT DO NOTHING;
INSERT INTO public.distritos VALUES ('140108', 'Monsefu', '1401', '14') ON CONFLICT DO NOTHING;
INSERT INTO public.distritos VALUES ('140109', 'Nueva Arica', '1401', '14') ON CONFLICT DO NOTHING;
INSERT INTO public.distritos VALUES ('140110', 'Oyotun', '1401', '14') ON CONFLICT DO NOTHING;
INSERT INTO public.distritos VALUES ('140111', 'Picsi', '1401', '14') ON CONFLICT DO NOTHING;
INSERT INTO public.distritos VALUES ('140112', 'Pimentel', '1401', '14') ON CONFLICT DO NOTHING;
INSERT INTO public.distritos VALUES ('140113', 'Reque', '1401', '14') ON CONFLICT DO NOTHING;
INSERT INTO public.distritos VALUES ('140114', 'Santa Rosa', '1401', '14') ON CONFLICT DO NOTHING;
INSERT INTO public.distritos VALUES ('140115', 'Saña', '1401', '14') ON CONFLICT DO NOTHING;
INSERT INTO public.distritos VALUES ('140116', 'Cayalti', '1401', '14') ON CONFLICT DO NOTHING;
INSERT INTO public.distritos VALUES ('140117', 'Patapo', '1401', '14') ON CONFLICT DO NOTHING;
INSERT INTO public.distritos VALUES ('140118', 'Pomalca', '1401', '14') ON CONFLICT DO NOTHING;
INSERT INTO public.distritos VALUES ('140119', 'Pucala', '1401', '14') ON CONFLICT DO NOTHING;
INSERT INTO public.distritos VALUES ('140120', 'Tuman', '1401', '14') ON CONFLICT DO NOTHING;
INSERT INTO public.distritos VALUES ('140201', 'Ferreñafe', '1402', '14') ON CONFLICT DO NOTHING;
INSERT INTO public.distritos VALUES ('140202', 'Cañaris', '1402', '14') ON CONFLICT DO NOTHING;
INSERT INTO public.distritos VALUES ('140203', 'Incahuasi', '1402', '14') ON CONFLICT DO NOTHING;
INSERT INTO public.distritos VALUES ('140204', 'Manuel Antonio Mesones Muro', '1402', '14') ON CONFLICT DO NOTHING;
INSERT INTO public.distritos VALUES ('140205', 'Pitipo', '1402', '14') ON CONFLICT DO NOTHING;
INSERT INTO public.distritos VALUES ('140206', 'Pueblo Nuevo', '1402', '14') ON CONFLICT DO NOTHING;
INSERT INTO public.distritos VALUES ('140301', 'Lambayeque', '1403', '14') ON CONFLICT DO NOTHING;
INSERT INTO public.distritos VALUES ('140302', 'Chochope', '1403', '14') ON CONFLICT DO NOTHING;
INSERT INTO public.distritos VALUES ('140303', 'Illimo', '1403', '14') ON CONFLICT DO NOTHING;
INSERT INTO public.distritos VALUES ('140304', 'Jayanca', '1403', '14') ON CONFLICT DO NOTHING;
INSERT INTO public.distritos VALUES ('140305', 'Mochumi', '1403', '14') ON CONFLICT DO NOTHING;
INSERT INTO public.distritos VALUES ('140306', 'Morrope', '1403', '14') ON CONFLICT DO NOTHING;
INSERT INTO public.distritos VALUES ('140307', 'Motupe', '1403', '14') ON CONFLICT DO NOTHING;
INSERT INTO public.distritos VALUES ('140308', 'Olmos', '1403', '14') ON CONFLICT DO NOTHING;
INSERT INTO public.distritos VALUES ('140309', 'Pacora', '1403', '14') ON CONFLICT DO NOTHING;
INSERT INTO public.distritos VALUES ('140310', 'Salas', '1403', '14') ON CONFLICT DO NOTHING;
INSERT INTO public.distritos VALUES ('140311', 'San José', '1403', '14') ON CONFLICT DO NOTHING;
INSERT INTO public.distritos VALUES ('140312', 'Tucume', '1403', '14') ON CONFLICT DO NOTHING;
INSERT INTO public.distritos VALUES ('150101', 'Lima', '1501', '15') ON CONFLICT DO NOTHING;
INSERT INTO public.distritos VALUES ('150102', 'Ancón', '1501', '15') ON CONFLICT DO NOTHING;
INSERT INTO public.distritos VALUES ('150103', 'Ate', '1501', '15') ON CONFLICT DO NOTHING;
INSERT INTO public.distritos VALUES ('150104', 'Barranco', '1501', '15') ON CONFLICT DO NOTHING;
INSERT INTO public.distritos VALUES ('150105', 'Breña', '1501', '15') ON CONFLICT DO NOTHING;
INSERT INTO public.distritos VALUES ('150106', 'Carabayllo', '1501', '15') ON CONFLICT DO NOTHING;
INSERT INTO public.distritos VALUES ('150107', 'Chaclacayo', '1501', '15') ON CONFLICT DO NOTHING;
INSERT INTO public.distritos VALUES ('150108', 'Chorrillos', '1501', '15') ON CONFLICT DO NOTHING;
INSERT INTO public.distritos VALUES ('150109', 'Cieneguilla', '1501', '15') ON CONFLICT DO NOTHING;
INSERT INTO public.distritos VALUES ('150110', 'Comas', '1501', '15') ON CONFLICT DO NOTHING;
INSERT INTO public.distritos VALUES ('150111', 'El Agustino', '1501', '15') ON CONFLICT DO NOTHING;
INSERT INTO public.distritos VALUES ('150112', 'Independencia', '1501', '15') ON CONFLICT DO NOTHING;
INSERT INTO public.distritos VALUES ('150113', 'Jesús María', '1501', '15') ON CONFLICT DO NOTHING;
INSERT INTO public.distritos VALUES ('150114', 'La Molina', '1501', '15') ON CONFLICT DO NOTHING;
INSERT INTO public.distritos VALUES ('150115', 'La Victoria', '1501', '15') ON CONFLICT DO NOTHING;
INSERT INTO public.distritos VALUES ('150116', 'Lince', '1501', '15') ON CONFLICT DO NOTHING;
INSERT INTO public.distritos VALUES ('150117', 'Los Olivos', '1501', '15') ON CONFLICT DO NOTHING;
INSERT INTO public.distritos VALUES ('150118', 'Lurigancho', '1501', '15') ON CONFLICT DO NOTHING;
INSERT INTO public.distritos VALUES ('150119', 'Lurin', '1501', '15') ON CONFLICT DO NOTHING;
INSERT INTO public.distritos VALUES ('150120', 'Magdalena del Mar', '1501', '15') ON CONFLICT DO NOTHING;
INSERT INTO public.distritos VALUES ('150121', 'Pueblo Libre', '1501', '15') ON CONFLICT DO NOTHING;
INSERT INTO public.distritos VALUES ('150122', 'Miraflores', '1501', '15') ON CONFLICT DO NOTHING;
INSERT INTO public.distritos VALUES ('150123', 'Pachacamac', '1501', '15') ON CONFLICT DO NOTHING;
INSERT INTO public.distritos VALUES ('150124', 'Pucusana', '1501', '15') ON CONFLICT DO NOTHING;
INSERT INTO public.distritos VALUES ('150125', 'Puente Piedra', '1501', '15') ON CONFLICT DO NOTHING;
INSERT INTO public.distritos VALUES ('150126', 'Punta Hermosa', '1501', '15') ON CONFLICT DO NOTHING;
INSERT INTO public.distritos VALUES ('150127', 'Punta Negra', '1501', '15') ON CONFLICT DO NOTHING;
INSERT INTO public.distritos VALUES ('150128', 'Rímac', '1501', '15') ON CONFLICT DO NOTHING;
INSERT INTO public.distritos VALUES ('150129', 'San Bartolo', '1501', '15') ON CONFLICT DO NOTHING;
INSERT INTO public.distritos VALUES ('150130', 'San Borja', '1501', '15') ON CONFLICT DO NOTHING;
INSERT INTO public.distritos VALUES ('150131', 'San Isidro', '1501', '15') ON CONFLICT DO NOTHING;
INSERT INTO public.distritos VALUES ('150132', 'San Juan de Lurigancho', '1501', '15') ON CONFLICT DO NOTHING;
INSERT INTO public.distritos VALUES ('150133', 'San Juan de Miraflores', '1501', '15') ON CONFLICT DO NOTHING;
INSERT INTO public.distritos VALUES ('150134', 'San Luis', '1501', '15') ON CONFLICT DO NOTHING;
INSERT INTO public.distritos VALUES ('150135', 'San Martín de Porres', '1501', '15') ON CONFLICT DO NOTHING;
INSERT INTO public.distritos VALUES ('150136', 'San Miguel', '1501', '15') ON CONFLICT DO NOTHING;
INSERT INTO public.distritos VALUES ('150137', 'Santa Anita', '1501', '15') ON CONFLICT DO NOTHING;
INSERT INTO public.distritos VALUES ('150138', 'Santa María del Mar', '1501', '15') ON CONFLICT DO NOTHING;
INSERT INTO public.distritos VALUES ('150139', 'Santa Rosa', '1501', '15') ON CONFLICT DO NOTHING;
INSERT INTO public.distritos VALUES ('150140', 'Santiago de Surco', '1501', '15') ON CONFLICT DO NOTHING;
INSERT INTO public.distritos VALUES ('150141', 'Surquillo', '1501', '15') ON CONFLICT DO NOTHING;
INSERT INTO public.distritos VALUES ('150142', 'Villa El Salvador', '1501', '15') ON CONFLICT DO NOTHING;
INSERT INTO public.distritos VALUES ('150143', 'Villa María del Triunfo', '1501', '15') ON CONFLICT DO NOTHING;
INSERT INTO public.distritos VALUES ('150201', 'Barranca', '1502', '15') ON CONFLICT DO NOTHING;
INSERT INTO public.distritos VALUES ('150202', 'Paramonga', '1502', '15') ON CONFLICT DO NOTHING;
INSERT INTO public.distritos VALUES ('150203', 'Pativilca', '1502', '15') ON CONFLICT DO NOTHING;
INSERT INTO public.distritos VALUES ('150204', 'Supe', '1502', '15') ON CONFLICT DO NOTHING;
INSERT INTO public.distritos VALUES ('150205', 'Supe Puerto', '1502', '15') ON CONFLICT DO NOTHING;
INSERT INTO public.distritos VALUES ('150301', 'Cajatambo', '1503', '15') ON CONFLICT DO NOTHING;
INSERT INTO public.distritos VALUES ('150302', 'Copa', '1503', '15') ON CONFLICT DO NOTHING;
INSERT INTO public.distritos VALUES ('150303', 'Gorgor', '1503', '15') ON CONFLICT DO NOTHING;
INSERT INTO public.distritos VALUES ('150304', 'Huancapon', '1503', '15') ON CONFLICT DO NOTHING;
INSERT INTO public.distritos VALUES ('150305', 'Manas', '1503', '15') ON CONFLICT DO NOTHING;
INSERT INTO public.distritos VALUES ('150401', 'Canta', '1504', '15') ON CONFLICT DO NOTHING;
INSERT INTO public.distritos VALUES ('150402', 'Arahuay', '1504', '15') ON CONFLICT DO NOTHING;
INSERT INTO public.distritos VALUES ('150403', 'Huamantanga', '1504', '15') ON CONFLICT DO NOTHING;
INSERT INTO public.distritos VALUES ('150404', 'Huaros', '1504', '15') ON CONFLICT DO NOTHING;
INSERT INTO public.distritos VALUES ('150405', 'Lachaqui', '1504', '15') ON CONFLICT DO NOTHING;
INSERT INTO public.distritos VALUES ('150406', 'San Buenaventura', '1504', '15') ON CONFLICT DO NOTHING;
INSERT INTO public.distritos VALUES ('150407', 'Santa Rosa de Quives', '1504', '15') ON CONFLICT DO NOTHING;
INSERT INTO public.distritos VALUES ('150501', 'San Vicente de Cañete', '1505', '15') ON CONFLICT DO NOTHING;
INSERT INTO public.distritos VALUES ('150502', 'Asia', '1505', '15') ON CONFLICT DO NOTHING;
INSERT INTO public.distritos VALUES ('150503', 'Calango', '1505', '15') ON CONFLICT DO NOTHING;
INSERT INTO public.distritos VALUES ('150504', 'Cerro Azul', '1505', '15') ON CONFLICT DO NOTHING;
INSERT INTO public.distritos VALUES ('150505', 'Chilca', '1505', '15') ON CONFLICT DO NOTHING;
INSERT INTO public.distritos VALUES ('150506', 'Coayllo', '1505', '15') ON CONFLICT DO NOTHING;
INSERT INTO public.distritos VALUES ('150507', 'Imperial', '1505', '15') ON CONFLICT DO NOTHING;
INSERT INTO public.distritos VALUES ('150508', 'Lunahuana', '1505', '15') ON CONFLICT DO NOTHING;
INSERT INTO public.distritos VALUES ('150509', 'Mala', '1505', '15') ON CONFLICT DO NOTHING;
INSERT INTO public.distritos VALUES ('150510', 'Nuevo Imperial', '1505', '15') ON CONFLICT DO NOTHING;
INSERT INTO public.distritos VALUES ('150511', 'Pacaran', '1505', '15') ON CONFLICT DO NOTHING;
INSERT INTO public.distritos VALUES ('150512', 'Quilmana', '1505', '15') ON CONFLICT DO NOTHING;
INSERT INTO public.distritos VALUES ('150513', 'San Antonio', '1505', '15') ON CONFLICT DO NOTHING;
INSERT INTO public.distritos VALUES ('150514', 'San Luis', '1505', '15') ON CONFLICT DO NOTHING;
INSERT INTO public.distritos VALUES ('150515', 'Santa Cruz de Flores', '1505', '15') ON CONFLICT DO NOTHING;
INSERT INTO public.distritos VALUES ('150516', 'Zúñiga', '1505', '15') ON CONFLICT DO NOTHING;
INSERT INTO public.distritos VALUES ('150601', 'Huaral', '1506', '15') ON CONFLICT DO NOTHING;
INSERT INTO public.distritos VALUES ('150602', 'Atavillos Alto', '1506', '15') ON CONFLICT DO NOTHING;
INSERT INTO public.distritos VALUES ('150603', 'Atavillos Bajo', '1506', '15') ON CONFLICT DO NOTHING;
INSERT INTO public.distritos VALUES ('150604', 'Aucallama', '1506', '15') ON CONFLICT DO NOTHING;
INSERT INTO public.distritos VALUES ('150605', 'Chancay', '1506', '15') ON CONFLICT DO NOTHING;
INSERT INTO public.distritos VALUES ('150606', 'Ihuari', '1506', '15') ON CONFLICT DO NOTHING;
INSERT INTO public.distritos VALUES ('150607', 'Lampian', '1506', '15') ON CONFLICT DO NOTHING;
INSERT INTO public.distritos VALUES ('150608', 'Pacaraos', '1506', '15') ON CONFLICT DO NOTHING;
INSERT INTO public.distritos VALUES ('150609', 'San Miguel de Acos', '1506', '15') ON CONFLICT DO NOTHING;
INSERT INTO public.distritos VALUES ('150610', 'Santa Cruz de Andamarca', '1506', '15') ON CONFLICT DO NOTHING;
INSERT INTO public.distritos VALUES ('150611', 'Sumbilca', '1506', '15') ON CONFLICT DO NOTHING;
INSERT INTO public.distritos VALUES ('150612', 'Veintisiete de Noviembre', '1506', '15') ON CONFLICT DO NOTHING;
INSERT INTO public.distritos VALUES ('150701', 'Matucana', '1507', '15') ON CONFLICT DO NOTHING;
INSERT INTO public.distritos VALUES ('150702', 'Antioquia', '1507', '15') ON CONFLICT DO NOTHING;
INSERT INTO public.distritos VALUES ('150703', 'Callahuanca', '1507', '15') ON CONFLICT DO NOTHING;
INSERT INTO public.distritos VALUES ('150704', 'Carampoma', '1507', '15') ON CONFLICT DO NOTHING;
INSERT INTO public.distritos VALUES ('150705', 'Chicla', '1507', '15') ON CONFLICT DO NOTHING;
INSERT INTO public.distritos VALUES ('150706', 'Cuenca', '1507', '15') ON CONFLICT DO NOTHING;
INSERT INTO public.distritos VALUES ('150707', 'Huachupampa', '1507', '15') ON CONFLICT DO NOTHING;
INSERT INTO public.distritos VALUES ('150708', 'Huanza', '1507', '15') ON CONFLICT DO NOTHING;
INSERT INTO public.distritos VALUES ('150709', 'Huarochiri', '1507', '15') ON CONFLICT DO NOTHING;
INSERT INTO public.distritos VALUES ('150710', 'Lahuaytambo', '1507', '15') ON CONFLICT DO NOTHING;
INSERT INTO public.distritos VALUES ('150711', 'Langa', '1507', '15') ON CONFLICT DO NOTHING;
INSERT INTO public.distritos VALUES ('150712', 'Laraos', '1507', '15') ON CONFLICT DO NOTHING;
INSERT INTO public.distritos VALUES ('150713', 'Mariatana', '1507', '15') ON CONFLICT DO NOTHING;
INSERT INTO public.distritos VALUES ('150714', 'Ricardo Palma', '1507', '15') ON CONFLICT DO NOTHING;
INSERT INTO public.distritos VALUES ('150715', 'San Andrés de Tupicocha', '1507', '15') ON CONFLICT DO NOTHING;
INSERT INTO public.distritos VALUES ('150716', 'San Antonio', '1507', '15') ON CONFLICT DO NOTHING;
INSERT INTO public.distritos VALUES ('150717', 'San Bartolomé', '1507', '15') ON CONFLICT DO NOTHING;
INSERT INTO public.distritos VALUES ('150718', 'San Damian', '1507', '15') ON CONFLICT DO NOTHING;
INSERT INTO public.distritos VALUES ('150719', 'San Juan de Iris', '1507', '15') ON CONFLICT DO NOTHING;
INSERT INTO public.distritos VALUES ('150720', 'San Juan de Tantaranche', '1507', '15') ON CONFLICT DO NOTHING;
INSERT INTO public.distritos VALUES ('150721', 'San Lorenzo de Quinti', '1507', '15') ON CONFLICT DO NOTHING;
INSERT INTO public.distritos VALUES ('150722', 'San Mateo', '1507', '15') ON CONFLICT DO NOTHING;
INSERT INTO public.distritos VALUES ('150723', 'San Mateo de Otao', '1507', '15') ON CONFLICT DO NOTHING;
INSERT INTO public.distritos VALUES ('150724', 'San Pedro de Casta', '1507', '15') ON CONFLICT DO NOTHING;
INSERT INTO public.distritos VALUES ('150725', 'San Pedro de Huancayre', '1507', '15') ON CONFLICT DO NOTHING;
INSERT INTO public.distritos VALUES ('150726', 'Sangallaya', '1507', '15') ON CONFLICT DO NOTHING;
INSERT INTO public.distritos VALUES ('150727', 'Santa Cruz de Cocachacra', '1507', '15') ON CONFLICT DO NOTHING;
INSERT INTO public.distritos VALUES ('150728', 'Santa Eulalia', '1507', '15') ON CONFLICT DO NOTHING;
INSERT INTO public.distritos VALUES ('150729', 'Santiago de Anchucaya', '1507', '15') ON CONFLICT DO NOTHING;
INSERT INTO public.distritos VALUES ('150730', 'Santiago de Tuna', '1507', '15') ON CONFLICT DO NOTHING;
INSERT INTO public.distritos VALUES ('150731', 'Santo Domingo de Los Olleros', '1507', '15') ON CONFLICT DO NOTHING;
INSERT INTO public.distritos VALUES ('150732', 'Surco', '1507', '15') ON CONFLICT DO NOTHING;
INSERT INTO public.distritos VALUES ('150801', 'Huacho', '1508', '15') ON CONFLICT DO NOTHING;
INSERT INTO public.distritos VALUES ('150802', 'Ambar', '1508', '15') ON CONFLICT DO NOTHING;
INSERT INTO public.distritos VALUES ('150803', 'Caleta de Carquin', '1508', '15') ON CONFLICT DO NOTHING;
INSERT INTO public.distritos VALUES ('150804', 'Checras', '1508', '15') ON CONFLICT DO NOTHING;
INSERT INTO public.distritos VALUES ('150805', 'Hualmay', '1508', '15') ON CONFLICT DO NOTHING;
INSERT INTO public.distritos VALUES ('150806', 'Huaura', '1508', '15') ON CONFLICT DO NOTHING;
INSERT INTO public.distritos VALUES ('150807', 'Leoncio Prado', '1508', '15') ON CONFLICT DO NOTHING;
INSERT INTO public.distritos VALUES ('150808', 'Paccho', '1508', '15') ON CONFLICT DO NOTHING;
INSERT INTO public.distritos VALUES ('150809', 'Santa Leonor', '1508', '15') ON CONFLICT DO NOTHING;
INSERT INTO public.distritos VALUES ('150810', 'Santa María', '1508', '15') ON CONFLICT DO NOTHING;
INSERT INTO public.distritos VALUES ('150811', 'Sayan', '1508', '15') ON CONFLICT DO NOTHING;
INSERT INTO public.distritos VALUES ('150812', 'Vegueta', '1508', '15') ON CONFLICT DO NOTHING;
INSERT INTO public.distritos VALUES ('150901', 'Oyon', '1509', '15') ON CONFLICT DO NOTHING;
INSERT INTO public.distritos VALUES ('150902', 'Andajes', '1509', '15') ON CONFLICT DO NOTHING;
INSERT INTO public.distritos VALUES ('150903', 'Caujul', '1509', '15') ON CONFLICT DO NOTHING;
INSERT INTO public.distritos VALUES ('150904', 'Cochamarca', '1509', '15') ON CONFLICT DO NOTHING;
INSERT INTO public.distritos VALUES ('150905', 'Navan', '1509', '15') ON CONFLICT DO NOTHING;
INSERT INTO public.distritos VALUES ('150906', 'Pachangara', '1509', '15') ON CONFLICT DO NOTHING;
INSERT INTO public.distritos VALUES ('151001', 'Yauyos', '1510', '15') ON CONFLICT DO NOTHING;
INSERT INTO public.distritos VALUES ('151002', 'Alis', '1510', '15') ON CONFLICT DO NOTHING;
INSERT INTO public.distritos VALUES ('151003', 'Allauca', '1510', '15') ON CONFLICT DO NOTHING;
INSERT INTO public.distritos VALUES ('151004', 'Ayaviri', '1510', '15') ON CONFLICT DO NOTHING;
INSERT INTO public.distritos VALUES ('151005', 'Azángaro', '1510', '15') ON CONFLICT DO NOTHING;
INSERT INTO public.distritos VALUES ('151006', 'Cacra', '1510', '15') ON CONFLICT DO NOTHING;
INSERT INTO public.distritos VALUES ('151007', 'Carania', '1510', '15') ON CONFLICT DO NOTHING;
INSERT INTO public.distritos VALUES ('151008', 'Catahuasi', '1510', '15') ON CONFLICT DO NOTHING;
INSERT INTO public.distritos VALUES ('151009', 'Chocos', '1510', '15') ON CONFLICT DO NOTHING;
INSERT INTO public.distritos VALUES ('151010', 'Cochas', '1510', '15') ON CONFLICT DO NOTHING;
INSERT INTO public.distritos VALUES ('151011', 'Colonia', '1510', '15') ON CONFLICT DO NOTHING;
INSERT INTO public.distritos VALUES ('151012', 'Hongos', '1510', '15') ON CONFLICT DO NOTHING;
INSERT INTO public.distritos VALUES ('151013', 'Huampara', '1510', '15') ON CONFLICT DO NOTHING;
INSERT INTO public.distritos VALUES ('151014', 'Huancaya', '1510', '15') ON CONFLICT DO NOTHING;
INSERT INTO public.distritos VALUES ('151015', 'Huangascar', '1510', '15') ON CONFLICT DO NOTHING;
INSERT INTO public.distritos VALUES ('151016', 'Huantan', '1510', '15') ON CONFLICT DO NOTHING;
INSERT INTO public.distritos VALUES ('151017', 'Huañec', '1510', '15') ON CONFLICT DO NOTHING;
INSERT INTO public.distritos VALUES ('151018', 'Laraos', '1510', '15') ON CONFLICT DO NOTHING;
INSERT INTO public.distritos VALUES ('151019', 'Lincha', '1510', '15') ON CONFLICT DO NOTHING;
INSERT INTO public.distritos VALUES ('151020', 'Madean', '1510', '15') ON CONFLICT DO NOTHING;
INSERT INTO public.distritos VALUES ('151021', 'Miraflores', '1510', '15') ON CONFLICT DO NOTHING;
INSERT INTO public.distritos VALUES ('151022', 'Omas', '1510', '15') ON CONFLICT DO NOTHING;
INSERT INTO public.distritos VALUES ('151023', 'Putinza', '1510', '15') ON CONFLICT DO NOTHING;
INSERT INTO public.distritos VALUES ('151024', 'Quinches', '1510', '15') ON CONFLICT DO NOTHING;
INSERT INTO public.distritos VALUES ('151025', 'Quinocay', '1510', '15') ON CONFLICT DO NOTHING;
INSERT INTO public.distritos VALUES ('151026', 'San Joaquín', '1510', '15') ON CONFLICT DO NOTHING;
INSERT INTO public.distritos VALUES ('151027', 'San Pedro de Pilas', '1510', '15') ON CONFLICT DO NOTHING;
INSERT INTO public.distritos VALUES ('151028', 'Tanta', '1510', '15') ON CONFLICT DO NOTHING;
INSERT INTO public.distritos VALUES ('151029', 'Tauripampa', '1510', '15') ON CONFLICT DO NOTHING;
INSERT INTO public.distritos VALUES ('151030', 'Tomas', '1510', '15') ON CONFLICT DO NOTHING;
INSERT INTO public.distritos VALUES ('151031', 'Tupe', '1510', '15') ON CONFLICT DO NOTHING;
INSERT INTO public.distritos VALUES ('151032', 'Viñac', '1510', '15') ON CONFLICT DO NOTHING;
INSERT INTO public.distritos VALUES ('151033', 'Vitis', '1510', '15') ON CONFLICT DO NOTHING;
INSERT INTO public.distritos VALUES ('160101', 'Iquitos', '1601', '16') ON CONFLICT DO NOTHING;
INSERT INTO public.distritos VALUES ('160102', 'Alto Nanay', '1601', '16') ON CONFLICT DO NOTHING;
INSERT INTO public.distritos VALUES ('160103', 'Fernando Lores', '1601', '16') ON CONFLICT DO NOTHING;
INSERT INTO public.distritos VALUES ('160104', 'Indiana', '1601', '16') ON CONFLICT DO NOTHING;
INSERT INTO public.distritos VALUES ('160105', 'Las Amazonas', '1601', '16') ON CONFLICT DO NOTHING;
INSERT INTO public.distritos VALUES ('160106', 'Mazan', '1601', '16') ON CONFLICT DO NOTHING;
INSERT INTO public.distritos VALUES ('160107', 'Napo', '1601', '16') ON CONFLICT DO NOTHING;
INSERT INTO public.distritos VALUES ('160108', 'Punchana', '1601', '16') ON CONFLICT DO NOTHING;
INSERT INTO public.distritos VALUES ('160110', 'Torres Causana', '1601', '16') ON CONFLICT DO NOTHING;
INSERT INTO public.distritos VALUES ('160112', 'Belén', '1601', '16') ON CONFLICT DO NOTHING;
INSERT INTO public.distritos VALUES ('160113', 'San Juan Bautista', '1601', '16') ON CONFLICT DO NOTHING;
INSERT INTO public.distritos VALUES ('160201', 'Yurimaguas', '1602', '16') ON CONFLICT DO NOTHING;
INSERT INTO public.distritos VALUES ('160202', 'Balsapuerto', '1602', '16') ON CONFLICT DO NOTHING;
INSERT INTO public.distritos VALUES ('160205', 'Jeberos', '1602', '16') ON CONFLICT DO NOTHING;
INSERT INTO public.distritos VALUES ('160206', 'Lagunas', '1602', '16') ON CONFLICT DO NOTHING;
INSERT INTO public.distritos VALUES ('160210', 'Santa Cruz', '1602', '16') ON CONFLICT DO NOTHING;
INSERT INTO public.distritos VALUES ('160211', 'Teniente Cesar López Rojas', '1602', '16') ON CONFLICT DO NOTHING;
INSERT INTO public.distritos VALUES ('160301', 'Nauta', '1603', '16') ON CONFLICT DO NOTHING;
INSERT INTO public.distritos VALUES ('160302', 'Parinari', '1603', '16') ON CONFLICT DO NOTHING;
INSERT INTO public.distritos VALUES ('160303', 'Tigre', '1603', '16') ON CONFLICT DO NOTHING;
INSERT INTO public.distritos VALUES ('160304', 'Trompeteros', '1603', '16') ON CONFLICT DO NOTHING;
INSERT INTO public.distritos VALUES ('160305', 'Urarinas', '1603', '16') ON CONFLICT DO NOTHING;
INSERT INTO public.distritos VALUES ('160401', 'Ramón Castilla', '1604', '16') ON CONFLICT DO NOTHING;
INSERT INTO public.distritos VALUES ('160402', 'Pebas', '1604', '16') ON CONFLICT DO NOTHING;
INSERT INTO public.distritos VALUES ('160403', 'Yavari', '1604', '16') ON CONFLICT DO NOTHING;
INSERT INTO public.distritos VALUES ('160404', 'San Pablo', '1604', '16') ON CONFLICT DO NOTHING;
INSERT INTO public.distritos VALUES ('160501', 'Requena', '1605', '16') ON CONFLICT DO NOTHING;
INSERT INTO public.distritos VALUES ('160502', 'Alto Tapiche', '1605', '16') ON CONFLICT DO NOTHING;
INSERT INTO public.distritos VALUES ('160503', 'Capelo', '1605', '16') ON CONFLICT DO NOTHING;
INSERT INTO public.distritos VALUES ('160504', 'Emilio San Martín', '1605', '16') ON CONFLICT DO NOTHING;
INSERT INTO public.distritos VALUES ('160505', 'Maquia', '1605', '16') ON CONFLICT DO NOTHING;
INSERT INTO public.distritos VALUES ('160506', 'Puinahua', '1605', '16') ON CONFLICT DO NOTHING;
INSERT INTO public.distritos VALUES ('160507', 'Saquena', '1605', '16') ON CONFLICT DO NOTHING;
INSERT INTO public.distritos VALUES ('160508', 'Soplin', '1605', '16') ON CONFLICT DO NOTHING;
INSERT INTO public.distritos VALUES ('160509', 'Tapiche', '1605', '16') ON CONFLICT DO NOTHING;
INSERT INTO public.distritos VALUES ('160510', 'Jenaro Herrera', '1605', '16') ON CONFLICT DO NOTHING;
INSERT INTO public.distritos VALUES ('160511', 'Yaquerana', '1605', '16') ON CONFLICT DO NOTHING;
INSERT INTO public.distritos VALUES ('160601', 'Contamana', '1606', '16') ON CONFLICT DO NOTHING;
INSERT INTO public.distritos VALUES ('160602', 'Inahuaya', '1606', '16') ON CONFLICT DO NOTHING;
INSERT INTO public.distritos VALUES ('160603', 'Padre Márquez', '1606', '16') ON CONFLICT DO NOTHING;
INSERT INTO public.distritos VALUES ('160604', 'Pampa Hermosa', '1606', '16') ON CONFLICT DO NOTHING;
INSERT INTO public.distritos VALUES ('160605', 'Sarayacu', '1606', '16') ON CONFLICT DO NOTHING;
INSERT INTO public.distritos VALUES ('160606', 'Vargas Guerra', '1606', '16') ON CONFLICT DO NOTHING;
INSERT INTO public.distritos VALUES ('160701', 'Barranca', '1607', '16') ON CONFLICT DO NOTHING;
INSERT INTO public.distritos VALUES ('160702', 'Cahuapanas', '1607', '16') ON CONFLICT DO NOTHING;
INSERT INTO public.distritos VALUES ('160703', 'Manseriche', '1607', '16') ON CONFLICT DO NOTHING;
INSERT INTO public.distritos VALUES ('160704', 'Morona', '1607', '16') ON CONFLICT DO NOTHING;
INSERT INTO public.distritos VALUES ('160705', 'Pastaza', '1607', '16') ON CONFLICT DO NOTHING;
INSERT INTO public.distritos VALUES ('160706', 'Andoas', '1607', '16') ON CONFLICT DO NOTHING;
INSERT INTO public.distritos VALUES ('160801', 'Putumayo', '1608', '16') ON CONFLICT DO NOTHING;
INSERT INTO public.distritos VALUES ('160802', 'Rosa Panduro', '1608', '16') ON CONFLICT DO NOTHING;
INSERT INTO public.distritos VALUES ('160803', 'Teniente Manuel Clavero', '1608', '16') ON CONFLICT DO NOTHING;
INSERT INTO public.distritos VALUES ('160804', 'Yaguas', '1608', '16') ON CONFLICT DO NOTHING;
INSERT INTO public.distritos VALUES ('170101', 'Tambopata', '1701', '17') ON CONFLICT DO NOTHING;
INSERT INTO public.distritos VALUES ('170102', 'Inambari', '1701', '17') ON CONFLICT DO NOTHING;
INSERT INTO public.distritos VALUES ('170103', 'Las Piedras', '1701', '17') ON CONFLICT DO NOTHING;
INSERT INTO public.distritos VALUES ('170104', 'Laberinto', '1701', '17') ON CONFLICT DO NOTHING;
INSERT INTO public.distritos VALUES ('170201', 'Manu', '1702', '17') ON CONFLICT DO NOTHING;
INSERT INTO public.distritos VALUES ('170202', 'Fitzcarrald', '1702', '17') ON CONFLICT DO NOTHING;
INSERT INTO public.distritos VALUES ('170203', 'Madre de Dios', '1702', '17') ON CONFLICT DO NOTHING;
INSERT INTO public.distritos VALUES ('170204', 'Huepetuhe', '1702', '17') ON CONFLICT DO NOTHING;
INSERT INTO public.distritos VALUES ('170301', 'Iñapari', '1703', '17') ON CONFLICT DO NOTHING;
INSERT INTO public.distritos VALUES ('170302', 'Iberia', '1703', '17') ON CONFLICT DO NOTHING;
INSERT INTO public.distritos VALUES ('170303', 'Tahuamanu', '1703', '17') ON CONFLICT DO NOTHING;
INSERT INTO public.distritos VALUES ('180101', 'Moquegua', '1801', '18') ON CONFLICT DO NOTHING;
INSERT INTO public.distritos VALUES ('180102', 'Carumas', '1801', '18') ON CONFLICT DO NOTHING;
INSERT INTO public.distritos VALUES ('180103', 'Cuchumbaya', '1801', '18') ON CONFLICT DO NOTHING;
INSERT INTO public.distritos VALUES ('180104', 'Samegua', '1801', '18') ON CONFLICT DO NOTHING;
INSERT INTO public.distritos VALUES ('180105', 'San Cristóbal', '1801', '18') ON CONFLICT DO NOTHING;
INSERT INTO public.distritos VALUES ('180106', 'Torata', '1801', '18') ON CONFLICT DO NOTHING;
INSERT INTO public.distritos VALUES ('180201', 'Omate', '1802', '18') ON CONFLICT DO NOTHING;
INSERT INTO public.distritos VALUES ('180202', 'Chojata', '1802', '18') ON CONFLICT DO NOTHING;
INSERT INTO public.distritos VALUES ('180203', 'Coalaque', '1802', '18') ON CONFLICT DO NOTHING;
INSERT INTO public.distritos VALUES ('180204', 'Ichuña', '1802', '18') ON CONFLICT DO NOTHING;
INSERT INTO public.distritos VALUES ('180205', 'La Capilla', '1802', '18') ON CONFLICT DO NOTHING;
INSERT INTO public.distritos VALUES ('180206', 'Lloque', '1802', '18') ON CONFLICT DO NOTHING;
INSERT INTO public.distritos VALUES ('180207', 'Matalaque', '1802', '18') ON CONFLICT DO NOTHING;
INSERT INTO public.distritos VALUES ('180208', 'Puquina', '1802', '18') ON CONFLICT DO NOTHING;
INSERT INTO public.distritos VALUES ('180209', 'Quinistaquillas', '1802', '18') ON CONFLICT DO NOTHING;
INSERT INTO public.distritos VALUES ('180210', 'Ubinas', '1802', '18') ON CONFLICT DO NOTHING;
INSERT INTO public.distritos VALUES ('180211', 'Yunga', '1802', '18') ON CONFLICT DO NOTHING;
INSERT INTO public.distritos VALUES ('180301', 'Ilo', '1803', '18') ON CONFLICT DO NOTHING;
INSERT INTO public.distritos VALUES ('180302', 'El Algarrobal', '1803', '18') ON CONFLICT DO NOTHING;
INSERT INTO public.distritos VALUES ('180303', 'Pacocha', '1803', '18') ON CONFLICT DO NOTHING;
INSERT INTO public.distritos VALUES ('190101', 'Chaupimarca', '1901', '19') ON CONFLICT DO NOTHING;
INSERT INTO public.distritos VALUES ('190102', 'Huachon', '1901', '19') ON CONFLICT DO NOTHING;
INSERT INTO public.distritos VALUES ('190103', 'Huariaca', '1901', '19') ON CONFLICT DO NOTHING;
INSERT INTO public.distritos VALUES ('190104', 'Huayllay', '1901', '19') ON CONFLICT DO NOTHING;
INSERT INTO public.distritos VALUES ('190105', 'Ninacaca', '1901', '19') ON CONFLICT DO NOTHING;
INSERT INTO public.distritos VALUES ('190106', 'Pallanchacra', '1901', '19') ON CONFLICT DO NOTHING;
INSERT INTO public.distritos VALUES ('190107', 'Paucartambo', '1901', '19') ON CONFLICT DO NOTHING;
INSERT INTO public.distritos VALUES ('190108', 'San Francisco de Asís de Yarusyacan', '1901', '19') ON CONFLICT DO NOTHING;
INSERT INTO public.distritos VALUES ('190109', 'Simon Bolívar', '1901', '19') ON CONFLICT DO NOTHING;
INSERT INTO public.distritos VALUES ('190110', 'Ticlacayan', '1901', '19') ON CONFLICT DO NOTHING;
INSERT INTO public.distritos VALUES ('190111', 'Tinyahuarco', '1901', '19') ON CONFLICT DO NOTHING;
INSERT INTO public.distritos VALUES ('190112', 'Vicco', '1901', '19') ON CONFLICT DO NOTHING;
INSERT INTO public.distritos VALUES ('190113', 'Yanacancha', '1901', '19') ON CONFLICT DO NOTHING;
INSERT INTO public.distritos VALUES ('190201', 'Yanahuanca', '1902', '19') ON CONFLICT DO NOTHING;
INSERT INTO public.distritos VALUES ('190202', 'Chacayan', '1902', '19') ON CONFLICT DO NOTHING;
INSERT INTO public.distritos VALUES ('190203', 'Goyllarisquizga', '1902', '19') ON CONFLICT DO NOTHING;
INSERT INTO public.distritos VALUES ('190204', 'Paucar', '1902', '19') ON CONFLICT DO NOTHING;
INSERT INTO public.distritos VALUES ('190205', 'San Pedro de Pillao', '1902', '19') ON CONFLICT DO NOTHING;
INSERT INTO public.distritos VALUES ('190206', 'Santa Ana de Tusi', '1902', '19') ON CONFLICT DO NOTHING;
INSERT INTO public.distritos VALUES ('190207', 'Tapuc', '1902', '19') ON CONFLICT DO NOTHING;
INSERT INTO public.distritos VALUES ('190208', 'Vilcabamba', '1902', '19') ON CONFLICT DO NOTHING;
INSERT INTO public.distritos VALUES ('190301', 'Oxapampa', '1903', '19') ON CONFLICT DO NOTHING;
INSERT INTO public.distritos VALUES ('190302', 'Chontabamba', '1903', '19') ON CONFLICT DO NOTHING;
INSERT INTO public.distritos VALUES ('190303', 'Huancabamba', '1903', '19') ON CONFLICT DO NOTHING;
INSERT INTO public.distritos VALUES ('190304', 'Palcazu', '1903', '19') ON CONFLICT DO NOTHING;
INSERT INTO public.distritos VALUES ('190305', 'Pozuzo', '1903', '19') ON CONFLICT DO NOTHING;
INSERT INTO public.distritos VALUES ('190306', 'Puerto Bermúdez', '1903', '19') ON CONFLICT DO NOTHING;
INSERT INTO public.distritos VALUES ('190307', 'Villa Rica', '1903', '19') ON CONFLICT DO NOTHING;
INSERT INTO public.distritos VALUES ('190308', 'Constitución', '1903', '19') ON CONFLICT DO NOTHING;
INSERT INTO public.distritos VALUES ('200101', 'Piura', '2001', '20') ON CONFLICT DO NOTHING;
INSERT INTO public.distritos VALUES ('200104', 'Castilla', '2001', '20') ON CONFLICT DO NOTHING;
INSERT INTO public.distritos VALUES ('200105', 'Catacaos', '2001', '20') ON CONFLICT DO NOTHING;
INSERT INTO public.distritos VALUES ('200107', 'Cura Mori', '2001', '20') ON CONFLICT DO NOTHING;
INSERT INTO public.distritos VALUES ('200108', 'El Tallan', '2001', '20') ON CONFLICT DO NOTHING;
INSERT INTO public.distritos VALUES ('200109', 'La Arena', '2001', '20') ON CONFLICT DO NOTHING;
INSERT INTO public.distritos VALUES ('200110', 'La Unión', '2001', '20') ON CONFLICT DO NOTHING;
INSERT INTO public.distritos VALUES ('200111', 'Las Lomas', '2001', '20') ON CONFLICT DO NOTHING;
INSERT INTO public.distritos VALUES ('200114', 'Tambo Grande', '2001', '20') ON CONFLICT DO NOTHING;
INSERT INTO public.distritos VALUES ('200115', 'Veintiseis de Octubre', '2001', '20') ON CONFLICT DO NOTHING;
INSERT INTO public.distritos VALUES ('200201', 'Ayabaca', '2002', '20') ON CONFLICT DO NOTHING;
INSERT INTO public.distritos VALUES ('200202', 'Frias', '2002', '20') ON CONFLICT DO NOTHING;
INSERT INTO public.distritos VALUES ('200203', 'Jilili', '2002', '20') ON CONFLICT DO NOTHING;
INSERT INTO public.distritos VALUES ('200204', 'Lagunas', '2002', '20') ON CONFLICT DO NOTHING;
INSERT INTO public.distritos VALUES ('200205', 'Montero', '2002', '20') ON CONFLICT DO NOTHING;
INSERT INTO public.distritos VALUES ('200206', 'Pacaipampa', '2002', '20') ON CONFLICT DO NOTHING;
INSERT INTO public.distritos VALUES ('200207', 'Paimas', '2002', '20') ON CONFLICT DO NOTHING;
INSERT INTO public.distritos VALUES ('200208', 'Sapillica', '2002', '20') ON CONFLICT DO NOTHING;
INSERT INTO public.distritos VALUES ('200209', 'Sicchez', '2002', '20') ON CONFLICT DO NOTHING;
INSERT INTO public.distritos VALUES ('200210', 'Suyo', '2002', '20') ON CONFLICT DO NOTHING;
INSERT INTO public.distritos VALUES ('200301', 'Huancabamba', '2003', '20') ON CONFLICT DO NOTHING;
INSERT INTO public.distritos VALUES ('200302', 'Canchaque', '2003', '20') ON CONFLICT DO NOTHING;
INSERT INTO public.distritos VALUES ('200303', 'El Carmen de la Frontera', '2003', '20') ON CONFLICT DO NOTHING;
INSERT INTO public.distritos VALUES ('200304', 'Huarmaca', '2003', '20') ON CONFLICT DO NOTHING;
INSERT INTO public.distritos VALUES ('200305', 'Lalaquiz', '2003', '20') ON CONFLICT DO NOTHING;
INSERT INTO public.distritos VALUES ('200306', 'San Miguel de El Faique', '2003', '20') ON CONFLICT DO NOTHING;
INSERT INTO public.distritos VALUES ('200307', 'Sondor', '2003', '20') ON CONFLICT DO NOTHING;
INSERT INTO public.distritos VALUES ('200308', 'Sondorillo', '2003', '20') ON CONFLICT DO NOTHING;
INSERT INTO public.distritos VALUES ('200401', 'Chulucanas', '2004', '20') ON CONFLICT DO NOTHING;
INSERT INTO public.distritos VALUES ('200402', 'Buenos Aires', '2004', '20') ON CONFLICT DO NOTHING;
INSERT INTO public.distritos VALUES ('200403', 'Chalaco', '2004', '20') ON CONFLICT DO NOTHING;
INSERT INTO public.distritos VALUES ('200404', 'La Matanza', '2004', '20') ON CONFLICT DO NOTHING;
INSERT INTO public.distritos VALUES ('200405', 'Morropon', '2004', '20') ON CONFLICT DO NOTHING;
INSERT INTO public.distritos VALUES ('200406', 'Salitral', '2004', '20') ON CONFLICT DO NOTHING;
INSERT INTO public.distritos VALUES ('200407', 'San Juan de Bigote', '2004', '20') ON CONFLICT DO NOTHING;
INSERT INTO public.distritos VALUES ('200408', 'Santa Catalina de Mossa', '2004', '20') ON CONFLICT DO NOTHING;
INSERT INTO public.distritos VALUES ('200409', 'Santo Domingo', '2004', '20') ON CONFLICT DO NOTHING;
INSERT INTO public.distritos VALUES ('200410', 'Yamango', '2004', '20') ON CONFLICT DO NOTHING;
INSERT INTO public.distritos VALUES ('200501', 'Paita', '2005', '20') ON CONFLICT DO NOTHING;
INSERT INTO public.distritos VALUES ('200502', 'Amotape', '2005', '20') ON CONFLICT DO NOTHING;
INSERT INTO public.distritos VALUES ('200503', 'Arenal', '2005', '20') ON CONFLICT DO NOTHING;
INSERT INTO public.distritos VALUES ('200504', 'Colan', '2005', '20') ON CONFLICT DO NOTHING;
INSERT INTO public.distritos VALUES ('200505', 'La Huaca', '2005', '20') ON CONFLICT DO NOTHING;
INSERT INTO public.distritos VALUES ('200506', 'Tamarindo', '2005', '20') ON CONFLICT DO NOTHING;
INSERT INTO public.distritos VALUES ('200507', 'Vichayal', '2005', '20') ON CONFLICT DO NOTHING;
INSERT INTO public.distritos VALUES ('200601', 'Sullana', '2006', '20') ON CONFLICT DO NOTHING;
INSERT INTO public.distritos VALUES ('200602', 'Bellavista', '2006', '20') ON CONFLICT DO NOTHING;
INSERT INTO public.distritos VALUES ('200603', 'Ignacio Escudero', '2006', '20') ON CONFLICT DO NOTHING;
INSERT INTO public.distritos VALUES ('200604', 'Lancones', '2006', '20') ON CONFLICT DO NOTHING;
INSERT INTO public.distritos VALUES ('200605', 'Marcavelica', '2006', '20') ON CONFLICT DO NOTHING;
INSERT INTO public.distritos VALUES ('200606', 'Miguel Checa', '2006', '20') ON CONFLICT DO NOTHING;
INSERT INTO public.distritos VALUES ('200607', 'Querecotillo', '2006', '20') ON CONFLICT DO NOTHING;
INSERT INTO public.distritos VALUES ('200608', 'Salitral', '2006', '20') ON CONFLICT DO NOTHING;
INSERT INTO public.distritos VALUES ('200701', 'Pariñas', '2007', '20') ON CONFLICT DO NOTHING;
INSERT INTO public.distritos VALUES ('200702', 'El Alto', '2007', '20') ON CONFLICT DO NOTHING;
INSERT INTO public.distritos VALUES ('200703', 'La Brea', '2007', '20') ON CONFLICT DO NOTHING;
INSERT INTO public.distritos VALUES ('200704', 'Lobitos', '2007', '20') ON CONFLICT DO NOTHING;
INSERT INTO public.distritos VALUES ('200705', 'Los Organos', '2007', '20') ON CONFLICT DO NOTHING;
INSERT INTO public.distritos VALUES ('200706', 'Mancora', '2007', '20') ON CONFLICT DO NOTHING;
INSERT INTO public.distritos VALUES ('200801', 'Sechura', '2008', '20') ON CONFLICT DO NOTHING;
INSERT INTO public.distritos VALUES ('200802', 'Bellavista de la Unión', '2008', '20') ON CONFLICT DO NOTHING;
INSERT INTO public.distritos VALUES ('200803', 'Bernal', '2008', '20') ON CONFLICT DO NOTHING;
INSERT INTO public.distritos VALUES ('200804', 'Cristo Nos Valga', '2008', '20') ON CONFLICT DO NOTHING;
INSERT INTO public.distritos VALUES ('200805', 'Vice', '2008', '20') ON CONFLICT DO NOTHING;
INSERT INTO public.distritos VALUES ('200806', 'Rinconada Llicuar', '2008', '20') ON CONFLICT DO NOTHING;
INSERT INTO public.distritos VALUES ('210101', 'Puno', '2101', '21') ON CONFLICT DO NOTHING;
INSERT INTO public.distritos VALUES ('210102', 'Acora', '2101', '21') ON CONFLICT DO NOTHING;
INSERT INTO public.distritos VALUES ('210103', 'Amantani', '2101', '21') ON CONFLICT DO NOTHING;
INSERT INTO public.distritos VALUES ('210104', 'Atuncolla', '2101', '21') ON CONFLICT DO NOTHING;
INSERT INTO public.distritos VALUES ('210105', 'Capachica', '2101', '21') ON CONFLICT DO NOTHING;
INSERT INTO public.distritos VALUES ('210106', 'Chucuito', '2101', '21') ON CONFLICT DO NOTHING;
INSERT INTO public.distritos VALUES ('210107', 'Coata', '2101', '21') ON CONFLICT DO NOTHING;
INSERT INTO public.distritos VALUES ('210108', 'Huata', '2101', '21') ON CONFLICT DO NOTHING;
INSERT INTO public.distritos VALUES ('210109', 'Mañazo', '2101', '21') ON CONFLICT DO NOTHING;
INSERT INTO public.distritos VALUES ('210110', 'Paucarcolla', '2101', '21') ON CONFLICT DO NOTHING;
INSERT INTO public.distritos VALUES ('210111', 'Pichacani', '2101', '21') ON CONFLICT DO NOTHING;
INSERT INTO public.distritos VALUES ('210112', 'Plateria', '2101', '21') ON CONFLICT DO NOTHING;
INSERT INTO public.distritos VALUES ('210113', 'San Antonio', '2101', '21') ON CONFLICT DO NOTHING;
INSERT INTO public.distritos VALUES ('210114', 'Tiquillaca', '2101', '21') ON CONFLICT DO NOTHING;
INSERT INTO public.distritos VALUES ('210115', 'Vilque', '2101', '21') ON CONFLICT DO NOTHING;
INSERT INTO public.distritos VALUES ('210201', 'Azángaro', '2102', '21') ON CONFLICT DO NOTHING;
INSERT INTO public.distritos VALUES ('210202', 'Achaya', '2102', '21') ON CONFLICT DO NOTHING;
INSERT INTO public.distritos VALUES ('210203', 'Arapa', '2102', '21') ON CONFLICT DO NOTHING;
INSERT INTO public.distritos VALUES ('210204', 'Asillo', '2102', '21') ON CONFLICT DO NOTHING;
INSERT INTO public.distritos VALUES ('210205', 'Caminaca', '2102', '21') ON CONFLICT DO NOTHING;
INSERT INTO public.distritos VALUES ('210206', 'Chupa', '2102', '21') ON CONFLICT DO NOTHING;
INSERT INTO public.distritos VALUES ('210207', 'José Domingo Choquehuanca', '2102', '21') ON CONFLICT DO NOTHING;
INSERT INTO public.distritos VALUES ('210208', 'Muñani', '2102', '21') ON CONFLICT DO NOTHING;
INSERT INTO public.distritos VALUES ('210209', 'Potoni', '2102', '21') ON CONFLICT DO NOTHING;
INSERT INTO public.distritos VALUES ('210210', 'Saman', '2102', '21') ON CONFLICT DO NOTHING;
INSERT INTO public.distritos VALUES ('210211', 'San Anton', '2102', '21') ON CONFLICT DO NOTHING;
INSERT INTO public.distritos VALUES ('210212', 'San José', '2102', '21') ON CONFLICT DO NOTHING;
INSERT INTO public.distritos VALUES ('210213', 'San Juan de Salinas', '2102', '21') ON CONFLICT DO NOTHING;
INSERT INTO public.distritos VALUES ('210214', 'Santiago de Pupuja', '2102', '21') ON CONFLICT DO NOTHING;
INSERT INTO public.distritos VALUES ('210215', 'Tirapata', '2102', '21') ON CONFLICT DO NOTHING;
INSERT INTO public.distritos VALUES ('210301', 'Macusani', '2103', '21') ON CONFLICT DO NOTHING;
INSERT INTO public.distritos VALUES ('210302', 'Ajoyani', '2103', '21') ON CONFLICT DO NOTHING;
INSERT INTO public.distritos VALUES ('210303', 'Ayapata', '2103', '21') ON CONFLICT DO NOTHING;
INSERT INTO public.distritos VALUES ('210304', 'Coasa', '2103', '21') ON CONFLICT DO NOTHING;
INSERT INTO public.distritos VALUES ('210305', 'Corani', '2103', '21') ON CONFLICT DO NOTHING;
INSERT INTO public.distritos VALUES ('210306', 'Crucero', '2103', '21') ON CONFLICT DO NOTHING;
INSERT INTO public.distritos VALUES ('210307', 'Ituata', '2103', '21') ON CONFLICT DO NOTHING;
INSERT INTO public.distritos VALUES ('210308', 'Ollachea', '2103', '21') ON CONFLICT DO NOTHING;
INSERT INTO public.distritos VALUES ('210309', 'San Gaban', '2103', '21') ON CONFLICT DO NOTHING;
INSERT INTO public.distritos VALUES ('210310', 'Usicayos', '2103', '21') ON CONFLICT DO NOTHING;
INSERT INTO public.distritos VALUES ('210401', 'Juli', '2104', '21') ON CONFLICT DO NOTHING;
INSERT INTO public.distritos VALUES ('210402', 'Desaguadero', '2104', '21') ON CONFLICT DO NOTHING;
INSERT INTO public.distritos VALUES ('210403', 'Huacullani', '2104', '21') ON CONFLICT DO NOTHING;
INSERT INTO public.distritos VALUES ('210404', 'Kelluyo', '2104', '21') ON CONFLICT DO NOTHING;
INSERT INTO public.distritos VALUES ('210405', 'Pisacoma', '2104', '21') ON CONFLICT DO NOTHING;
INSERT INTO public.distritos VALUES ('210406', 'Pomata', '2104', '21') ON CONFLICT DO NOTHING;
INSERT INTO public.distritos VALUES ('210407', 'Zepita', '2104', '21') ON CONFLICT DO NOTHING;
INSERT INTO public.distritos VALUES ('210501', 'Ilave', '2105', '21') ON CONFLICT DO NOTHING;
INSERT INTO public.distritos VALUES ('210502', 'Capazo', '2105', '21') ON CONFLICT DO NOTHING;
INSERT INTO public.distritos VALUES ('210503', 'Pilcuyo', '2105', '21') ON CONFLICT DO NOTHING;
INSERT INTO public.distritos VALUES ('210504', 'Santa Rosa', '2105', '21') ON CONFLICT DO NOTHING;
INSERT INTO public.distritos VALUES ('210505', 'Conduriri', '2105', '21') ON CONFLICT DO NOTHING;
INSERT INTO public.distritos VALUES ('210601', 'Huancane', '2106', '21') ON CONFLICT DO NOTHING;
INSERT INTO public.distritos VALUES ('210602', 'Cojata', '2106', '21') ON CONFLICT DO NOTHING;
INSERT INTO public.distritos VALUES ('210603', 'Huatasani', '2106', '21') ON CONFLICT DO NOTHING;
INSERT INTO public.distritos VALUES ('210604', 'Inchupalla', '2106', '21') ON CONFLICT DO NOTHING;
INSERT INTO public.distritos VALUES ('210605', 'Pusi', '2106', '21') ON CONFLICT DO NOTHING;
INSERT INTO public.distritos VALUES ('210606', 'Rosaspata', '2106', '21') ON CONFLICT DO NOTHING;
INSERT INTO public.distritos VALUES ('210607', 'Taraco', '2106', '21') ON CONFLICT DO NOTHING;
INSERT INTO public.distritos VALUES ('210608', 'Vilque Chico', '2106', '21') ON CONFLICT DO NOTHING;
INSERT INTO public.distritos VALUES ('210701', 'Lampa', '2107', '21') ON CONFLICT DO NOTHING;
INSERT INTO public.distritos VALUES ('210702', 'Cabanilla', '2107', '21') ON CONFLICT DO NOTHING;
INSERT INTO public.distritos VALUES ('210703', 'Calapuja', '2107', '21') ON CONFLICT DO NOTHING;
INSERT INTO public.distritos VALUES ('210704', 'Nicasio', '2107', '21') ON CONFLICT DO NOTHING;
INSERT INTO public.distritos VALUES ('210705', 'Ocuviri', '2107', '21') ON CONFLICT DO NOTHING;
INSERT INTO public.distritos VALUES ('210706', 'Palca', '2107', '21') ON CONFLICT DO NOTHING;
INSERT INTO public.distritos VALUES ('210707', 'Paratia', '2107', '21') ON CONFLICT DO NOTHING;
INSERT INTO public.distritos VALUES ('210708', 'Pucara', '2107', '21') ON CONFLICT DO NOTHING;
INSERT INTO public.distritos VALUES ('210709', 'Santa Lucia', '2107', '21') ON CONFLICT DO NOTHING;
INSERT INTO public.distritos VALUES ('210710', 'Vilavila', '2107', '21') ON CONFLICT DO NOTHING;
INSERT INTO public.distritos VALUES ('210801', 'Ayaviri', '2108', '21') ON CONFLICT DO NOTHING;
INSERT INTO public.distritos VALUES ('210802', 'Antauta', '2108', '21') ON CONFLICT DO NOTHING;
INSERT INTO public.distritos VALUES ('210803', 'Cupi', '2108', '21') ON CONFLICT DO NOTHING;
INSERT INTO public.distritos VALUES ('210804', 'Llalli', '2108', '21') ON CONFLICT DO NOTHING;
INSERT INTO public.distritos VALUES ('210805', 'Macari', '2108', '21') ON CONFLICT DO NOTHING;
INSERT INTO public.distritos VALUES ('210806', 'Nuñoa', '2108', '21') ON CONFLICT DO NOTHING;
INSERT INTO public.distritos VALUES ('210807', 'Orurillo', '2108', '21') ON CONFLICT DO NOTHING;
INSERT INTO public.distritos VALUES ('210808', 'Santa Rosa', '2108', '21') ON CONFLICT DO NOTHING;
INSERT INTO public.distritos VALUES ('210809', 'Umachiri', '2108', '21') ON CONFLICT DO NOTHING;
INSERT INTO public.distritos VALUES ('210901', 'Moho', '2109', '21') ON CONFLICT DO NOTHING;
INSERT INTO public.distritos VALUES ('210902', 'Conima', '2109', '21') ON CONFLICT DO NOTHING;
INSERT INTO public.distritos VALUES ('210903', 'Huayrapata', '2109', '21') ON CONFLICT DO NOTHING;
INSERT INTO public.distritos VALUES ('210904', 'Tilali', '2109', '21') ON CONFLICT DO NOTHING;
INSERT INTO public.distritos VALUES ('211001', 'Putina', '2110', '21') ON CONFLICT DO NOTHING;
INSERT INTO public.distritos VALUES ('211002', 'Ananea', '2110', '21') ON CONFLICT DO NOTHING;
INSERT INTO public.distritos VALUES ('211003', 'Pedro Vilca Apaza', '2110', '21') ON CONFLICT DO NOTHING;
INSERT INTO public.distritos VALUES ('211004', 'Quilcapuncu', '2110', '21') ON CONFLICT DO NOTHING;
INSERT INTO public.distritos VALUES ('211005', 'Sina', '2110', '21') ON CONFLICT DO NOTHING;
INSERT INTO public.distritos VALUES ('211101', 'Juliaca', '2111', '21') ON CONFLICT DO NOTHING;
INSERT INTO public.distritos VALUES ('211102', 'Cabana', '2111', '21') ON CONFLICT DO NOTHING;
INSERT INTO public.distritos VALUES ('211103', 'Cabanillas', '2111', '21') ON CONFLICT DO NOTHING;
INSERT INTO public.distritos VALUES ('211104', 'Caracoto', '2111', '21') ON CONFLICT DO NOTHING;
INSERT INTO public.distritos VALUES ('211105', 'San Miguel', '2111', '21') ON CONFLICT DO NOTHING;
INSERT INTO public.distritos VALUES ('211201', 'Sandia', '2112', '21') ON CONFLICT DO NOTHING;
INSERT INTO public.distritos VALUES ('211202', 'Cuyocuyo', '2112', '21') ON CONFLICT DO NOTHING;
INSERT INTO public.distritos VALUES ('211203', 'Limbani', '2112', '21') ON CONFLICT DO NOTHING;
INSERT INTO public.distritos VALUES ('211204', 'Patambuco', '2112', '21') ON CONFLICT DO NOTHING;
INSERT INTO public.distritos VALUES ('211205', 'Phara', '2112', '21') ON CONFLICT DO NOTHING;
INSERT INTO public.distritos VALUES ('211206', 'Quiaca', '2112', '21') ON CONFLICT DO NOTHING;
INSERT INTO public.distritos VALUES ('211207', 'San Juan del Oro', '2112', '21') ON CONFLICT DO NOTHING;
INSERT INTO public.distritos VALUES ('211208', 'Yanahuaya', '2112', '21') ON CONFLICT DO NOTHING;
INSERT INTO public.distritos VALUES ('211209', 'Alto Inambari', '2112', '21') ON CONFLICT DO NOTHING;
INSERT INTO public.distritos VALUES ('211210', 'San Pedro de Putina Punco', '2112', '21') ON CONFLICT DO NOTHING;
INSERT INTO public.distritos VALUES ('211301', 'Yunguyo', '2113', '21') ON CONFLICT DO NOTHING;
INSERT INTO public.distritos VALUES ('211302', 'Anapia', '2113', '21') ON CONFLICT DO NOTHING;
INSERT INTO public.distritos VALUES ('211303', 'Copani', '2113', '21') ON CONFLICT DO NOTHING;
INSERT INTO public.distritos VALUES ('211304', 'Cuturapi', '2113', '21') ON CONFLICT DO NOTHING;
INSERT INTO public.distritos VALUES ('211305', 'Ollaraya', '2113', '21') ON CONFLICT DO NOTHING;
INSERT INTO public.distritos VALUES ('211306', 'Tinicachi', '2113', '21') ON CONFLICT DO NOTHING;
INSERT INTO public.distritos VALUES ('211307', 'Unicachi', '2113', '21') ON CONFLICT DO NOTHING;
INSERT INTO public.distritos VALUES ('220101', 'Moyobamba', '2201', '22') ON CONFLICT DO NOTHING;
INSERT INTO public.distritos VALUES ('220102', 'Calzada', '2201', '22') ON CONFLICT DO NOTHING;
INSERT INTO public.distritos VALUES ('220103', 'Habana', '2201', '22') ON CONFLICT DO NOTHING;
INSERT INTO public.distritos VALUES ('220104', 'Jepelacio', '2201', '22') ON CONFLICT DO NOTHING;
INSERT INTO public.distritos VALUES ('220105', 'Soritor', '2201', '22') ON CONFLICT DO NOTHING;
INSERT INTO public.distritos VALUES ('220106', 'Yantalo', '2201', '22') ON CONFLICT DO NOTHING;
INSERT INTO public.distritos VALUES ('220201', 'Bellavista', '2202', '22') ON CONFLICT DO NOTHING;
INSERT INTO public.distritos VALUES ('220202', 'Alto Biavo', '2202', '22') ON CONFLICT DO NOTHING;
INSERT INTO public.distritos VALUES ('220203', 'Bajo Biavo', '2202', '22') ON CONFLICT DO NOTHING;
INSERT INTO public.distritos VALUES ('220204', 'Huallaga', '2202', '22') ON CONFLICT DO NOTHING;
INSERT INTO public.distritos VALUES ('220205', 'San Pablo', '2202', '22') ON CONFLICT DO NOTHING;
INSERT INTO public.distritos VALUES ('220206', 'San Rafael', '2202', '22') ON CONFLICT DO NOTHING;
INSERT INTO public.distritos VALUES ('220301', 'San José de Sisa', '2203', '22') ON CONFLICT DO NOTHING;
INSERT INTO public.distritos VALUES ('220302', 'Agua Blanca', '2203', '22') ON CONFLICT DO NOTHING;
INSERT INTO public.distritos VALUES ('220303', 'San Martín', '2203', '22') ON CONFLICT DO NOTHING;
INSERT INTO public.distritos VALUES ('220304', 'Santa Rosa', '2203', '22') ON CONFLICT DO NOTHING;
INSERT INTO public.distritos VALUES ('220305', 'Shatoja', '2203', '22') ON CONFLICT DO NOTHING;
INSERT INTO public.distritos VALUES ('220401', 'Saposoa', '2204', '22') ON CONFLICT DO NOTHING;
INSERT INTO public.distritos VALUES ('220402', 'Alto Saposoa', '2204', '22') ON CONFLICT DO NOTHING;
INSERT INTO public.distritos VALUES ('220403', 'El Eslabón', '2204', '22') ON CONFLICT DO NOTHING;
INSERT INTO public.distritos VALUES ('220404', 'Piscoyacu', '2204', '22') ON CONFLICT DO NOTHING;
INSERT INTO public.distritos VALUES ('220405', 'Sacanche', '2204', '22') ON CONFLICT DO NOTHING;
INSERT INTO public.distritos VALUES ('220406', 'Tingo de Saposoa', '2204', '22') ON CONFLICT DO NOTHING;
INSERT INTO public.distritos VALUES ('220501', 'Lamas', '2205', '22') ON CONFLICT DO NOTHING;
INSERT INTO public.distritos VALUES ('220502', 'Alonso de Alvarado', '2205', '22') ON CONFLICT DO NOTHING;
INSERT INTO public.distritos VALUES ('220503', 'Barranquita', '2205', '22') ON CONFLICT DO NOTHING;
INSERT INTO public.distritos VALUES ('220504', 'Caynarachi', '2205', '22') ON CONFLICT DO NOTHING;
INSERT INTO public.distritos VALUES ('220505', 'Cuñumbuqui', '2205', '22') ON CONFLICT DO NOTHING;
INSERT INTO public.distritos VALUES ('220506', 'Pinto Recodo', '2205', '22') ON CONFLICT DO NOTHING;
INSERT INTO public.distritos VALUES ('220507', 'Rumisapa', '2205', '22') ON CONFLICT DO NOTHING;
INSERT INTO public.distritos VALUES ('220508', 'San Roque de Cumbaza', '2205', '22') ON CONFLICT DO NOTHING;
INSERT INTO public.distritos VALUES ('220509', 'Shanao', '2205', '22') ON CONFLICT DO NOTHING;
INSERT INTO public.distritos VALUES ('220510', 'Tabalosos', '2205', '22') ON CONFLICT DO NOTHING;
INSERT INTO public.distritos VALUES ('220511', 'Zapatero', '2205', '22') ON CONFLICT DO NOTHING;
INSERT INTO public.distritos VALUES ('220601', 'Juanjuí', '2206', '22') ON CONFLICT DO NOTHING;
INSERT INTO public.distritos VALUES ('220602', 'Campanilla', '2206', '22') ON CONFLICT DO NOTHING;
INSERT INTO public.distritos VALUES ('220603', 'Huicungo', '2206', '22') ON CONFLICT DO NOTHING;
INSERT INTO public.distritos VALUES ('220604', 'Pachiza', '2206', '22') ON CONFLICT DO NOTHING;
INSERT INTO public.distritos VALUES ('220605', 'Pajarillo', '2206', '22') ON CONFLICT DO NOTHING;
INSERT INTO public.distritos VALUES ('220701', 'Picota', '2207', '22') ON CONFLICT DO NOTHING;
INSERT INTO public.distritos VALUES ('220702', 'Buenos Aires', '2207', '22') ON CONFLICT DO NOTHING;
INSERT INTO public.distritos VALUES ('220703', 'Caspisapa', '2207', '22') ON CONFLICT DO NOTHING;
INSERT INTO public.distritos VALUES ('220704', 'Pilluana', '2207', '22') ON CONFLICT DO NOTHING;
INSERT INTO public.distritos VALUES ('220705', 'Pucacaca', '2207', '22') ON CONFLICT DO NOTHING;
INSERT INTO public.distritos VALUES ('220706', 'San Cristóbal', '2207', '22') ON CONFLICT DO NOTHING;
INSERT INTO public.distritos VALUES ('220707', 'San Hilarión', '2207', '22') ON CONFLICT DO NOTHING;
INSERT INTO public.distritos VALUES ('220708', 'Shamboyacu', '2207', '22') ON CONFLICT DO NOTHING;
INSERT INTO public.distritos VALUES ('220709', 'Tingo de Ponasa', '2207', '22') ON CONFLICT DO NOTHING;
INSERT INTO public.distritos VALUES ('220710', 'Tres Unidos', '2207', '22') ON CONFLICT DO NOTHING;
INSERT INTO public.distritos VALUES ('220801', 'Rioja', '2208', '22') ON CONFLICT DO NOTHING;
INSERT INTO public.distritos VALUES ('220802', 'Awajun', '2208', '22') ON CONFLICT DO NOTHING;
INSERT INTO public.distritos VALUES ('220803', 'Elías Soplin Vargas', '2208', '22') ON CONFLICT DO NOTHING;
INSERT INTO public.distritos VALUES ('220804', 'Nueva Cajamarca', '2208', '22') ON CONFLICT DO NOTHING;
INSERT INTO public.distritos VALUES ('220805', 'Pardo Miguel', '2208', '22') ON CONFLICT DO NOTHING;
INSERT INTO public.distritos VALUES ('220806', 'Posic', '2208', '22') ON CONFLICT DO NOTHING;
INSERT INTO public.distritos VALUES ('220807', 'San Fernando', '2208', '22') ON CONFLICT DO NOTHING;
INSERT INTO public.distritos VALUES ('220808', 'Yorongos', '2208', '22') ON CONFLICT DO NOTHING;
INSERT INTO public.distritos VALUES ('220809', 'Yuracyacu', '2208', '22') ON CONFLICT DO NOTHING;
INSERT INTO public.distritos VALUES ('220901', 'Tarapoto', '2209', '22') ON CONFLICT DO NOTHING;
INSERT INTO public.distritos VALUES ('220902', 'Alberto Leveau', '2209', '22') ON CONFLICT DO NOTHING;
INSERT INTO public.distritos VALUES ('220903', 'Cacatachi', '2209', '22') ON CONFLICT DO NOTHING;
INSERT INTO public.distritos VALUES ('220904', 'Chazuta', '2209', '22') ON CONFLICT DO NOTHING;
INSERT INTO public.distritos VALUES ('220905', 'Chipurana', '2209', '22') ON CONFLICT DO NOTHING;
INSERT INTO public.distritos VALUES ('220906', 'El Porvenir', '2209', '22') ON CONFLICT DO NOTHING;
INSERT INTO public.distritos VALUES ('220907', 'Huimbayoc', '2209', '22') ON CONFLICT DO NOTHING;
INSERT INTO public.distritos VALUES ('220908', 'Juan Guerra', '2209', '22') ON CONFLICT DO NOTHING;
INSERT INTO public.distritos VALUES ('220909', 'La Banda de Shilcayo', '2209', '22') ON CONFLICT DO NOTHING;
INSERT INTO public.distritos VALUES ('220910', 'Morales', '2209', '22') ON CONFLICT DO NOTHING;
INSERT INTO public.distritos VALUES ('220911', 'Papaplaya', '2209', '22') ON CONFLICT DO NOTHING;
INSERT INTO public.distritos VALUES ('220912', 'San Antonio', '2209', '22') ON CONFLICT DO NOTHING;
INSERT INTO public.distritos VALUES ('220913', 'Sauce', '2209', '22') ON CONFLICT DO NOTHING;
INSERT INTO public.distritos VALUES ('220914', 'Shapaja', '2209', '22') ON CONFLICT DO NOTHING;
INSERT INTO public.distritos VALUES ('221001', 'Tocache', '2210', '22') ON CONFLICT DO NOTHING;
INSERT INTO public.distritos VALUES ('221002', 'Nuevo Progreso', '2210', '22') ON CONFLICT DO NOTHING;
INSERT INTO public.distritos VALUES ('221003', 'Polvora', '2210', '22') ON CONFLICT DO NOTHING;
INSERT INTO public.distritos VALUES ('221004', 'Shunte', '2210', '22') ON CONFLICT DO NOTHING;
INSERT INTO public.distritos VALUES ('221005', 'Uchiza', '2210', '22') ON CONFLICT DO NOTHING;
INSERT INTO public.distritos VALUES ('230101', 'Tacna', '2301', '23') ON CONFLICT DO NOTHING;
INSERT INTO public.distritos VALUES ('230102', 'Alto de la Alianza', '2301', '23') ON CONFLICT DO NOTHING;
INSERT INTO public.distritos VALUES ('230103', 'Calana', '2301', '23') ON CONFLICT DO NOTHING;
INSERT INTO public.distritos VALUES ('230104', 'Ciudad Nueva', '2301', '23') ON CONFLICT DO NOTHING;
INSERT INTO public.distritos VALUES ('230105', 'Inclan', '2301', '23') ON CONFLICT DO NOTHING;
INSERT INTO public.distritos VALUES ('230106', 'Pachia', '2301', '23') ON CONFLICT DO NOTHING;
INSERT INTO public.distritos VALUES ('230107', 'Palca', '2301', '23') ON CONFLICT DO NOTHING;
INSERT INTO public.distritos VALUES ('230108', 'Pocollay', '2301', '23') ON CONFLICT DO NOTHING;
INSERT INTO public.distritos VALUES ('230109', 'Sama', '2301', '23') ON CONFLICT DO NOTHING;
INSERT INTO public.distritos VALUES ('230110', 'Coronel Gregorio Albarracín Lanchipa', '2301', '23') ON CONFLICT DO NOTHING;
INSERT INTO public.distritos VALUES ('230111', 'La Yarada los Palos', '2301', '23') ON CONFLICT DO NOTHING;
INSERT INTO public.distritos VALUES ('230201', 'Candarave', '2302', '23') ON CONFLICT DO NOTHING;
INSERT INTO public.distritos VALUES ('230202', 'Cairani', '2302', '23') ON CONFLICT DO NOTHING;
INSERT INTO public.distritos VALUES ('230203', 'Camilaca', '2302', '23') ON CONFLICT DO NOTHING;
INSERT INTO public.distritos VALUES ('230204', 'Curibaya', '2302', '23') ON CONFLICT DO NOTHING;
INSERT INTO public.distritos VALUES ('230205', 'Huanuara', '2302', '23') ON CONFLICT DO NOTHING;
INSERT INTO public.distritos VALUES ('230206', 'Quilahuani', '2302', '23') ON CONFLICT DO NOTHING;
INSERT INTO public.distritos VALUES ('230301', 'Locumba', '2303', '23') ON CONFLICT DO NOTHING;
INSERT INTO public.distritos VALUES ('230302', 'Ilabaya', '2303', '23') ON CONFLICT DO NOTHING;
INSERT INTO public.distritos VALUES ('230303', 'Ite', '2303', '23') ON CONFLICT DO NOTHING;
INSERT INTO public.distritos VALUES ('230401', 'Tarata', '2304', '23') ON CONFLICT DO NOTHING;
INSERT INTO public.distritos VALUES ('230402', 'Héroes Albarracín', '2304', '23') ON CONFLICT DO NOTHING;
INSERT INTO public.distritos VALUES ('230403', 'Estique', '2304', '23') ON CONFLICT DO NOTHING;
INSERT INTO public.distritos VALUES ('230404', 'Estique-Pampa', '2304', '23') ON CONFLICT DO NOTHING;
INSERT INTO public.distritos VALUES ('230405', 'Sitajara', '2304', '23') ON CONFLICT DO NOTHING;
INSERT INTO public.distritos VALUES ('230406', 'Susapaya', '2304', '23') ON CONFLICT DO NOTHING;
INSERT INTO public.distritos VALUES ('230407', 'Tarucachi', '2304', '23') ON CONFLICT DO NOTHING;
INSERT INTO public.distritos VALUES ('230408', 'Ticaco', '2304', '23') ON CONFLICT DO NOTHING;
INSERT INTO public.distritos VALUES ('240101', 'Tumbes', '2401', '24') ON CONFLICT DO NOTHING;
INSERT INTO public.distritos VALUES ('240102', 'Corrales', '2401', '24') ON CONFLICT DO NOTHING;
INSERT INTO public.distritos VALUES ('240103', 'La Cruz', '2401', '24') ON CONFLICT DO NOTHING;
INSERT INTO public.distritos VALUES ('240104', 'Pampas de Hospital', '2401', '24') ON CONFLICT DO NOTHING;
INSERT INTO public.distritos VALUES ('240105', 'San Jacinto', '2401', '24') ON CONFLICT DO NOTHING;
INSERT INTO public.distritos VALUES ('240106', 'San Juan de la Virgen', '2401', '24') ON CONFLICT DO NOTHING;
INSERT INTO public.distritos VALUES ('240201', 'Zorritos', '2402', '24') ON CONFLICT DO NOTHING;
INSERT INTO public.distritos VALUES ('240202', 'Casitas', '2402', '24') ON CONFLICT DO NOTHING;
INSERT INTO public.distritos VALUES ('240203', 'Canoas de Punta Sal', '2402', '24') ON CONFLICT DO NOTHING;
INSERT INTO public.distritos VALUES ('240301', 'Zarumilla', '2403', '24') ON CONFLICT DO NOTHING;
INSERT INTO public.distritos VALUES ('240302', 'Aguas Verdes', '2403', '24') ON CONFLICT DO NOTHING;
INSERT INTO public.distritos VALUES ('240303', 'Matapalo', '2403', '24') ON CONFLICT DO NOTHING;
INSERT INTO public.distritos VALUES ('240304', 'Papayal', '2403', '24') ON CONFLICT DO NOTHING;
INSERT INTO public.distritos VALUES ('250101', 'Calleria', '2501', '25') ON CONFLICT DO NOTHING;
INSERT INTO public.distritos VALUES ('250102', 'Campoverde', '2501', '25') ON CONFLICT DO NOTHING;
INSERT INTO public.distritos VALUES ('250103', 'Iparia', '2501', '25') ON CONFLICT DO NOTHING;
INSERT INTO public.distritos VALUES ('250104', 'Masisea', '2501', '25') ON CONFLICT DO NOTHING;
INSERT INTO public.distritos VALUES ('250105', 'Yarinacocha', '2501', '25') ON CONFLICT DO NOTHING;
INSERT INTO public.distritos VALUES ('250106', 'Nueva Requena', '2501', '25') ON CONFLICT DO NOTHING;
INSERT INTO public.distritos VALUES ('250107', 'Manantay', '2501', '25') ON CONFLICT DO NOTHING;
INSERT INTO public.distritos VALUES ('250201', 'Raymondi', '2502', '25') ON CONFLICT DO NOTHING;
INSERT INTO public.distritos VALUES ('250202', 'Sepahua', '2502', '25') ON CONFLICT DO NOTHING;
INSERT INTO public.distritos VALUES ('250203', 'Tahuania', '2502', '25') ON CONFLICT DO NOTHING;
INSERT INTO public.distritos VALUES ('250204', 'Yurua', '2502', '25') ON CONFLICT DO NOTHING;
INSERT INTO public.distritos VALUES ('250301', 'Padre Abad', '2503', '25') ON CONFLICT DO NOTHING;
INSERT INTO public.distritos VALUES ('250302', 'Irazola', '2503', '25') ON CONFLICT DO NOTHING;
INSERT INTO public.distritos VALUES ('250303', 'Curimana', '2503', '25') ON CONFLICT DO NOTHING;
INSERT INTO public.distritos VALUES ('250304', 'Neshuya', '2503', '25') ON CONFLICT DO NOTHING;
INSERT INTO public.distritos VALUES ('250305', 'Alexander Von Humboldt', '2503', '25') ON CONFLICT DO NOTHING;
INSERT INTO public.distritos VALUES ('250401', 'Purus', '2504', '25') ON CONFLICT DO NOTHING;

INSERT INTO public.material_educativos (id, nombre, asset_url, created_at, updated_at) VALUES (1, 'Matemáticas Básicas', 'https://encrypted-tbn0.gstatic.com/images?q=tbn:ANd9GcSeYd11X1e8qkUMW1rjd2vlUaJWQme07bBAQg&s', '2024-10-12 21:10:06.904', '2024-10-12 21:57:19.131') ON CONFLICT DO NOTHING;
INSERT INTO public.material_educativos (id, nombre, asset_url, created_at, updated_at) VALUES (2, 'Historia Universal', 'https://portalacademico.cch.unam.mx/sites/default/files/portadas/2019-07/HistoriaUniversal1-Portada.jpg', '2024-10-12 21:10:06.904', '2024-10-12 21:57:19.131') ON CONFLICT DO NOTHING;
INSERT INTO public.material_educativos (id, nombre, asset_url, created_at, updated_at) VALUES (3, 'Ciencias Naturales', 'https://i.pinimg.com/736x/e0/00/54/e00054f82b19f9a0975795cbe9e28a43.jpg', '2024-10-12 21:10:06.904', '2024-10-12 21:57:19.131') ON CONFLICT DO NOTHING;
INSERT INTO public.material_educativos (id, nombre, asset_url, created_at, updated_at) VALUES (4, 'Literatura Clásica', 'https://literatinn.com/wp-content/uploads/2024/03/literatura-clasica-.jpg', '2024-10-12 21:10:06.904', '2024-10-12 21:57:19.131') ON CONFLICT DO NOTHING;
INSERT INTO public.material_educativos (id, nombre, asset_url, created_at, updated_at) VALUES (5, 'Química para Principiantes', 'https://media.tutellus.com/libraries/77/53/lib/1466688196879_43.jpg?size=854x493s&ext=jpg', '2024-10-12 21:10:06.904', '2024-10-12 21:57:19.131') ON CONFLICT DO NOTHING;
INSERT INTO public.material_educativos (id, nombre, asset_url, created_at, updated_at) VALUES (6, 'Física Moderna', 'https://assets.isu.pub/document-structure/230119192306-a42e5d742c5b08f8d59c21226a2abf81/v1/2e6fddaf051ba65273859ee3d2630dd8.jpeg', '2024-10-12 21:10:06.904', '2024-10-12 21:57:19.131') ON CONFLICT DO NOTHING;
INSERT INTO public.material_educativos (id, nombre, asset_url, created_at, updated_at) VALUES (7, 'Geografía del Mundo', 'https://encrypted-tbn0.gstatic.com/images?q=tbn:ANd9GcRZtpzjRf-dvkf5z9yOShQvhcpGeHLtVjFBfA&s', '2024-10-12 21:10:06.904', '2024-10-12 21:57:19.131') ON CONFLICT DO NOTHING;
INSERT INTO public.material_educativos (id, nombre, asset_url, created_at, updated_at) VALUES (8, 'Arte y Cultura', 'https://www.diariodepalenque.com.mx/wp-content/uploads/2017/01/mexico-debe-apostar-arte-cultura.jpg', '2024-10-12 21:10:06.904', '2024-10-12 21:57:19.131') ON CONFLICT DO NOTHING;
INSERT INTO public.material_educativos (id, nombre, asset_url, created_at, updated_at) VALUES (9, 'Educación Cívica', 'https://i.ytimg.com/vi/ZZ7RQYXT_Ow/maxresdefault.jpg', '2024-10-12 21:10:06.904', '2024-10-12 21:57:19.131') ON CONFLICT DO NOTHING;
INSERT INTO public.material_educativos (id, nombre, asset_url, created_at, updated_at) VALUES (10, 'Tecnología en el Aula', 'https://encrypted-tbn0.gstatic.com/images?q=tbn:ANd9GcSkhrO36F-kSmAzn54ineOYMzzQSUGNDqOpJg&s', '2024-10-12 21:10:06.904', '2024-10-12 21:57:19.131') ON CONFLICT DO NOTHING;
INSERT INTO public.material_educativos (id, nombre, asset_url, created_at, updated_at) VALUES (11, 'Desarrollo Personal', 'https://encrypted-tbn0.gstatic.com/images?q=tbn:ANd9GcR08v1ZV_zAMa1XRs6tMsz8AwEI7B3KNKRAPQ&s', '2024-10-12 21:10:06.904', '2024-10-12 21:57:19.131') ON CONFLICT DO NOTHING;
INSERT INTO public.material_educativos (id, nombre, asset_url, created_at, updated_at) VALUES (12, 'Programación para Niños', 'https://i.ytimg.com/vi/VZe9tjqa9xw/maxresdefault.jpg', '2024-10-12 21:10:06.904', '2024-10-12 21:57:19.131') ON CONFLICT DO NOTHING;
INSERT INTO public.material_educativos (id, nombre, asset_url, created_at, updated_at) VALUES (13, 'Música y Matemáticas', 'https://encrypted-tbn0.gstatic.com/images?q=tbn:ANd9GcTPyUAmXzT8cqlCUHYaDpOqorxakl89Zxcxcw&s', '2024-10-12 21:10:06.904', '2024-10-12 21:57:19.131') ON CONFLICT DO NOTHING;
INSERT INTO public.material_educativos (id, nombre, asset_url, created_at, updated_at) VALUES (14, 'Educación Financiera', 'https://encrypted-tbn0.gstatic.com/images?q=tbn:ANd9GcRdhLSwO_pSAnqJlR9Ho-7NFDQ25-E7kgGyig&s', '2024-10-12 21:10:06.904', '2024-10-12 21:57:19.131') ON CONFLICT DO NOTHING;
INSERT INTO public.material_educativos (id, nombre, asset_url, created_at, updated_at) VALUES (15, 'Ética y Valores', 'https://encrypted-tbn0.gstatic.com/images?q=tbn:ANd9GcSQdcv35mwrDY4fgFaowzSvIPDOSD6Vjk6OOQ&s', '2024-10-12 21:10:06.904', '2024-10-12 21:57:19.131') ON CONFLICT DO NOTHING;
INSERT INTO public.material_educativos (id, nombre, asset_url, created_at, updated_at) VALUES (16, 'Biología Evolutiva', 'https://i0.wp.com/ensedeciencia.com/wp-content/uploads/2024/06/Copia-de-Copia-de-Ciencia-goog-P-2024-06-29T153738.433.jpg', '2024-10-12 21:10:06.904', '2024-10-12 21:57:19.131') ON CONFLICT DO NOTHING;
INSERT INTO public.material_educativos (id, nombre, asset_url, created_at, updated_at) VALUES (17, 'Introducción a la Filosofía', 'https://i.ytimg.com/vi/zAcTFBDgJNM/maxresdefault.jpg', '2024-10-12 21:10:06.904', '2024-10-12 21:57:19.131') ON CONFLICT DO NOTHING;
INSERT INTO public.material_educativos (id, nombre, asset_url, created_at, updated_at) VALUES (18, 'Matemáticas Avanzadas', 'https://teachlr.com/content/images/covers/SfPo5JoLqeNmfJTUttOtVl7Pl84qfJ0knldnVsYxzlD06mrm1K9EMlADCFazQoKTBta-506x285.jpg', '2024-10-12 21:10:06.904', '2024-10-12 21:57:19.131') ON CONFLICT DO NOTHING;
INSERT INTO public.material_educativos (id, nombre, asset_url, created_at, updated_at) VALUES (19, 'Inglés Básico', 'https://aglobalestudios.com/wp-content/uploads/2022/09/curso_ingles_basico.jpg', '2024-10-12 21:10:06.904', '2024-10-12 21:57:19.131') ON CONFLICT DO NOTHING;
INSERT INTO public.material_educativos (id, nombre, asset_url, created_at, updated_at) VALUES (20, 'Ciencias Sociales', 'https://encrypted-tbn0.gstatic.com/images?q=tbn:ANd9GcQYd8ZlY1G9QvdcEkXkQ3aMQCLU7uu33KIk8A&s', '2024-10-12 21:10:06.904', '2024-10-12 21:57:19.131') ON CONFLICT DO NOTHING;
INSERT INTO public.material_educativos (id, nombre, asset_url, created_at, updated_at) VALUES (21, 'Habilidades de Estudio', 'https://encrypted-tbn0.gstatic.com/images?q=tbn:ANd9GcSCpB-1jXkcKZ73rD-PvibfT_XO-W7Rk1vxZA&s', '2024-10-12 21:10:06.904', '2024-10-12 21:57:19.131') ON CONFLICT DO NOTHING;
INSERT INTO public.material_educativos (id, nombre, asset_url, created_at, updated_at) VALUES (22, 'Ética Profesional', 'https://encrypted-tbn0.gstatic.com/images?q=tbn:ANd9GcSUjQpCjpsYCuplQEfDcO1DrBf12PIs--Q0gg&s', '2024-10-12 21:10:06.904', '2024-10-12 21:57:19.131') ON CONFLICT DO NOTHING;
INSERT INTO public.material_educativos (id, nombre, asset_url, created_at, updated_at) VALUES (23, 'Literatura Contemporánea', 'https://humanidades.com/wp-content/uploads/2017/05/literatura-contemporanea-2-e1569630727560.jpg', '2024-10-12 21:10:06.904', '2024-10-12 21:57:19.131') ON CONFLICT DO NOTHING;
INSERT INTO public.material_educativos (id, nombre, asset_url, created_at, updated_at) VALUES (24, 'Cálculo Diferencial', 'https://i.ytimg.com/vi/mES3Fzul3Ss/maxresdefault.jpg', '2024-10-12 21:10:06.904', '2024-10-12 21:57:19.131') ON CONFLICT DO NOTHING;
INSERT INTO public.material_educativos (id, nombre, asset_url, created_at, updated_at) VALUES (25, 'Robótica Educativa', 'https://www.aulaplaneta.com/sites/default/files/styles/article_detail/public/articles/images/shutterstock_648053119.jpeg?itok=AOezwjq7', '2024-10-12 21:10:06.904', '2024-10-12 21:57:19.131') ON CONFLICT DO NOTHING;
INSERT INTO public.material_educativos (id, nombre, asset_url, created_at, updated_at) VALUES (26, 'Astronomía para Todos', 'https://encrypted-tbn0.gstatic.com/images?q=tbn:ANd9GcQsFjg-jC8YIYJpCQh8uoCeaguVYfl29yQj8Q&s', '2024-10-12 21:10:06.904', '2024-10-12 21:57:19.131') ON CONFLICT DO NOTHING;
INSERT INTO public.material_educativos (id, nombre, asset_url, created_at, updated_at) VALUES (27, 'Cuidado del Medio Ambiente', 'https://encrypted-tbn0.gstatic.com/images?q=tbn:ANd9GcRjdkebZ29Pgb0ZUpO-uyy_rMqm24Ezz88FEA&s', '2024-10-12 21:10:06.904', '2024-10-12 21:57:19.131') ON CONFLICT DO NOTHING;
INSERT INTO public.material_educativos (id, nombre, asset_url, created_at, updated_at) VALUES (28, 'Desarrollo de Aplicaciones', 'https://encrypted-tbn0.gstatic.com/images?q=tbn:ANd9GcQgM8OlieanZ5Oc5ez4h7myWgR5P2M8xhN3Gw&s', '2024-10-12 21:10:06.904', '2024-10-12 21:57:19.131') ON CONFLICT DO NOTHING;
INSERT INTO public.material_educativos (id, nombre, asset_url, created_at, updated_at) VALUES (29, 'Comunicaciones Efectivas', 'https://cdn.prod.website-files.com/608aa9c186d01effa385942e/61ae859b9679e33903c7fd25_Que%20es%20la%20comunicacion%20efectiva%20simla.png', '2024-10-12 21:10:06.904', '2024-10-12 21:57:19.131') ON CONFLICT DO NOTHING;
INSERT INTO public.material_educativos (id, nombre, asset_url, created_at, updated_at) VALUES (30, 'Proyectos de Investigación', 'https://encrypted-tbn0.gstatic.com/images?q=tbn:ANd9GcSyia0ul_KYnbCkuBtEI_48xy0YwkYCN-z5Bw&s', '2024-10-12 21:10:06.904', '2024-10-12 21:57:19.131') ON CONFLICT DO NOTHING;

INSERT INTO public.suscripciones (id, tipo) VALUES (1, 'Basic') ON CONFLICT DO NOTHING;
INSERT INTO public.suscripciones (id, tipo) VALUES (2, 'Por asesoría') ON CONFLICT DO NOTHING;
INSERT INTO public.suscripciones (id, tipo) VALUES (3, 'Full') ON CONFLICT DO NOTHING;
INSERT INTO public.suscripciones (id, tipo) VALUES (4, 'Full+') ON CONFLICT DO NOTHING;

INSERT INTO public.sectores (id, name) VALUES (1, 'Primaria') ON CONFLICT DO NOTHING;
INSERT INTO public.sectores (id, name) VALUES (2, 'Secundaria') ON CONFLICT DO NOTHING;

INSERT INTO public.especialidades (id, especialidad, created_at, updated_at) VALUES (1, 'Medicina', '2024-10-12 21:10:05.395', '2024-10-12 21:10:05.395') ON CONFLICT DO NOTHING;
INSERT INTO public.especialidades (id, especialidad, created_at, updated_at) VALUES (2, 'Ingeniería Civil', '2024-10-12 21:10:05.395', '2024-10-12 21:10:05.395') ON CONFLICT DO NOTHING;
INSERT INTO public.especialidades (id, especialidad, created_at, updated_at) VALUES (3, 'Arquitectura', '2024-10-12 21:10:05.395', '2024-10-12 21:10:05.395') ON CONFLICT DO NOTHING;
INSERT INTO public.especialidades (id, especialidad, created_at, updated_at) VALUES (4, 'Derecho', '2024-10-12 21:10:05.395', '2024-10-12 21:10:05.395') ON CONFLICT DO NOTHING;
INSERT INTO public.especialidades (id, especialidad, created_at, updated_at) VALUES (5, 'Psicología', '2024-10-12 21:10:05.395', '2024-10-12 21:10:05.395') ON CONFLICT DO NOTHING;
INSERT INTO public.especialidades (id, especialidad, created_at, updated_at) VALUES (6, 'Ciencias de la Computación', '2024-10-12 21:10:05.395', '2024-10-12 21:10:05.395') ON CONFLICT DO NOTHING;
INSERT INTO public.especialidades (id, especialidad, created_at, updated_at) VALUES (7, 'Biología', '2024-10-12 21:10:05.395', '2024-10-12 21:10:05.395') ON CONFLICT DO NOTHING;
INSERT INTO public.especialidades (id, especialidad, created_at, updated_at) VALUES (8, 'Química', '2024-10-12 21:10:05.395', '2024-10-12 21:10:05.395') ON CONFLICT DO NOTHING;
INSERT INTO public.especialidades (id, especialidad, created_at, updated_at) VALUES (9, 'Física', '2024-10-12 21:10:05.395', '2024-10-12 21:10:05.395') ON CONFLICT DO NOTHING;
INSERT INTO public.especialidades (id, especialidad, created_at, updated_at) VALUES (10, 'Matemáticas', '2024-10-12 21:10:05.395', '2024-10-12 21:10:05.395') ON CONFLICT DO NOTHING;
INSERT INTO public.especialidades (id, especialidad, created_at, updated_at) VALUES (11, 'Ciencias Sociales', '2024-10-12 21:10:05.395', '2024-10-12 21:10:05.395') ON CONFLICT DO NOTHING;
INSERT INTO public.especialidades (id, especialidad, created_at, updated_at) VALUES (12, 'Educación', '2024-10-12 21:10:05.395', '2024-10-12 21:10:05.395') ON CONFLICT DO NOTHING;
INSERT INTO public.especialidades (id, especialidad, created_at, updated_at) VALUES (13, 'Arte', '2024-10-12 21:10:05.395', '2024-10-12 21:10:05.395') ON CONFLICT DO NOTHING;
INSERT INTO public.especialidades (id, especialidad, created_at, updated_at) VALUES (14, 'Diseño Gráfico', '2024-10-12 21:10:05.395', '2024-10-12 21:10:05.395') ON CONFLICT DO NOTHING;
INSERT INTO public.especialidades (id, especialidad, created_at, updated_at) VALUES (15, 'Negocios Internacionales', '2024-10-12 21:10:05.395', '2024-10-12 21:10:05.395') ON CONFLICT DO NOTHING;
INSERT INTO public.especialidades (id, especialidad, created_at, updated_at) VALUES (16, 'Administración de Empresas', '2024-10-12 21:10:05.395', '2024-10-12 21:10:05.395') ON CONFLICT DO NOTHING;
INSERT INTO public.especialidades (id, especialidad, created_at, updated_at) VALUES (17, 'Contabilidad', '2024-10-12 21:10:05.395', '2024-10-12 21:10:05.395') ON CONFLICT DO NOTHING;
INSERT INTO public.especialidades (id, especialidad, created_at, updated_at) VALUES (18, 'Marketing', '2024-10-12 21:10:05.395', '2024-10-12 21:10:05.395') ON CONFLICT DO NOTHING;
INSERT INTO public.especialidades (id, especialidad, created_at, updated_at) VALUES (19, 'Comunicación', '2024-10-12 21:10:05.395', '2024-10-12 21:10:05.395') ON CONFLICT DO NOTHING;
INSERT INTO public.especialidades (id, especialidad, created_at, updated_at) VALUES (20, 'Veterinaria', '2024-10-12 21:10:05.395', '2024-10-12 21:10:05.395') ON CONFLICT DO NOTHING;

INSERT INTO public.subespecialidades (id, "subEspecialidad", created_at, updated_at, especialidad_id) VALUES (1, 'Pediatría', '2024-10-12 21:10:05.873', '2024-10-12 21:10:05.873', 1) ON CONFLICT DO NOTHING;
INSERT INTO public.subespecialidades (id, "subEspecialidad", created_at, updated_at, especialidad_id) VALUES (2, 'Estructuras', '2024-10-12 21:10:05.873', '2024-10-12 21:10:05.873', 2) ON CONFLICT DO NOTHING;
INSERT INTO public.subespecialidades (id, "subEspecialidad", created_at, updated_at, especialidad_id) VALUES (3, 'Diseño Arquitectónico', '2024-10-12 21:10:05.873', '2024-10-12 21:10:05.873', 3) ON CONFLICT DO NOTHING;
INSERT INTO public.subespecialidades (id, "subEspecialidad", created_at, updated_at, especialidad_id) VALUES (4, 'Derecho Penal', '2024-10-12 21:10:05.873', '2024-10-12 21:10:05.873', 4) ON CONFLICT DO NOTHING;
INSERT INTO public.subespecialidades (id, "subEspecialidad", created_at, updated_at, especialidad_id) VALUES (5, 'Psicología Clínica', '2024-10-12 21:10:05.873', '2024-10-12 21:10:05.873', 5) ON CONFLICT DO NOTHING;
INSERT INTO public.subespecialidades (id, "subEspecialidad", created_at, updated_at, especialidad_id) VALUES (6, 'Inteligencia Artificial', '2024-10-12 21:10:05.873', '2024-10-12 21:10:05.873', 6) ON CONFLICT DO NOTHING;
INSERT INTO public.subespecialidades (id, "subEspecialidad", created_at, updated_at, especialidad_id) VALUES (7, 'Biología Molecular', '2024-10-12 21:10:05.873', '2024-10-12 21:10:05.873', 7) ON CONFLICT DO NOTHING;
INSERT INTO public.subespecialidades (id, "subEspecialidad", created_at, updated_at, especialidad_id) VALUES (8, 'Química Orgánica', '2024-10-12 21:10:05.873', '2024-10-12 21:10:05.873', 8) ON CONFLICT DO NOTHING;
INSERT INTO public.subespecialidades (id, "subEspecialidad", created_at, updated_at, especialidad_id) VALUES (9, 'Física Teórica', '2024-10-12 21:10:05.873', '2024-10-12 21:10:05.873', 9) ON CONFLICT DO NOTHING;
INSERT INTO public.subespecialidades (id, "subEspecialidad", created_at, updated_at, especialidad_id) VALUES (10, 'Álgebra', '2024-10-12 21:10:05.873', '2024-10-12 21:10:05.873', 10) ON CONFLICT DO NOTHING;
INSERT INTO public.subespecialidades (id, "subEspecialidad", created_at, updated_at, especialidad_id) VALUES (11, 'Antropología', '2024-10-12 21:10:05.873', '2024-10-12 21:10:05.873', 11) ON CONFLICT DO NOTHING;
INSERT INTO public.subespecialidades (id, "subEspecialidad", created_at, updated_at, especialidad_id) VALUES (12, 'Educación Infantil', '2024-10-12 21:10:05.873', '2024-10-12 21:10:05.873', 12) ON CONFLICT DO NOTHING;
INSERT INTO public.subespecialidades (id, "subEspecialidad", created_at, updated_at, especialidad_id) VALUES (13, 'Arte Digital', '2024-10-12 21:10:05.873', '2024-10-12 21:10:05.873', 13) ON CONFLICT DO NOTHING;
INSERT INTO public.subespecialidades (id, "subEspecialidad", created_at, updated_at, especialidad_id) VALUES (14, 'Diseño Web', '2024-10-12 21:10:05.873', '2024-10-12 21:10:05.873', 14) ON CONFLICT DO NOTHING;
INSERT INTO public.subespecialidades (id, "subEspecialidad", created_at, updated_at, especialidad_id) VALUES (15, 'Comercio Internacional', '2024-10-12 21:10:05.873', '2024-10-12 21:10:05.873', 15) ON CONFLICT DO NOTHING;
INSERT INTO public.subespecialidades (id, "subEspecialidad", created_at, updated_at, especialidad_id) VALUES (16, 'Recursos Humanos', '2024-10-12 21:10:05.873', '2024-10-12 21:10:05.873', 16) ON CONFLICT DO NOTHING;
INSERT INTO public.subespecialidades (id, "subEspecialidad", created_at, updated_at, especialidad_id) VALUES (17, 'Auditoría', '2024-10-12 21:10:05.873', '2024-10-12 21:10:05.873', 17) ON CONFLICT DO NOTHING;
INSERT INTO public.subespecialidades (id, "subEspecialidad", created_at, updated_at, especialidad_id) VALUES (18, 'Publicidad', '2024-10-12 21:10:05.873', '2024-10-12 21:10:05.873', 18) ON CONFLICT DO NOTHING;
INSERT INTO public.subespecialidades (id, "subEspecialidad", created_at, updated_at, especialidad_id) VALUES (19, 'Comunicación Audiovisual', '2024-10-12 21:10:05.873', '2024-10-12 21:10:05.873', 19) ON CONFLICT DO NOTHING;
INSERT INTO public.subespecialidades (id, "subEspecialidad", created_at, updated_at, especialidad_id) VALUES (20, 'Medicina Veterinaria', '2024-10-12 21:10:05.873', '2024-10-12 21:10:05.873', 20) ON CONFLICT DO NOTHING;

INSERT INTO public.accounts (id, email, phone, created_at, updated_at, distrito_id, provincia_id, departamento_id) VALUES ('1daf8267-63cf-4c83-97cf-a2a383abdf82', 'juan.perez@example.com', '999111222', '2024-10-12 21:22:48.432', '2024-10-12 21:22:48.432', '150117', '1501', '15') ON CONFLICT DO NOTHING;
INSERT INTO public.accounts (id, email, phone, created_at, updated_at, distrito_id, provincia_id, departamento_id) VALUES ('3426e7d4-0825-4efd-b11a-42ab0763137e', 'maria.ruiz@example.com', '999333444', '2024-10-12 21:22:48.432', '2024-10-12 21:22:48.432', '150117', '1501', '15') ON CONFLICT DO NOTHING;
INSERT INTO public.accounts (id, email, phone, created_at, updated_at, distrito_id, provincia_id, departamento_id) VALUES ('d1e21639-a9ce-423d-a46e-86993c7fa6b5', 'carlos.soto@example.com', '999555666', '2024-10-12 21:22:48.432', '2024-10-12 21:22:48.432', '150117', '1501', '15') ON CONFLICT DO NOTHING;
INSERT INTO public.accounts (id, email, phone, created_at, updated_at, distrito_id, provincia_id, departamento_id) VALUES ('48b6c98d-b07d-4265-9283-c4ce4e8f35c9', 'ana.luque@example.com', '999777888', '2024-10-12 21:22:48.432', '2024-10-12 21:22:48.432', '150117', '1501', '15') ON CONFLICT DO NOTHING;
INSERT INTO public.accounts (id, email, phone, created_at, updated_at, distrito_id, provincia_id, departamento_id) VALUES ('6f9f20fa-f8af-450d-a99e-a11f893e6e63', 'pedro.garcia@example.com', '999999000', '2024-10-12 21:22:48.432', '2024-10-12 21:22:48.432', '150117', '1501', '15') ON CONFLICT DO NOTHING;
INSERT INTO public.accounts (id, email, phone, created_at, updated_at, distrito_id, provincia_id, departamento_id) VALUES ('11ed72ea-abd2-45f6-8fde-f196d9b53c30', 'rosa.ramos@example.com', '998111222', '2024-10-12 21:22:48.432', '2024-10-12 21:22:48.432', '150117', '1501', '15') ON CONFLICT DO NOTHING;
INSERT INTO public.accounts (id, email, phone, created_at, updated_at, distrito_id, provincia_id, departamento_id) VALUES ('4e235a5d-8ece-43e9-a847-7190e99e7fb0', 'luis.mendoza@example.com', '998333444', '2024-10-12 21:22:48.432', '2024-10-12 21:22:48.432', '150117', '1501', '15') ON CONFLICT DO NOTHING;
INSERT INTO public.accounts (id, email, phone, created_at, updated_at, distrito_id, provincia_id, departamento_id) VALUES ('4604853a-89d8-4da8-a4b8-19c3d1aba8f1', 'jose.fernandez@example.com', '998555666', '2024-10-12 21:22:48.432', '2024-10-12 21:22:48.432', '150117', '1501', '15') ON CONFLICT DO NOTHING;
INSERT INTO public.accounts (id, email, phone, created_at, updated_at, distrito_id, provincia_id, departamento_id) VALUES ('a2d3820b-0cf9-46b4-8bda-abb09a584134', 'claudia.gomez@example.com', '998777888', '2024-10-12 21:22:48.432', '2024-10-12 21:22:48.432', '150117', '1501', '15') ON CONFLICT DO NOTHING;
INSERT INTO public.accounts (id, email, phone, created_at, updated_at, distrito_id, provincia_id, departamento_id) VALUES ('3c7b4a90-87df-4fba-93ae-a2f7f13ce7fa', 'diego.alarcon@example.com', '998999000', '2024-10-12 21:22:48.432', '2024-10-12 21:22:48.432', '150117', '1501', '15') ON CONFLICT DO NOTHING;
INSERT INTO public.accounts (id, email, phone, created_at, updated_at, distrito_id, provincia_id, departamento_id) VALUES ('16f3f500-a130-4dea-bdaa-7077e5b738d9', 'isabel.reyes@example.com', '997111222', '2024-10-12 21:22:48.432', '2024-10-12 21:22:48.432', '150117', '1501', '15') ON CONFLICT DO NOTHING;
INSERT INTO public.accounts (id, email, phone, created_at, updated_at, distrito_id, provincia_id, departamento_id) VALUES ('f047d806-3eb1-4c46-909d-7d0881b11d92', 'carlos.vega@example.com', '997333444', '2024-10-12 21:22:48.432', '2024-10-12 21:22:48.432', '150117', '1501', '15') ON CONFLICT DO NOTHING;
INSERT INTO public.accounts (id, email, phone, created_at, updated_at, distrito_id, provincia_id, departamento_id) VALUES ('2a64b5dd-e6d1-4d0d-892f-65b5520e0705', 'maria.lopez@example.com', '997555666', '2024-10-12 21:22:48.432', '2024-10-12 21:22:48.432', '150117', '1501', '15') ON CONFLICT DO NOTHING;
INSERT INTO public.accounts (id, email, phone, created_at, updated_at, distrito_id, provincia_id, departamento_id) VALUES ('85f62434-50be-4e75-9dfd-38324278b458', 'victor.ramos@example.com', '997777888', '2024-10-12 21:22:48.432', '2024-10-12 21:22:48.432', '150117', '1501', '15') ON CONFLICT DO NOTHING;
INSERT INTO public.accounts (id, email, phone, created_at, updated_at, distrito_id, provincia_id, departamento_id) VALUES ('f1ea79ed-a924-49d0-97a2-fa479c0a136c', 'lucia.soto@example.com', '997999000', '2024-10-12 21:22:48.432', '2024-10-12 21:22:48.432', '150117', '1501', '15') ON CONFLICT DO NOTHING;
INSERT INTO public.accounts (id, email, phone, created_at, updated_at, distrito_id, provincia_id, departamento_id) VALUES ('de4e9a92-d820-43b7-b400-ad642249d409', 'manuel.silva@example.com', '996111222', '2024-10-12 21:22:48.432', '2024-10-12 21:22:48.432', '150117', '1501', '15') ON CONFLICT DO NOTHING;
INSERT INTO public.accounts (id, email, phone, created_at, updated_at, distrito_id, provincia_id, departamento_id) VALUES ('e8e78fe9-c2fd-4e8b-bc62-928e062e4b0a', 'angela.lopez@example.com', '996333444', '2024-10-12 21:22:48.432', '2024-10-12 21:22:48.432', '150117', '1501', '15') ON CONFLICT DO NOTHING;
INSERT INTO public.accounts (id, email, phone, created_at, updated_at, distrito_id, provincia_id, departamento_id) VALUES ('47f7e738-1f24-4b44-a8bc-ab7f81b638e3', 'sergio.gomez@example.com', '996555666', '2024-10-12 21:22:48.432', '2024-10-12 21:22:48.432', '150117', '1501', '15') ON CONFLICT DO NOTHING;
INSERT INTO public.accounts (id, email, phone, created_at, updated_at, distrito_id, provincia_id, departamento_id) VALUES ('570e7238-7329-459e-aa63-637266c90a52', 'pablo.fernandez@example.com', '996777888', '2024-10-12 21:22:48.432', '2024-10-12 21:22:48.432', '150117', '1501', '15') ON CONFLICT DO NOTHING;
INSERT INTO public.accounts (id, email, phone, created_at, updated_at, distrito_id, provincia_id, departamento_id) VALUES ('7fcb526a-9bc8-472b-83e4-1961b28de6a6', 'paula.perez@example.com', '996999000', '2024-10-12 21:22:48.432', '2024-10-12 21:22:48.432', '150117', '1501', '15') ON CONFLICT DO NOTHING;
INSERT INTO public.accounts (id, email, phone, created_at, updated_at, distrito_id, provincia_id, departamento_id) VALUES ('966a6af1-8b88-4698-a25c-ab918380a7bc', 'andres.ramirez@example.com', '995111222', '2024-10-12 21:22:48.432', '2024-10-12 21:22:48.432', '150117', '1501', '15') ON CONFLICT DO NOTHING;
INSERT INTO public.accounts (id, email, phone, created_at, updated_at, distrito_id, provincia_id, departamento_id) VALUES ('7bd2581e-9877-4602-8321-b3e77435bb43', 'martina.rojas@example.com', '995333444', '2024-10-12 21:22:48.432', '2024-10-12 21:22:48.432', '150117', '1501', '15') ON CONFLICT DO NOTHING;
INSERT INTO public.accounts (id, email, phone, created_at, updated_at, distrito_id, provincia_id, departamento_id) VALUES ('97994f67-73f3-4783-8d94-cd6cfd124e74', 'sofia.gomez@example.com', '995555666', '2024-10-12 21:22:48.432', '2024-10-12 21:22:48.432', '150117', '1501', '15') ON CONFLICT DO NOTHING;
INSERT INTO public.accounts (id, email, phone, created_at, updated_at, distrito_id, provincia_id, departamento_id) VALUES ('7d82ad3b-4211-4c7e-91e1-873ded4d0077', 'antonio.vera@example.com', '995777888', '2024-10-12 21:22:48.432', '2024-10-12 21:22:48.432', '150117', '1501', '15') ON CONFLICT DO NOTHING;
INSERT INTO public.accounts (id, email, phone, created_at, updated_at, distrito_id, provincia_id, departamento_id) VALUES ('bfb5cfff-870b-447e-89ec-5dcd7009330d', 'luisa.rodriguez@example.com', '995999000', '2024-10-12 21:22:48.432', '2024-10-12 21:22:48.432', '150117', '1501', '15') ON CONFLICT DO NOTHING;
INSERT INTO public.accounts (id, email, phone, created_at, updated_at, distrito_id, provincia_id, departamento_id) VALUES ('d7bee1fe-e569-458d-a97f-9a50a743fb49', 'daniela.torres@example.com', '994111222', '2024-10-12 21:22:48.432', '2024-10-12 21:22:48.432', '150117', '1501', '15') ON CONFLICT DO NOTHING;
INSERT INTO public.accounts (id, email, phone, created_at, updated_at, distrito_id, provincia_id, departamento_id) VALUES ('11ce737f-0b2e-4f22-98f1-648c6d0fa644', 'marco.antonio@example.com', '994333444', '2024-10-12 21:22:48.432', '2024-10-12 21:22:48.432', '150117', '1501', '15') ON CONFLICT DO NOTHING;
INSERT INTO public.accounts (id, email, phone, created_at, updated_at, distrito_id, provincia_id, departamento_id) VALUES ('a9434dd3-d288-4326-ac18-43644324d650', 'hector.correa@example.com', '994555666', '2024-10-12 21:22:48.432', '2024-10-12 21:22:48.432', '150117', '1501', '15') ON CONFLICT DO NOTHING;
INSERT INTO public.accounts (id, email, phone, created_at, updated_at, distrito_id, provincia_id, departamento_id) VALUES ('061be8fc-1112-4179-8285-cbd5775563dc', 'juliana.lopez@example.com', '994777888', '2024-10-12 21:22:48.432', '2024-10-12 21:22:48.432', '150117', '1501', '15') ON CONFLICT DO NOTHING;
INSERT INTO public.accounts (id, email, phone, created_at, updated_at, distrito_id, provincia_id, departamento_id) VALUES ('2de2bfc7-c72c-4347-994e-94009eb618c5', 'francisco.luna@example.com', '994999000', '2024-10-12 21:22:48.432', '2024-10-12 21:22:48.432', '150117', '1501', '15') ON CONFLICT DO NOTHING;
INSERT INTO public.accounts (id, email, phone, created_at, updated_at, distrito_id, provincia_id, departamento_id) VALUES ('b9201fb3-df6a-4914-a44c-8aa8b2631ae0', 'carlos.martinez@example.com', '987654321', '2024-10-12 21:22:48.432', '2024-10-12 21:22:48.432', '150117', '1501', '15') ON CONFLICT DO NOTHING;
INSERT INTO public.accounts (id, email, phone, created_at, updated_at, distrito_id, provincia_id, departamento_id) VALUES ('b70c2fb5-3bb4-4433-8d5e-f18f759083a4', 'ana.lopez@example.com', '976543210', '2024-10-12 21:22:48.432', '2024-10-12 21:22:48.432', '150117', '1501', '15') ON CONFLICT DO NOTHING;
INSERT INTO public.accounts (id, email, phone, created_at, updated_at, distrito_id, provincia_id, departamento_id) VALUES ('2d4a07b0-3493-4678-ba69-256b13ac5e96', 'luis.garcia@example.com', '965432109', '2024-10-12 21:22:48.432', '2024-10-12 21:22:48.432', '150117', '1501', '15') ON CONFLICT DO NOTHING;
INSERT INTO public.accounts (id, email, phone, created_at, updated_at, distrito_id, provincia_id, departamento_id) VALUES ('3107c128-05c4-4660-ad5c-462dba61669a', 'maria.rodriguez@example.com', '954321098', '2024-10-12 21:22:48.432', '2024-10-12 21:22:48.432', '150117', '1501', '15') ON CONFLICT DO NOTHING;
INSERT INTO public.accounts (id, email, phone, created_at, updated_at, distrito_id, provincia_id, departamento_id) VALUES ('d8358488-8004-4793-93bc-f34efe6979be', 'javier.perez@example.com', '943210987', '2024-10-12 21:22:48.432', '2024-10-12 21:22:48.432', '150117', '1501', '15') ON CONFLICT DO NOTHING;
INSERT INTO public.accounts (id, email, phone, created_at, updated_at, distrito_id, provincia_id, departamento_id) VALUES ('c3421896-8768-4aeb-a3d5-7b455b6ca88c', 'patricia.torres@example.com', '932109876', '2024-10-12 21:22:48.432', '2024-10-12 21:22:48.432', '150117', '1501', '15') ON CONFLICT DO NOTHING;
INSERT INTO public.accounts (id, email, phone, created_at, updated_at, distrito_id, provincia_id, departamento_id) VALUES ('6c6dea05-7d84-48d8-bb93-bf1c9d44b493', 'sergio.sanchez@example.com', '921098765', '2024-10-12 21:22:48.432', '2024-10-12 21:22:48.432', '150117', '1501', '15') ON CONFLICT DO NOTHING;
INSERT INTO public.accounts (id, email, phone, created_at, updated_at, distrito_id, provincia_id, departamento_id) VALUES ('fee8528b-fc52-49cf-954a-f7189dcb69dc', 'laura.ramirez@example.com', '910987654', '2024-10-12 21:22:48.432', '2024-10-12 21:22:48.432', '150117', '1501', '15') ON CONFLICT DO NOTHING;
INSERT INTO public.accounts (id, email, phone, created_at, updated_at, distrito_id, provincia_id, departamento_id) VALUES ('e4d82a39-809c-43ba-8600-9aeed0307157', 'diego.morales@example.com', '909876543', '2024-10-12 21:22:48.432', '2024-10-12 21:22:48.432', '150117', '1501', '15') ON CONFLICT DO NOTHING;
INSERT INTO public.accounts (id, email, phone, created_at, updated_at, distrito_id, provincia_id, departamento_id) VALUES ('1bc27af0-59f8-420b-b2ea-f568953fcb9b', 'veronica.perez@example.com', '898765432', '2024-10-12 21:22:48.432', '2024-10-12 21:22:48.432', '150117', '1501', '15') ON CONFLICT DO NOTHING;
INSERT INTO public.accounts (id, email, phone, created_at, updated_at, distrito_id, provincia_id, departamento_id) VALUES ('2181916b-7ff8-4c12-9222-d8ad167e79ee', 'jose.diaz@example.com', '887654321', '2024-10-12 21:22:48.432', '2024-10-12 21:22:48.432', '150117', '1501', '15') ON CONFLICT DO NOTHING;
INSERT INTO public.accounts (id, email, phone, created_at, updated_at, distrito_id, provincia_id, departamento_id) VALUES ('f81d263b-3f20-4ece-94d3-57cae2bd9fbf', 'gabriela.herrera@example.com', '876543210', '2024-10-12 21:22:48.432', '2024-10-12 21:22:48.432', '150117', '1501', '15') ON CONFLICT DO NOTHING;
INSERT INTO public.accounts (id, email, phone, created_at, updated_at, distrito_id, provincia_id, departamento_id) VALUES ('726e52cc-1ea9-478e-8e68-e5a72c735627', 'martin.castro@example.com', '865432109', '2024-10-12 21:22:48.432', '2024-10-12 21:22:48.432', '150117', '1501', '15') ON CONFLICT DO NOTHING;
INSERT INTO public.accounts (id, email, phone, created_at, updated_at, distrito_id, provincia_id, departamento_id) VALUES ('44dea03f-c53b-441a-ac92-fc82f7a08275', 'silvia.aguirre@example.com', '854321098', '2024-10-12 21:22:48.432', '2024-10-12 21:22:48.432', '150117', '1501', '15') ON CONFLICT DO NOTHING;
INSERT INTO public.accounts (id, email, phone, created_at, updated_at, distrito_id, provincia_id, departamento_id) VALUES ('b377ae3d-9348-4fcd-b724-0c6155b46983', 'felipe.mendoza@example.com', '843210987', '2024-10-12 21:22:48.432', '2024-10-12 21:22:48.432', '150117', '1501', '15') ON CONFLICT DO NOTHING;
INSERT INTO public.accounts (id, email, phone, created_at, updated_at, distrito_id, provincia_id, departamento_id) VALUES ('2ff4c882-3894-44b0-8975-0aaae255950b', 'claudia.vargas@example.com', '832109876', '2024-10-12 21:22:48.432', '2024-10-12 21:22:48.432', '150117', '1501', '15') ON CONFLICT DO NOTHING;
INSERT INTO public.accounts (id, email, phone, created_at, updated_at, distrito_id, provincia_id, departamento_id) VALUES ('b360728f-9da3-4987-ad34-20ee14546909', 'andres.rios@example.com', '821098765', '2024-10-12 21:22:48.432', '2024-10-12 21:22:48.432', '150117', '1501', '15') ON CONFLICT DO NOTHING;
INSERT INTO public.accounts (id, email, phone, created_at, updated_at, distrito_id, provincia_id, departamento_id) VALUES ('f9dbf3ac-5e8d-47ab-aac8-2a4a2bd20dcb', 'sandra.salazar@example.com', '810987654', '2024-10-12 21:22:48.432', '2024-10-12 21:22:48.432', '150117', '1501', '15') ON CONFLICT DO NOTHING;
INSERT INTO public.accounts (id, email, phone, created_at, updated_at, distrito_id, provincia_id, departamento_id) VALUES ('7b589159-475d-4587-a6bd-76b07b6f6f75', 'hugo.navarro@example.com', '809876543', '2024-10-12 21:22:48.432', '2024-10-12 21:22:48.432', '150117', '1501', '15') ON CONFLICT DO NOTHING;
INSERT INTO public.accounts (id, email, phone, created_at, updated_at, distrito_id, provincia_id, departamento_id) VALUES ('992f6f30-9fdf-4f64-9d8f-0ae99b9bb9cd', 'renata.espinoza@example.com', '798765432', '2024-10-12 21:22:48.432', '2024-10-12 21:22:48.432', '150117', '1501', '15') ON CONFLICT DO NOTHING;
INSERT INTO public.accounts (id, email, phone, created_at, updated_at, distrito_id, provincia_id, departamento_id) VALUES ('01b90371-a2ab-42a0-8b91-56a17d7f9dd1', 'cristina.ortega@example.com', '787654321', '2024-10-12 21:22:48.432', '2024-10-12 21:22:48.432', '150117', '1501', '15') ON CONFLICT DO NOTHING;
INSERT INTO public.accounts (id, email, phone, created_at, updated_at, distrito_id, provincia_id, departamento_id) VALUES ('c0d38648-0fa8-4dd8-a353-90eb5b68fb49', 'rodrigo.cortes@example.com', '776543210', '2024-10-12 21:22:48.432', '2024-10-12 21:22:48.432', '150117', '1501', '15') ON CONFLICT DO NOTHING;
INSERT INTO public.accounts (id, email, phone, created_at, updated_at, distrito_id, provincia_id, departamento_id) VALUES ('581c4d94-9b0c-41ac-9fc6-78e959f722a2', 'luz.castro@example.com', '765432109', '2024-10-12 21:22:48.432', '2024-10-12 21:22:48.432', '150117', '1501', '15') ON CONFLICT DO NOTHING;
INSERT INTO public.accounts (id, email, phone, created_at, updated_at, distrito_id, provincia_id, departamento_id) VALUES ('1e6321fc-56ab-4747-98a6-4ecc3f971d25', 'hecto.soto@example.com', '754321098', '2024-10-12 21:22:48.432', '2024-10-12 21:22:48.432', '150117', '1501', '15') ON CONFLICT DO NOTHING;
INSERT INTO public.accounts (id, email, phone, created_at, updated_at, distrito_id, provincia_id, departamento_id) VALUES ('5e7c29cc-1178-4ac6-9743-853e59052bfc', 'monica.jimenez@example.com', '743210987', '2024-10-12 21:22:48.432', '2024-10-12 21:22:48.432', '150117', '1501', '15') ON CONFLICT DO NOTHING;
INSERT INTO public.accounts (id, email, phone, created_at, updated_at, distrito_id, provincia_id, departamento_id) VALUES ('e22a2641-7e40-4bb9-8fb7-6b395250aa55', 'pedro.aguirre@example.com', '732109876', '2024-10-12 21:22:48.432', '2024-10-12 21:22:48.432', '150117', '1501', '15') ON CONFLICT DO NOTHING;
INSERT INTO public.accounts (id, email, phone, created_at, updated_at, distrito_id, provincia_id, departamento_id) VALUES ('bfecc3e8-9721-47fb-bcf9-e1c52934321a', 'tamara.guzman@example.com', '721098765', '2024-10-12 21:22:48.432', '2024-10-12 21:22:48.432', '150117', '1501', '15') ON CONFLICT DO NOTHING;
INSERT INTO public.accounts (id, email, phone, created_at, updated_at, distrito_id, provincia_id, departamento_id) VALUES ('35e4fe3d-2516-4974-a9f0-c2ff586ac3ed', 'mario.villanueva@example.com', '710987654', '2024-10-12 21:22:48.432', '2024-10-12 21:22:48.432', '150117', '1501', '15') ON CONFLICT DO NOTHING;
INSERT INTO public.accounts (id, email, phone, created_at, updated_at, distrito_id, provincia_id, departamento_id) VALUES ('a843b4c6-0975-4b0b-a4cc-e9ded39cca82', 'jazmin.delgado@example.com', '709876543', '2024-10-12 21:22:48.432', '2024-10-12 21:22:48.432', '150117', '1501', '15') ON CONFLICT DO NOTHING;
INSERT INTO public.accounts (id, email, phone, created_at, updated_at, distrito_id, provincia_id, departamento_id) VALUES ('f9fd276e-ea56-4a80-a00f-5897cd97980b', 'fernando.morales@example.com', '698765432', '2024-10-12 21:22:48.432', '2024-10-12 21:22:48.432', '150117', '1501', '15') ON CONFLICT DO NOTHING;

-- xd
INSERT INTO public.alumnos (id, nombre, edad, account_id, created_at, updated_at) VALUES (31, 'Juan Pérez', 20, '1daf8267-63cf-4c83-97cf-a2a383abdf82', '2024-10-12 21:22:48.911', '2024-10-12 21:22:48.911') ON CONFLICT DO NOTHING;
INSERT INTO public.alumnos (id, nombre, edad, account_id, created_at, updated_at) VALUES (32, 'María Ruiz', 22, '3426e7d4-0825-4efd-b11a-42ab0763137e', '2024-10-12 21:22:48.911', '2024-10-12 21:22:48.911') ON CONFLICT DO NOTHING;
INSERT INTO public.alumnos (id, nombre, edad, account_id, created_at, updated_at) VALUES (33, 'Carlos Soto', 21, 'd1e21639-a9ce-423d-a46e-86993c7fa6b5', '2024-10-12 21:22:48.911', '2024-10-12 21:22:48.911') ON CONFLICT DO NOTHING;
INSERT INTO public.alumnos (id, nombre, edad, account_id, created_at, updated_at) VALUES (34, 'Ana Luque', 23, '48b6c98d-b07d-4265-9283-c4ce4e8f35c9', '2024-10-12 21:22:48.911', '2024-10-12 21:22:48.911') ON CONFLICT DO NOTHING;
INSERT INTO public.alumnos (id, nombre, edad, account_id, created_at, updated_at) VALUES (35, 'Pedro García', 19, '6f9f20fa-f8af-450d-a99e-a11f893e6e63', '2024-10-12 21:22:48.911', '2024-10-12 21:22:48.911') ON CONFLICT DO NOTHING;
INSERT INTO public.alumnos (id, nombre, edad, account_id, created_at, updated_at) VALUES (36, 'Rosa Ramos', 24, '11ed72ea-abd2-45f6-8fde-f196d9b53c30', '2024-10-12 21:22:48.911', '2024-10-12 21:22:48.911') ON CONFLICT DO NOTHING;
INSERT INTO public.alumnos (id, nombre, edad, account_id, created_at, updated_at) VALUES (37, 'Luis Mendoza', 18, '4e235a5d-8ece-43e9-a847-7190e99e7fb0', '2024-10-12 21:22:48.911', '2024-10-12 21:22:48.911') ON CONFLICT DO NOTHING;
INSERT INTO public.alumnos (id, nombre, edad, account_id, created_at, updated_at) VALUES (38, 'José Fernández', 20, '4604853a-89d8-4da8-a4b8-19c3d1aba8f1', '2024-10-12 21:22:48.911', '2024-10-12 21:22:48.911') ON CONFLICT DO NOTHING;
INSERT INTO public.alumnos (id, nombre, edad, account_id, created_at, updated_at) VALUES (39, 'Claudia Gómez', 22, 'a2d3820b-0cf9-46b4-8bda-abb09a584134', '2024-10-12 21:22:48.911', '2024-10-12 21:22:48.911') ON CONFLICT DO NOTHING;
INSERT INTO public.alumnos (id, nombre, edad, account_id, created_at, updated_at) VALUES (40, 'Diego Alarcón', 21, '3c7b4a90-87df-4fba-93ae-a2f7f13ce7fa', '2024-10-12 21:22:48.911', '2024-10-12 21:22:48.911') ON CONFLICT DO NOTHING;
INSERT INTO public.alumnos (id, nombre, edad, account_id, created_at, updated_at) VALUES (41, 'Isabel Reyes', 20, '16f3f500-a130-4dea-bdaa-7077e5b738d9', '2024-10-12 21:22:48.911', '2024-10-12 21:22:48.911') ON CONFLICT DO NOTHING;
INSERT INTO public.alumnos (id, nombre, edad, account_id, created_at, updated_at) VALUES (42, 'Carlos Vega', 24, 'f047d806-3eb1-4c46-909d-7d0881b11d92', '2024-10-12 21:22:48.911', '2024-10-12 21:22:48.911') ON CONFLICT DO NOTHING;
INSERT INTO public.alumnos (id, nombre, edad, account_id, created_at, updated_at) VALUES (43, 'María López', 23, '2a64b5dd-e6d1-4d0d-892f-65b5520e0705', '2024-10-12 21:22:48.911', '2024-10-12 21:22:48.911') ON CONFLICT DO NOTHING;
INSERT INTO public.alumnos (id, nombre, edad, account_id, created_at, updated_at) VALUES (44, 'Víctor Ramos', 19, '85f62434-50be-4e75-9dfd-38324278b458', '2024-10-12 21:22:48.911', '2024-10-12 21:22:48.911') ON CONFLICT DO NOTHING;
INSERT INTO public.alumnos (id, nombre, edad, account_id, created_at, updated_at) VALUES (45, 'Lucía Soto', 21, 'f1ea79ed-a924-49d0-97a2-fa479c0a136c', '2024-10-12 21:22:48.911', '2024-10-12 21:22:48.911') ON CONFLICT DO NOTHING;
INSERT INTO public.alumnos (id, nombre, edad, account_id, created_at, updated_at) VALUES (46, 'Manuel Silva', 22, 'de4e9a92-d820-43b7-b400-ad642249d409', '2024-10-12 21:22:48.911', '2024-10-12 21:22:48.911') ON CONFLICT DO NOTHING;
INSERT INTO public.alumnos (id, nombre, edad, account_id, created_at, updated_at) VALUES (47, 'Ángela López', 20, 'e8e78fe9-c2fd-4e8b-bc62-928e062e4b0a', '2024-10-12 21:22:48.911', '2024-10-12 21:22:48.911') ON CONFLICT DO NOTHING;
INSERT INTO public.alumnos (id, nombre, edad, account_id, created_at, updated_at) VALUES (48, 'Sergio Gómez', 19, '47f7e738-1f24-4b44-a8bc-ab7f81b638e3', '2024-10-12 21:22:48.911', '2024-10-12 21:22:48.911') ON CONFLICT DO NOTHING;
INSERT INTO public.alumnos (id, nombre, edad, account_id, created_at, updated_at) VALUES (49, 'Pablo Fernández', 23, '570e7238-7329-459e-aa63-637266c90a52', '2024-10-12 21:22:48.911', '2024-10-12 21:22:48.911') ON CONFLICT DO NOTHING;
INSERT INTO public.alumnos (id, nombre, edad, account_id, created_at, updated_at) VALUES (50, 'Paula Pérez', 24, '7fcb526a-9bc8-472b-83e4-1961b28de6a6', '2024-10-12 21:22:48.911', '2024-10-12 21:22:48.911') ON CONFLICT DO NOTHING;
INSERT INTO public.alumnos (id, nombre, edad, account_id, created_at, updated_at) VALUES (51, 'Andrés Ramírez', 21, '966a6af1-8b88-4698-a25c-ab918380a7bc', '2024-10-12 21:22:48.911', '2024-10-12 21:22:48.911') ON CONFLICT DO NOTHING;
INSERT INTO public.alumnos (id, nombre, edad, account_id, created_at, updated_at) VALUES (52, 'Martina Rojas', 22, '7bd2581e-9877-4602-8321-b3e77435bb43', '2024-10-12 21:22:48.911', '2024-10-12 21:22:48.911') ON CONFLICT DO NOTHING;
INSERT INTO public.alumnos (id, nombre, edad, account_id, created_at, updated_at) VALUES (53, 'Sofía Gómez', 20, '97994f67-73f3-4783-8d94-cd6cfd124e74', '2024-10-12 21:22:48.911', '2024-10-12 21:22:48.911') ON CONFLICT DO NOTHING;
INSERT INTO public.alumnos (id, nombre, edad, account_id, created_at, updated_at) VALUES (54, 'Antonio Vera', 19, '7d82ad3b-4211-4c7e-91e1-873ded4d0077', '2024-10-12 21:22:48.911', '2024-10-12 21:22:48.911') ON CONFLICT DO NOTHING;
INSERT INTO public.alumnos (id, nombre, edad, account_id, created_at, updated_at) VALUES (55, 'Luisa Rodríguez', 21, 'bfb5cfff-870b-447e-89ec-5dcd7009330d', '2024-10-12 21:22:48.911', '2024-10-12 21:22:48.911') ON CONFLICT DO NOTHING;
INSERT INTO public.alumnos (id, nombre, edad, account_id, created_at, updated_at) VALUES (56, 'Daniela Torres', 22, 'd7bee1fe-e569-458d-a97f-9a50a743fb49', '2024-10-12 21:22:48.911', '2024-10-12 21:22:48.911') ON CONFLICT DO NOTHING;
INSERT INTO public.alumnos (id, nombre, edad, account_id, created_at, updated_at) VALUES (57, 'Marco Antonio', 20, '11ce737f-0b2e-4f22-98f1-648c6d0fa644', '2024-10-12 21:22:48.911', '2024-10-12 21:22:48.911') ON CONFLICT DO NOTHING;
INSERT INTO public.alumnos (id, nombre, edad, account_id, created_at, updated_at) VALUES (58, 'Héctor Correa', 23, 'a9434dd3-d288-4326-ac18-43644324d650', '2024-10-12 21:22:48.911', '2024-10-12 21:22:48.911') ON CONFLICT DO NOTHING;
INSERT INTO public.alumnos (id, nombre, edad, account_id, created_at, updated_at) VALUES (59, 'Juliana López', 19, '061be8fc-1112-4179-8285-cbd5775563dc', '2024-10-12 21:22:48.911', '2024-10-12 21:22:48.911') ON CONFLICT DO NOTHING;
INSERT INTO public.alumnos (id, nombre, edad, account_id, created_at, updated_at) VALUES (60, 'Francisco Luna', 24, '2de2bfc7-c72c-4347-994e-94009eb618c5', '2024-10-12 21:22:48.911', '2024-10-12 21:22:48.911') ON CONFLICT DO NOTHING;

INSERT INTO public.profesores (id, nombre, edad, account_id, created_at, updated_at) VALUES (1, 'Carlos Martínez', 35, 'b9201fb3-df6a-4914-a44c-8aa8b2631ae0', '2024-10-12 21:22:49.384', '2024-10-12 21:22:49.384') ON CONFLICT DO NOTHING;
INSERT INTO public.profesores (id, nombre, edad, account_id, created_at, updated_at) VALUES (2, 'Ana López', 30, 'b70c2fb5-3bb4-4433-8d5e-f18f759083a4', '2024-10-12 21:22:49.384', '2024-10-12 21:22:49.384') ON CONFLICT DO NOTHING;
INSERT INTO public.profesores (id, nombre, edad, account_id, created_at, updated_at) VALUES (3, 'Luis García', 40, '2d4a07b0-3493-4678-ba69-256b13ac5e96', '2024-10-12 21:22:49.384', '2024-10-12 21:22:49.384') ON CONFLICT DO NOTHING;
INSERT INTO public.profesores (id, nombre, edad, account_id, created_at, updated_at) VALUES (4, 'María Rodríguez', 32, '3107c128-05c4-4660-ad5c-462dba61669a', '2024-10-12 21:22:49.384', '2024-10-12 21:22:49.384') ON CONFLICT DO NOTHING;
INSERT INTO public.profesores (id, nombre, edad, account_id, created_at, updated_at) VALUES (5, 'Javier Pérez', 38, 'd8358488-8004-4793-93bc-f34efe6979be', '2024-10-12 21:22:49.384', '2024-10-12 21:22:49.384') ON CONFLICT DO NOTHING;
INSERT INTO public.profesores (id, nombre, edad, account_id, created_at, updated_at) VALUES (6, 'Patricia Torres', 28, 'c3421896-8768-4aeb-a3d5-7b455b6ca88c', '2024-10-12 21:22:49.384', '2024-10-12 21:22:49.384') ON CONFLICT DO NOTHING;
INSERT INTO public.profesores (id, nombre, edad, account_id, created_at, updated_at) VALUES (7, 'Sergio Sánchez', 45, '6c6dea05-7d84-48d8-bb93-bf1c9d44b493', '2024-10-12 21:22:49.384', '2024-10-12 21:22:49.384') ON CONFLICT DO NOTHING;
INSERT INTO public.profesores (id, nombre, edad, account_id, created_at, updated_at) VALUES (8, 'Laura Ramírez', 29, 'fee8528b-fc52-49cf-954a-f7189dcb69dc', '2024-10-12 21:22:49.384', '2024-10-12 21:22:49.384') ON CONFLICT DO NOTHING;
INSERT INTO public.profesores (id, nombre, edad, account_id, created_at, updated_at) VALUES (9, 'Diego Morales', 37, 'e4d82a39-809c-43ba-8600-9aeed0307157', '2024-10-12 21:22:49.384', '2024-10-12 21:22:49.384') ON CONFLICT DO NOTHING;
INSERT INTO public.profesores (id, nombre, edad, account_id, created_at, updated_at) VALUES (10, 'Verónica Fernández', 36, '1bc27af0-59f8-420b-b2ea-f568953fcb9b', '2024-10-12 21:22:49.384', '2024-10-12 21:22:49.384') ON CONFLICT DO NOTHING;
INSERT INTO public.profesores (id, nombre, edad, account_id, created_at, updated_at) VALUES (11, 'José Díaz', 33, '2181916b-7ff8-4c12-9222-d8ad167e79ee', '2024-10-12 21:22:49.384', '2024-10-12 21:22:49.384') ON CONFLICT DO NOTHING;
INSERT INTO public.profesores (id, nombre, edad, account_id, created_at, updated_at) VALUES (12, 'Gabriela Herrera', 27, 'f81d263b-3f20-4ece-94d3-57cae2bd9fbf', '2024-10-12 21:22:49.384', '2024-10-12 21:22:49.384') ON CONFLICT DO NOTHING;
INSERT INTO public.profesores (id, nombre, edad, account_id, created_at, updated_at) VALUES (13, 'Martín Castro', 39, '726e52cc-1ea9-478e-8e68-e5a72c735627', '2024-10-12 21:22:49.384', '2024-10-12 21:22:49.384') ON CONFLICT DO NOTHING;
INSERT INTO public.profesores (id, nombre, edad, account_id, created_at, updated_at) VALUES (14, 'Silvia Aguirre', 31, '44dea03f-c53b-441a-ac92-fc82f7a08275', '2024-10-12 21:22:49.384', '2024-10-12 21:22:49.384') ON CONFLICT DO NOTHING;
INSERT INTO public.profesores (id, nombre, edad, account_id, created_at, updated_at) VALUES (15, 'Felipe Mendoza', 41, 'b377ae3d-9348-4fcd-b724-0c6155b46983', '2024-10-12 21:22:49.384', '2024-10-12 21:22:49.384') ON CONFLICT DO NOTHING;
INSERT INTO public.profesores (id, nombre, edad, account_id, created_at, updated_at) VALUES (16, 'Claudia Vargas', 29, '2ff4c882-3894-44b0-8975-0aaae255950b', '2024-10-12 21:22:49.384', '2024-10-12 21:22:49.384') ON CONFLICT DO NOTHING;
INSERT INTO public.profesores (id, nombre, edad, account_id, created_at, updated_at) VALUES (17, 'Andrés Ríos', 34, 'b360728f-9da3-4987-ad34-20ee14546909', '2024-10-12 21:22:49.384', '2024-10-12 21:22:49.384') ON CONFLICT DO NOTHING;
INSERT INTO public.profesores (id, nombre, edad, account_id, created_at, updated_at) VALUES (18, 'Sandra Salazar', 38, 'f9dbf3ac-5e8d-47ab-aac8-2a4a2bd20dcb', '2024-10-12 21:22:49.384', '2024-10-12 21:22:49.384') ON CONFLICT DO NOTHING;
INSERT INTO public.profesores (id, nombre, edad, account_id, created_at, updated_at) VALUES (19, 'Hugo Navarro', 36, '7b589159-475d-4587-a6bd-76b07b6f6f75', '2024-10-12 21:22:49.384', '2024-10-12 21:22:49.384') ON CONFLICT DO NOTHING;
INSERT INTO public.profesores (id, nombre, edad, account_id, created_at, updated_at) VALUES (20, 'Renata Espinoza', 27, '992f6f30-9fdf-4f64-9d8f-0ae99b9bb9cd', '2024-10-12 21:22:49.384', '2024-10-12 21:22:49.384') ON CONFLICT DO NOTHING;
INSERT INTO public.profesores (id, nombre, edad, account_id, created_at, updated_at) VALUES (21, 'Cristina Ortega', 32, '01b90371-a2ab-42a0-8b91-56a17d7f9dd1', '2024-10-12 21:22:49.384', '2024-10-12 21:22:49.384') ON CONFLICT DO NOTHING;
INSERT INTO public.profesores (id, nombre, edad, account_id, created_at, updated_at) VALUES (22, 'Rodrigo Cortés', 43, 'c0d38648-0fa8-4dd8-a353-90eb5b68fb49', '2024-10-12 21:22:49.384', '2024-10-12 21:22:49.384') ON CONFLICT DO NOTHING;
INSERT INTO public.profesores (id, nombre, edad, account_id, created_at, updated_at) VALUES (23, 'Luz Castro', 30, '581c4d94-9b0c-41ac-9fc6-78e959f722a2', '2024-10-12 21:22:49.384', '2024-10-12 21:22:49.384') ON CONFLICT DO NOTHING;
INSERT INTO public.profesores (id, nombre, edad, account_id, created_at, updated_at) VALUES (24, 'Héctor Soto', 35, '1e6321fc-56ab-4747-98a6-4ecc3f971d25', '2024-10-12 21:22:49.384', '2024-10-12 21:22:49.384') ON CONFLICT DO NOTHING;
INSERT INTO public.profesores (id, nombre, edad, account_id, created_at, updated_at) VALUES (25, 'Mónica Jiménez', 33, '5e7c29cc-1178-4ac6-9743-853e59052bfc', '2024-10-12 21:22:49.384', '2024-10-12 21:22:49.384') ON CONFLICT DO NOTHING;
INSERT INTO public.profesores (id, nombre, edad, account_id, created_at, updated_at) VALUES (26, 'Pedro Aguirre', 42, 'e22a2641-7e40-4bb9-8fb7-6b395250aa55', '2024-10-12 21:22:49.384', '2024-10-12 21:22:49.384') ON CONFLICT DO NOTHING;
INSERT INTO public.profesores (id, nombre, edad, account_id, created_at, updated_at) VALUES (27, 'Tamara Guzmán', 31, 'bfecc3e8-9721-47fb-bcf9-e1c52934321a', '2024-10-12 21:22:49.384', '2024-10-12 21:22:49.384') ON CONFLICT DO NOTHING;
INSERT INTO public.profesores (id, nombre, edad, account_id, created_at, updated_at) VALUES (28, 'Mario Villanueva', 39, '35e4fe3d-2516-4974-a9f0-c2ff586ac3ed', '2024-10-12 21:22:49.384', '2024-10-12 21:22:49.384') ON CONFLICT DO NOTHING;
INSERT INTO public.profesores (id, nombre, edad, account_id, created_at, updated_at) VALUES (29, 'Jazmín Delgado', 28, 'a843b4c6-0975-4b0b-a4cc-e9ded39cca82', '2024-10-12 21:22:49.384', '2024-10-12 21:22:49.384') ON CONFLICT DO NOTHING;
INSERT INTO public.profesores (id, nombre, edad, account_id, created_at, updated_at) VALUES (30, 'Fernando Morales', 34, 'f9fd276e-ea56-4a80-a00f-5897cd97980b', '2024-10-12 21:22:49.384', '2024-10-12 21:22:49.384') ON CONFLICT DO NOTHING;

INSERT INTO public.profesor_especialidades (profesor_id, especialidad_id, created_at, updated_at) VALUES (1, 1, '2024-10-12 21:22:50.803', '2024-10-12 21:22:50.803') ON CONFLICT DO NOTHING;
INSERT INTO public.profesor_especialidades (profesor_id, especialidad_id, created_at, updated_at) VALUES (2, 1, '2024-10-12 21:22:50.803', '2024-10-12 21:22:50.803') ON CONFLICT DO NOTHING;
INSERT INTO public.profesor_especialidades (profesor_id, especialidad_id, created_at, updated_at) VALUES (3, 1, '2024-10-12 21:22:50.803', '2024-10-12 21:22:50.803') ON CONFLICT DO NOTHING;
INSERT INTO public.profesor_especialidades (profesor_id, especialidad_id, created_at, updated_at) VALUES (4, 2, '2024-10-12 21:22:50.803', '2024-10-12 21:22:50.803') ON CONFLICT DO NOTHING;
INSERT INTO public.profesor_especialidades (profesor_id, especialidad_id, created_at, updated_at) VALUES (5, 2, '2024-10-12 21:22:50.803', '2024-10-12 21:22:50.803') ON CONFLICT DO NOTHING;
INSERT INTO public.profesor_especialidades (profesor_id, especialidad_id, created_at, updated_at) VALUES (6, 3, '2024-10-12 21:22:50.803', '2024-10-12 21:22:50.803') ON CONFLICT DO NOTHING;
INSERT INTO public.profesor_especialidades (profesor_id, especialidad_id, created_at, updated_at) VALUES (7, 4, '2024-10-12 21:22:50.803', '2024-10-12 21:22:50.803') ON CONFLICT DO NOTHING;
INSERT INTO public.profesor_especialidades (profesor_id, especialidad_id, created_at, updated_at) VALUES (8, 5, '2024-10-12 21:22:50.803', '2024-10-12 21:22:50.803') ON CONFLICT DO NOTHING;
INSERT INTO public.profesor_especialidades (profesor_id, especialidad_id, created_at, updated_at) VALUES (9, 6, '2024-10-12 21:22:50.803', '2024-10-12 21:22:50.803') ON CONFLICT DO NOTHING;
INSERT INTO public.profesor_especialidades (profesor_id, especialidad_id, created_at, updated_at) VALUES (10, 7, '2024-10-12 21:22:50.803', '2024-10-12 21:22:50.803') ON CONFLICT DO NOTHING;
INSERT INTO public.profesor_especialidades (profesor_id, especialidad_id, created_at, updated_at) VALUES (11, 8, '2024-10-12 21:22:50.803', '2024-10-12 21:22:50.803') ON CONFLICT DO NOTHING;
INSERT INTO public.profesor_especialidades (profesor_id, especialidad_id, created_at, updated_at) VALUES (12, 9, '2024-10-12 21:22:50.803', '2024-10-12 21:22:50.803') ON CONFLICT DO NOTHING;
INSERT INTO public.profesor_especialidades (profesor_id, especialidad_id, created_at, updated_at) VALUES (13, 10, '2024-10-12 21:22:50.803', '2024-10-12 21:22:50.803') ON CONFLICT DO NOTHING;
INSERT INTO public.profesor_especialidades (profesor_id, especialidad_id, created_at, updated_at) VALUES (14, 11, '2024-10-12 21:22:50.803', '2024-10-12 21:22:50.803') ON CONFLICT DO NOTHING;
INSERT INTO public.profesor_especialidades (profesor_id, especialidad_id, created_at, updated_at) VALUES (15, 12, '2024-10-12 21:22:50.803', '2024-10-12 21:22:50.803') ON CONFLICT DO NOTHING;
INSERT INTO public.profesor_especialidades (profesor_id, especialidad_id, created_at, updated_at) VALUES (16, 13, '2024-10-12 21:22:50.803', '2024-10-12 21:22:50.803') ON CONFLICT DO NOTHING;
INSERT INTO public.profesor_especialidades (profesor_id, especialidad_id, created_at, updated_at) VALUES (17, 14, '2024-10-12 21:22:50.803', '2024-10-12 21:22:50.803') ON CONFLICT DO NOTHING;
INSERT INTO public.profesor_especialidades (profesor_id, especialidad_id, created_at, updated_at) VALUES (18, 15, '2024-10-12 21:22:50.803', '2024-10-12 21:22:50.803') ON CONFLICT DO NOTHING;
INSERT INTO public.profesor_especialidades (profesor_id, especialidad_id, created_at, updated_at) VALUES (19, 16, '2024-10-12 21:22:50.803', '2024-10-12 21:22:50.803') ON CONFLICT DO NOTHING;
INSERT INTO public.profesor_especialidades (profesor_id, especialidad_id, created_at, updated_at) VALUES (20, 17, '2024-10-12 21:22:50.803', '2024-10-12 21:22:50.803') ON CONFLICT DO NOTHING;
INSERT INTO public.profesor_especialidades (profesor_id, especialidad_id, created_at, updated_at) VALUES (21, 18, '2024-10-12 21:22:50.803', '2024-10-12 21:22:50.803') ON CONFLICT DO NOTHING;
INSERT INTO public.profesor_especialidades (profesor_id, especialidad_id, created_at, updated_at) VALUES (22, 19, '2024-10-12 21:22:50.803', '2024-10-12 21:22:50.803') ON CONFLICT DO NOTHING;
INSERT INTO public.profesor_especialidades (profesor_id, especialidad_id, created_at, updated_at) VALUES (23, 20, '2024-10-12 21:22:50.803', '2024-10-12 21:22:50.803') ON CONFLICT DO NOTHING;
INSERT INTO public.profesor_especialidades (profesor_id, especialidad_id, created_at, updated_at) VALUES (24, 1, '2024-10-12 21:22:50.803', '2024-10-12 21:22:50.803') ON CONFLICT DO NOTHING;
INSERT INTO public.profesor_especialidades (profesor_id, especialidad_id, created_at, updated_at) VALUES (25, 2, '2024-10-12 21:22:50.803', '2024-10-12 21:22:50.803') ON CONFLICT DO NOTHING;
INSERT INTO public.profesor_especialidades (profesor_id, especialidad_id, created_at, updated_at) VALUES (26, 3, '2024-10-12 21:22:50.803', '2024-10-12 21:22:50.803') ON CONFLICT DO NOTHING;
INSERT INTO public.profesor_especialidades (profesor_id, especialidad_id, created_at, updated_at) VALUES (27, 4, '2024-10-12 21:22:50.803', '2024-10-12 21:22:50.803') ON CONFLICT DO NOTHING;
INSERT INTO public.profesor_especialidades (profesor_id, especialidad_id, created_at, updated_at) VALUES (28, 5, '2024-10-12 21:22:50.803', '2024-10-12 21:22:50.803') ON CONFLICT DO NOTHING;
INSERT INTO public.profesor_especialidades (profesor_id, especialidad_id, created_at, updated_at) VALUES (29, 6, '2024-10-12 21:22:50.803', '2024-10-12 21:22:50.803') ON CONFLICT DO NOTHING;
INSERT INTO public.profesor_especialidades (profesor_id, especialidad_id, created_at, updated_at) VALUES (30, 7, '2024-10-12 21:22:50.803', '2024-10-12 21:22:50.803') ON CONFLICT DO NOTHING;

INSERT INTO public.profesor_subespecialidades (subEspecialidad_id, profesor_id, created_at, updated_at) VALUES (1, 1, '2024-10-12 21:22:51.279', '2024-10-12 21:22:51.279') ON CONFLICT DO NOTHING;
INSERT INTO public.profesor_subespecialidades (subEspecialidad_id, profesor_id, created_at, updated_at) VALUES (2, 2, '2024-10-12 21:22:51.279', '2024-10-12 21:22:51.279') ON CONFLICT DO NOTHING;
INSERT INTO public.profesor_subespecialidades (subEspecialidad_id, profesor_id, created_at, updated_at) VALUES (3, 3, '2024-10-12 21:22:51.279', '2024-10-12 21:22:51.279') ON CONFLICT DO NOTHING;
INSERT INTO public.profesor_subespecialidades (subEspecialidad_id, profesor_id, created_at, updated_at) VALUES (4, 4, '2024-10-12 21:22:51.279', '2024-10-12 21:22:51.279') ON CONFLICT DO NOTHING;
INSERT INTO public.profesor_subespecialidades (subEspecialidad_id, profesor_id, created_at, updated_at) VALUES (5, 5, '2024-10-12 21:22:51.279', '2024-10-12 21:22:51.279') ON CONFLICT DO NOTHING;
INSERT INTO public.profesor_subespecialidades (subEspecialidad_id, profesor_id, created_at, updated_at) VALUES (6, 6, '2024-10-12 21:22:51.279', '2024-10-12 21:22:51.279') ON CONFLICT DO NOTHING;
INSERT INTO public.profesor_subespecialidades (subEspecialidad_id, profesor_id, created_at, updated_at) VALUES (7, 7, '2024-10-12 21:22:51.279', '2024-10-12 21:22:51.279') ON CONFLICT DO NOTHING;
INSERT INTO public.profesor_subespecialidades (subEspecialidad_id, profesor_id, created_at, updated_at) VALUES (8, 8, '2024-10-12 21:22:51.279', '2024-10-12 21:22:51.279') ON CONFLICT DO NOTHING;
INSERT INTO public.profesor_subespecialidades (subEspecialidad_id, profesor_id, created_at, updated_at) VALUES (9, 9, '2024-10-12 21:22:51.279', '2024-10-12 21:22:51.279') ON CONFLICT DO NOTHING;
INSERT INTO public.profesor_subespecialidades (subEspecialidad_id, profesor_id, created_at, updated_at) VALUES (10, 10, '2024-10-12 21:22:51.279', '2024-10-12 21:22:51.279') ON CONFLICT DO NOTHING;
INSERT INTO public.profesor_subespecialidades (subEspecialidad_id, profesor_id, created_at, updated_at) VALUES (11, 11, '2024-10-12 21:22:51.279', '2024-10-12 21:22:51.279') ON CONFLICT DO NOTHING;
INSERT INTO public.profesor_subespecialidades (subEspecialidad_id, profesor_id, created_at, updated_at) VALUES (12, 12, '2024-10-12 21:22:51.279', '2024-10-12 21:22:51.279') ON CONFLICT DO NOTHING;
INSERT INTO public.profesor_subespecialidades (subEspecialidad_id, profesor_id, created_at, updated_at) VALUES (13, 13, '2024-10-12 21:22:51.279', '2024-10-12 21:22:51.279') ON CONFLICT DO NOTHING;
INSERT INTO public.profesor_subespecialidades (subEspecialidad_id, profesor_id, created_at, updated_at) VALUES (14, 14, '2024-10-12 21:22:51.279', '2024-10-12 21:22:51.279') ON CONFLICT DO NOTHING;
INSERT INTO public.profesor_subespecialidades (subEspecialidad_id, profesor_id, created_at, updated_at) VALUES (15, 15, '2024-10-12 21:22:51.279', '2024-10-12 21:22:51.279') ON CONFLICT DO NOTHING;
INSERT INTO public.profesor_subespecialidades (subEspecialidad_id, profesor_id, created_at, updated_at) VALUES (16, 16, '2024-10-12 21:22:51.279', '2024-10-12 21:22:51.279') ON CONFLICT DO NOTHING;
INSERT INTO public.profesor_subespecialidades (subEspecialidad_id, profesor_id, created_at, updated_at) VALUES (17, 17, '2024-10-12 21:22:51.279', '2024-10-12 21:22:51.279') ON CONFLICT DO NOTHING;
INSERT INTO public.profesor_subespecialidades (subEspecialidad_id, profesor_id, created_at, updated_at) VALUES (18, 18, '2024-10-12 21:22:51.279', '2024-10-12 21:22:51.279') ON CONFLICT DO NOTHING;
INSERT INTO public.profesor_subespecialidades (subEspecialidad_id, profesor_id, created_at, updated_at) VALUES (19, 19, '2024-10-12 21:22:51.279', '2024-10-12 21:22:51.279') ON CONFLICT DO NOTHING;
INSERT INTO public.profesor_subespecialidades (subEspecialidad_id, profesor_id, created_at, updated_at) VALUES (20, 20, '2024-10-12 21:22:51.279', '2024-10-12 21:22:51.279') ON CONFLICT DO NOTHING;

INSERT INTO public.clases (id, es_virtual, es_grupal, fecha_clase, profesor_id, created_at, updated_at, subespecialidad_id, sector_id) VALUES (1, true, true, '2024-10-15 09:00:00', 1, '2024-10-12 21:22:51.757', '2024-10-12 21:22:51.757', 1, 1) ON CONFLICT DO NOTHING;
INSERT INTO public.clases (id, es_virtual, es_grupal, fecha_clase, profesor_id, created_at, updated_at, subespecialidad_id, sector_id) VALUES (2, false, false, '2024-10-16 10:30:00', 2, '2024-10-12 21:22:51.757', '2024-10-12 21:22:51.757', 2, 1) ON CONFLICT DO NOTHING;
INSERT INTO public.clases (id, es_virtual, es_grupal, fecha_clase, profesor_id, created_at, updated_at, subespecialidad_id, sector_id) VALUES (3, true, false, '2024-10-17 14:00:00', 3, '2024-10-12 21:22:51.757', '2024-10-12 21:22:51.757', 3, 1) ON CONFLICT DO NOTHING;
INSERT INTO public.clases (id, es_virtual, es_grupal, fecha_clase, profesor_id, created_at, updated_at, subespecialidad_id, sector_id) VALUES (4, false, true, '2024-10-18 15:00:00', 4, '2024-10-12 21:22:51.757', '2024-10-12 21:22:51.757', 4, 1) ON CONFLICT DO NOTHING;
INSERT INTO public.clases (id, es_virtual, es_grupal, fecha_clase, profesor_id, created_at, updated_at, subespecialidad_id, sector_id) VALUES (5, true, true, '2024-10-19 08:00:00', 5, '2024-10-12 21:22:51.757', '2024-10-12 21:22:51.757', 5, 1) ON CONFLICT DO NOTHING;
INSERT INTO public.clases (id, es_virtual, es_grupal, fecha_clase, profesor_id, created_at, updated_at, subespecialidad_id, sector_id) VALUES (6, false, false, '2024-10-20 11:00:00', 6, '2024-10-12 21:22:51.757', '2024-10-12 21:22:51.757', 1, 1) ON CONFLICT DO NOTHING;
INSERT INTO public.clases (id, es_virtual, es_grupal, fecha_clase, profesor_id, created_at, updated_at, subespecialidad_id, sector_id) VALUES (7, true, true, '2024-10-21 13:00:00', 7, '2024-10-12 21:22:51.757', '2024-10-12 21:22:51.757', 2, 1) ON CONFLICT DO NOTHING;
INSERT INTO public.clases (id, es_virtual, es_grupal, fecha_clase, profesor_id, created_at, updated_at, subespecialidad_id, sector_id) VALUES (8, false, false, '2024-10-22 16:00:00', 8, '2024-10-12 21:22:51.757', '2024-10-12 21:22:51.757', 3, 1) ON CONFLICT DO NOTHING;
INSERT INTO public.clases (id, es_virtual, es_grupal, fecha_clase, profesor_id, created_at, updated_at, subespecialidad_id, sector_id) VALUES (9, true, false, '2024-10-23 17:30:00', 9, '2024-10-12 21:22:51.757', '2024-10-12 21:22:51.757', 4, 1) ON CONFLICT DO NOTHING;
INSERT INTO public.clases (id, es_virtual, es_grupal, fecha_clase, profesor_id, created_at, updated_at, subespecialidad_id, sector_id) VALUES (10, false, true, '2024-10-24 09:30:00', 10, '2024-10-12 21:22:51.757', '2024-10-12 21:22:51.757', 5, 1) ON CONFLICT DO NOTHING;
INSERT INTO public.clases (id, es_virtual, es_grupal, fecha_clase, profesor_id, created_at, updated_at, subespecialidad_id, sector_id) VALUES (11, true, true, '2024-10-25 10:00:00', 11, '2024-10-12 21:22:51.757', '2024-10-12 21:22:51.757', 6, 1) ON CONFLICT DO NOTHING;
INSERT INTO public.clases (id, es_virtual, es_grupal, fecha_clase, profesor_id, created_at, updated_at, subespecialidad_id, sector_id) VALUES (12, false, false, '2024-10-26 15:00:00', 12, '2024-10-12 21:22:51.757', '2024-10-12 21:22:51.757', 7, 1) ON CONFLICT DO NOTHING;
INSERT INTO public.clases (id, es_virtual, es_grupal, fecha_clase, profesor_id, created_at, updated_at, subespecialidad_id, sector_id) VALUES (13, true, false, '2024-10-27 12:00:00', 13, '2024-10-12 21:22:51.757', '2024-10-12 21:22:51.757', 8, 1) ON CONFLICT DO NOTHING;
INSERT INTO public.clases (id, es_virtual, es_grupal, fecha_clase, profesor_id, created_at, updated_at, subespecialidad_id, sector_id) VALUES (14, false, true, '2024-10-28 14:30:00', 14, '2024-10-12 21:22:51.757', '2024-10-12 21:22:51.757', 9, 1) ON CONFLICT DO NOTHING;
INSERT INTO public.clases (id, es_virtual, es_grupal, fecha_clase, profesor_id, created_at, updated_at, subespecialidad_id, sector_id) VALUES (15, true, true, '2024-10-29 11:30:00', 15, '2024-10-12 21:22:51.757', '2024-10-12 21:22:51.757', 10, 1) ON CONFLICT DO NOTHING;
INSERT INTO public.clases (id, es_virtual, es_grupal, fecha_clase, profesor_id, created_at, updated_at, subespecialidad_id, sector_id) VALUES (16, false, false, '2024-10-30 13:00:00', 16, '2024-10-12 21:22:51.757', '2024-10-12 21:22:51.757', 11, 1) ON CONFLICT DO NOTHING;
INSERT INTO public.clases (id, es_virtual, es_grupal, fecha_clase, profesor_id, created_at, updated_at, subespecialidad_id, sector_id) VALUES (17, true, false, '2024-10-31 16:00:00', 17, '2024-10-12 21:22:51.757', '2024-10-12 21:22:51.757', 12, 1) ON CONFLICT DO NOTHING;
INSERT INTO public.clases (id, es_virtual, es_grupal, fecha_clase, profesor_id, created_at, updated_at, subespecialidad_id, sector_id) VALUES (18, false, true, '2024-11-01 09:00:00', 18, '2024-10-12 21:22:51.757', '2024-10-12 21:22:51.757', 1, 1) ON CONFLICT DO NOTHING;
INSERT INTO public.clases (id, es_virtual, es_grupal, fecha_clase, profesor_id, created_at, updated_at, subespecialidad_id, sector_id) VALUES (19, true, true, '2024-11-02 10:30:00', 19, '2024-10-12 21:22:51.757', '2024-10-12 21:22:51.757', 2, 1) ON CONFLICT DO NOTHING;
INSERT INTO public.clases (id, es_virtual, es_grupal, fecha_clase, profesor_id, created_at, updated_at, subespecialidad_id, sector_id) VALUES (20, false, false, '2024-11-03 14:00:00', 20, '2024-10-12 21:22:51.757', '2024-10-12 21:22:51.757', 3, 1) ON CONFLICT DO NOTHING;

INSERT INTO public.material_clases (id, material_id, clase_id) VALUES (1, 1, 1) ON CONFLICT DO NOTHING;
INSERT INTO public.material_clases (id, material_id, clase_id) VALUES (2, 2, 2) ON CONFLICT DO NOTHING;
INSERT INTO public.material_clases (id, material_id, clase_id) VALUES (3, 3, 3) ON CONFLICT DO NOTHING;
INSERT INTO public.material_clases (id, material_id, clase_id) VALUES (4, 4, 4) ON CONFLICT DO NOTHING;
INSERT INTO public.material_clases (id, material_id, clase_id) VALUES (5, 5, 5) ON CONFLICT DO NOTHING;
INSERT INTO public.material_clases (id, material_id, clase_id) VALUES (6, 6, 6) ON CONFLICT DO NOTHING;
INSERT INTO public.material_clases (id, material_id, clase_id) VALUES (7, 7, 7) ON CONFLICT DO NOTHING;
INSERT INTO public.material_clases (id, material_id, clase_id) VALUES (8, 8, 8) ON CONFLICT DO NOTHING;
INSERT INTO public.material_clases (id, material_id, clase_id) VALUES (9, 9, 9) ON CONFLICT DO NOTHING;
INSERT INTO public.material_clases (id, material_id, clase_id) VALUES (10, 10, 10) ON CONFLICT DO NOTHING;
INSERT INTO public.material_clases (id, material_id, clase_id) VALUES (11, 11, 11) ON CONFLICT DO NOTHING;
INSERT INTO public.material_clases (id, material_id, clase_id) VALUES (12, 12, 12) ON CONFLICT DO NOTHING;
INSERT INTO public.material_clases (id, material_id, clase_id) VALUES (13, 13, 13) ON CONFLICT DO NOTHING;
INSERT INTO public.material_clases (id, material_id, clase_id) VALUES (14, 14, 14) ON CONFLICT DO NOTHING;
INSERT INTO public.material_clases (id, material_id, clase_id) VALUES (15, 15, 15) ON CONFLICT DO NOTHING;
INSERT INTO public.material_clases (id, material_id, clase_id) VALUES (16, 16, 16) ON CONFLICT DO NOTHING;
INSERT INTO public.material_clases (id, material_id, clase_id) VALUES (17, 17, 17) ON CONFLICT DO NOTHING;
INSERT INTO public.material_clases (id, material_id, clase_id) VALUES (18, 18, 18) ON CONFLICT DO NOTHING;
INSERT INTO public.material_clases (id, material_id, clase_id) VALUES (19, 19, 19) ON CONFLICT DO NOTHING;
INSERT INTO public.material_clases (id, material_id, clase_id) VALUES (20, 20, 20) ON CONFLICT DO NOTHING;


INSERT INTO public.reviews (id, descripcion, ensenanza, puntualidad, disponibilidad, comunicacion, evaluacion, empatia, profesor_id, alumno_id, created_at, updated_at) VALUES (100, 'Excelente profesor, muy claro en sus explicaciones.', 5, 5, 5, 5, 5, 5, 1, 31, '2024-10-12 21:39:46.536', '2024-10-12 21:39:46.536') ON CONFLICT DO NOTHING;
INSERT INTO public.reviews (id, descripcion, ensenanza, puntualidad, disponibilidad, comunicacion, evaluacion, empatia, profesor_id, alumno_id, created_at, updated_at) VALUES (101, 'La clase fue muy útil y aprendí bastante.', 4, 5, 4, 4, 4, 4, 2, 32, '2024-10-12 21:39:46.536', '2024-10-12 21:39:46.536') ON CONFLICT DO NOTHING;
INSERT INTO public.reviews (id, descripcion, ensenanza, puntualidad, disponibilidad, comunicacion, evaluacion, empatia, profesor_id, alumno_id, created_at, updated_at) VALUES (102, 'Un profesor muy paciente, pero a veces se retrasa.', 3, 3, 4, 4, 3, 4, 1, 33, '2024-10-12 21:39:46.536', '2024-10-12 21:39:46.536') ON CONFLICT DO NOTHING;
INSERT INTO public.reviews (id, descripcion, ensenanza, puntualidad, disponibilidad, comunicacion, evaluacion, empatia, profesor_id, alumno_id, created_at, updated_at) VALUES (103, 'Gran disponibilidad, siempre responde a tiempo.', 4, 5, 5, 5, 4, 5, 3, 34, '2024-10-12 21:39:46.536', '2024-10-12 21:39:46.536') ON CONFLICT DO NOTHING;
INSERT INTO public.reviews (id, descripcion, ensenanza, puntualidad, disponibilidad, comunicacion, evaluacion, empatia, profesor_id, alumno_id, created_at, updated_at) VALUES (104, 'No cumplió con las expectativas, pero tiene buena intención.', 2, 2, 3, 3, 2, 2, 2, 35, '2024-10-12 21:39:46.536', '2024-10-12 21:39:46.536') ON CONFLICT DO NOTHING;
INSERT INTO public.reviews (id, descripcion, ensenanza, puntualidad, disponibilidad, comunicacion, evaluacion, empatia, profesor_id, alumno_id, created_at, updated_at) VALUES (105, 'Las explicaciones son confusas, pero se esfuerza.', 3, 3, 3, 2, 3, 3, 4, 36, '2024-10-12 21:39:46.536', '2024-10-12 21:39:46.536') ON CONFLICT DO NOTHING;
INSERT INTO public.reviews (id, descripcion, ensenanza, puntualidad, disponibilidad, comunicacion, evaluacion, empatia, profesor_id, alumno_id, created_at, updated_at) VALUES (106, 'Súper empático, entiende mis dificultades.', 5, 5, 4, 5, 5, 5, 3, 37, '2024-10-12 21:39:46.536', '2024-10-12 21:39:46.536') ON CONFLICT DO NOTHING;
INSERT INTO public.reviews (id, descripcion, ensenanza, puntualidad, disponibilidad, comunicacion, evaluacion, empatia, profesor_id, alumno_id, created_at, updated_at) VALUES (107, 'Buena comunicación, aunque a veces se desvía del tema.', 4, 4, 3, 4, 4, 4, 5, 38, '2024-10-12 21:39:46.536', '2024-10-12 21:39:46.536') ON CONFLICT DO NOTHING;
INSERT INTO public.reviews (id, descripcion, ensenanza, puntualidad, disponibilidad, comunicacion, evaluacion, empatia, profesor_id, alumno_id, created_at, updated_at) VALUES (108, 'Las clases son dinámicas y entretenidas.', 4, 4, 5, 4, 4, 4, 1, 39, '2024-10-12 21:39:46.536', '2024-10-12 21:39:46.536') ON CONFLICT DO NOTHING;
INSERT INTO public.reviews (id, descripcion, ensenanza, puntualidad, disponibilidad, comunicacion, evaluacion, empatia, profesor_id, alumno_id, created_at, updated_at) VALUES (109, 'Siempre puntual, muy profesional.', 5, 5, 5, 5, 5, 5, 2, 40, '2024-10-12 21:39:46.536', '2024-10-12 21:39:46.536') ON CONFLICT DO NOTHING;
INSERT INTO public.reviews (id, descripcion, ensenanza, puntualidad, disponibilidad, comunicacion, evaluacion, empatia, profesor_id, alumno_id, created_at, updated_at) VALUES (110, 'Muy buena conexión con los alumnos, se siente cercano.', 4, 4, 4, 5, 4, 4, 3, 41, '2024-10-12 21:39:46.536', '2024-10-12 21:39:46.536') ON CONFLICT DO NOTHING;
INSERT INTO public.reviews (id, descripcion, ensenanza, puntualidad, disponibilidad, comunicacion, evaluacion, empatia, profesor_id, alumno_id, created_at, updated_at) VALUES (111, 'Las tareas son desafiantes pero justas.', 4, 5, 5, 4, 4, 5, 4, 42, '2024-10-12 21:39:46.536', '2024-10-12 21:39:46.536') ON CONFLICT DO NOTHING;
INSERT INTO public.reviews (id, descripcion, ensenanza, puntualidad, disponibilidad, comunicacion, evaluacion, empatia, profesor_id, alumno_id, created_at, updated_at) VALUES (112, 'Enseña bien, pero a veces es difícil seguirle el ritmo.', 3, 3, 4, 3, 3, 3, 5, 43, '2024-10-12 21:39:46.536', '2024-10-12 21:39:46.536') ON CONFLICT DO NOTHING;
INSERT INTO public.reviews (id, descripcion, ensenanza, puntualidad, disponibilidad, comunicacion, evaluacion, empatia, profesor_id, alumno_id, created_at, updated_at) VALUES (113, 'Me gustaría que se tomara más tiempo para repasar conceptos.', 2, 2, 3, 3, 3, 2, 1, 44, '2024-10-12 21:39:46.536', '2024-10-12 21:39:46.536') ON CONFLICT DO NOTHING;
INSERT INTO public.reviews (id, descripcion, ensenanza, puntualidad, disponibilidad, comunicacion, evaluacion, empatia, profesor_id, alumno_id, created_at, updated_at) VALUES (114, 'Siento que he mejorado mucho gracias a sus clases.', 5, 5, 5, 5, 5, 5, 2, 45, '2024-10-12 21:39:46.536', '2024-10-12 21:39:46.536') ON CONFLICT DO NOTHING;
INSERT INTO public.reviews (id, descripcion, ensenanza, puntualidad, disponibilidad, comunicacion, evaluacion, empatia, profesor_id, alumno_id, created_at, updated_at) VALUES (115, 'Es un buen profesor, pero necesita mejorar su organización.', 3, 3, 4, 3, 3, 3, 3, 46, '2024-10-12 21:39:46.536', '2024-10-12 21:39:46.536') ON CONFLICT DO NOTHING;
INSERT INTO public.reviews (id, descripcion, ensenanza, puntualidad, disponibilidad, comunicacion, evaluacion, empatia, profesor_id, alumno_id, created_at, updated_at) VALUES (116, 'Excelente disposición para ayudar, se siente muy accesible.', 5, 5, 5, 5, 5, 5, 4, 47, '2024-10-12 21:39:46.536', '2024-10-12 21:39:46.536') ON CONFLICT DO NOTHING;
INSERT INTO public.reviews (id, descripcion, ensenanza, puntualidad, disponibilidad, comunicacion, evaluacion, empatia, profesor_id, alumno_id, created_at, updated_at) VALUES (117, 'Se enfoca mucho en la teoría, falta práctica.', 2, 3, 2, 2, 3, 2, 5, 48, '2024-10-12 21:39:46.536', '2024-10-12 21:39:46.536') ON CONFLICT DO NOTHING;
INSERT INTO public.reviews (id, descripcion, ensenanza, puntualidad, disponibilidad, comunicacion, evaluacion, empatia, profesor_id, alumno_id, created_at, updated_at) VALUES (118, 'Sabe mucho de la materia, me gustaría más ejemplos prácticos.', 4, 4, 4, 4, 4, 4, 3, 49, '2024-10-12 21:39:46.536', '2024-10-12 21:39:46.536') ON CONFLICT DO NOTHING;
INSERT INTO public.reviews (id, descripcion, ensenanza, puntualidad, disponibilidad, comunicacion, evaluacion, empatia, profesor_id, alumno_id, created_at, updated_at) VALUES (119, 'El ambiente de clase es muy agradable, se puede aprender bien.', 5, 5, 5, 5, 5, 5, 1, 50, '2024-10-12 21:39:46.536', '2024-10-12 21:39:46.536') ON CONFLICT DO NOTHING;
INSERT INTO public.reviews (id, descripcion, ensenanza, puntualidad, disponibilidad, comunicacion, evaluacion, empatia, profesor_id, alumno_id, created_at, updated_at) VALUES (120, 'No siempre está disponible, pero cuando lo está, es útil.', 3, 2, 3, 3, 3, 3, 2, 51, '2024-10-12 21:39:46.536', '2024-10-12 21:39:46.536') ON CONFLICT DO NOTHING;
INSERT INTO public.reviews (id, descripcion, ensenanza, puntualidad, disponibilidad, comunicacion, evaluacion, empatia, profesor_id, alumno_id, created_at, updated_at) VALUES (121, 'Mucha claridad en las explicaciones, un buen profesor.', 4, 5, 4, 4, 4, 4, 1, 52, '2024-10-12 21:39:46.536', '2024-10-12 21:39:46.536') ON CONFLICT DO NOTHING;
INSERT INTO public.reviews (id, descripcion, ensenanza, puntualidad, disponibilidad, comunicacion, evaluacion, empatia, profesor_id, alumno_id, created_at, updated_at) VALUES (122, 'Es bastante estricto, pero eso me ayuda a enfocarme.', 4, 4, 4, 4, 4, 4, 2, 53, '2024-10-12 21:39:46.536', '2024-10-12 21:39:46.536') ON CONFLICT DO NOTHING;
INSERT INTO public.reviews (id, descripcion, ensenanza, puntualidad, disponibilidad, comunicacion, evaluacion, empatia, profesor_id, alumno_id, created_at, updated_at) VALUES (123, 'Algunas veces se distrae, pero en general es bueno.', 3, 3, 3, 3, 3, 3, 3, 54, '2024-10-12 21:39:46.536', '2024-10-12 21:39:46.536') ON CONFLICT DO NOTHING;
INSERT INTO public.reviews (id, descripcion, ensenanza, puntualidad, disponibilidad, comunicacion, evaluacion, empatia, profesor_id, alumno_id, created_at, updated_at) VALUES (124, 'Es un buen profesor, pero necesita un poco más de paciencia.', 3, 3, 4, 4, 3, 3, 4, 55, '2024-10-12 21:39:46.536', '2024-10-12 21:39:46.536') ON CONFLICT DO NOTHING;
INSERT INTO public.reviews (id, descripcion, ensenanza, puntualidad, disponibilidad, comunicacion, evaluacion, empatia, profesor_id, alumno_id, created_at, updated_at) VALUES (125, 'Recomiendo tomar clases con él, es muy profesional.', 5, 5, 5, 5, 5, 5, 5, 56, '2024-10-12 21:39:46.536', '2024-10-12 21:39:46.536') ON CONFLICT DO NOTHING;
INSERT INTO public.reviews (id, descripcion, ensenanza, puntualidad, disponibilidad, comunicacion, evaluacion, empatia, profesor_id, alumno_id, created_at, updated_at) VALUES (126, 'Gran profesor, pero a veces se pierde en sus explicaciones.', 3, 3, 4, 4, 3, 3, 1, 57, '2024-10-12 21:39:46.536', '2024-10-12 21:39:46.536') ON CONFLICT DO NOTHING;
INSERT INTO public.reviews (id, descripcion, ensenanza, puntualidad, disponibilidad, comunicacion, evaluacion, empatia, profesor_id, alumno_id, created_at, updated_at) VALUES (127, 'Me gusta su metodología de enseñanza, es efectiva.', 5, 5, 5, 5, 5, 5, 2, 58, '2024-10-12 21:39:46.536', '2024-10-12 21:39:46.536') ON CONFLICT DO NOTHING;
INSERT INTO public.reviews (id, descripcion, ensenanza, puntualidad, disponibilidad, comunicacion, evaluacion, empatia, profesor_id, alumno_id, created_at, updated_at) VALUES (128, 'Es un buen profesor, pero sus clases pueden ser lentas.', 3, 3, 3, 3, 3, 3, 3, 59, '2024-10-12 21:39:46.536', '2024-10-12 21:39:46.536') ON CONFLICT DO NOTHING;
INSERT INTO public.reviews (id, descripcion, ensenanza, puntualidad, disponibilidad, comunicacion, evaluacion, empatia, profesor_id, alumno_id, created_at, updated_at) VALUES (129, 'Las clases son interactivas, lo que me gusta mucho.', 4, 4, 4, 4, 4, 4, 4, 60, '2024-10-12 21:39:46.536', '2024-10-12 21:39:46.536') ON CONFLICT DO NOTHING;
INSERT INTO public.reviews (id, descripcion, ensenanza, puntualidad, disponibilidad, comunicacion, evaluacion, empatia, profesor_id, alumno_id, created_at, updated_at) VALUES (130, 'Se esfuerza por conectar con los alumnos, eso es valioso.', 5, 5, 5, 5, 5, 5, 5, 31, '2024-10-12 21:39:46.536', '2024-10-12 21:39:46.536') ON CONFLICT DO NOTHING;
INSERT INTO public.reviews (id, descripcion, ensenanza, puntualidad, disponibilidad, comunicacion, evaluacion, empatia, profesor_id, alumno_id, created_at, updated_at) VALUES (131, 'Las explicaciones son detalladas, pero un poco largas.', 3, 3, 3, 3, 3, 3, 1, 32, '2024-10-12 21:39:46.536', '2024-10-12 21:39:46.536') ON CONFLICT DO NOTHING;
INSERT INTO public.reviews (id, descripcion, ensenanza, puntualidad, disponibilidad, comunicacion, evaluacion, empatia, profesor_id, alumno_id, created_at, updated_at) VALUES (132, 'Un profesor muy apasionado por su materia.', 5, 5, 5, 5, 5, 5, 2, 33, '2024-10-12 21:39:46.536', '2024-10-12 21:39:46.536') ON CONFLICT DO NOTHING;
